ISO-10303-21;
HEADER;
FILE_DESCRIPTION(('CATIA V5 STEP Exchange'),'2;1');

FILE_NAME('C:\\Cartelle MPL\\Desktop\\Frutto.stp','2025-09-16T08:59:59+00:00',('none'),('none'),'CATIA Version 5-6 Release 2016 SP6','CATIA V5 STEP AP203','none');

FILE_SCHEMA(('CONFIG_CONTROL_DESIGN'));

ENDSEC;
DATA;
#5=PRODUCT('DR6816','','',(#2)) ;
#1=APPLICATION_CONTEXT('configuration controlled 3D design of mechanical parts and assemblies') ;
#14=PRODUCT_DEFINITION('',' ',#6,#3) ;
#16=SECURITY_CLASSIFICATION(' ',' ',#15) ;
#15=SECURITY_CLASSIFICATION_LEVEL('unclassified') ;
#46=CARTESIAN_POINT(' ',(0.,0.,0.)) ;
#51=CARTESIAN_POINT('Axis2P3D Location',(0.,0.,9.3)) ;
#56=CARTESIAN_POINT('Line Origine',(6.5,8.881784197E-016,9.3)) ;
#60=CARTESIAN_POINT('Vertex',(6.5,5.16968223017,9.3)) ;
#62=CARTESIAN_POINT('Vertex',(6.5,-5.16968223017,9.3)) ;
#65=CARTESIAN_POINT('Line Origine',(7.65,-5.16968223017,9.3)) ;
#69=CARTESIAN_POINT('Vertex',(8.8,-5.16968223017,9.3)) ;
#72=CARTESIAN_POINT('Line Origine',(8.8,0.,9.3)) ;
#76=CARTESIAN_POINT('Vertex',(8.8,5.16968223017,9.3)) ;
#79=CARTESIAN_POINT('Line Origine',(7.65,5.16968223017,9.3)) ;
#91=CARTESIAN_POINT('Axis2P3D Location',(6.5,0.,9.3)) ;
#96=CARTESIAN_POINT('Line Origine',(6.41877960318,-7.36633865017E-010,13.9531134175)) ;
#100=CARTESIAN_POINT('Vertex',(6.4187796046,10.4114988139,13.9531134167)) ;
#102=CARTESIAN_POINT('Vertex',(6.4187796046,6.08850118615,13.9531134167)) ;
#106=CARTESIAN_POINT('Control Point',(6.42948490628,10.7196315556,13.3398070135)) ;
#107=CARTESIAN_POINT('Control Point',(6.42848716043,10.7186338098,13.3969678353)) ;
#108=CARTESIAN_POINT('Control Point',(6.42749039097,10.7144354948,13.4540727193)) ;
#109=CARTESIAN_POINT('Control Point',(6.426500696,10.7070444051,13.5107723059)) ;
#110=CARTESIAN_POINT('Control Point',(6.42466768019,10.6869218723,13.6157857117)) ;
#111=CARTESIAN_POINT('Control Point',(6.42290010403,10.6528153816,13.7170500816)) ;
#112=CARTESIAN_POINT('Control Point',(6.42210708643,10.6336703353,13.7624820296)) ;
#113=CARTESIAN_POINT('Control Point',(6.42093867038,10.5983066548,13.8294205405)) ;
#114=CARTESIAN_POINT('Control Point',(6.41993942088,10.549649624,13.8866675059)) ;
#115=CARTESIAN_POINT('Control Point',(6.41962373432,10.5312414011,13.904753177)) ;
#116=CARTESIAN_POINT('Control Point',(6.41917642266,10.4979258284,13.9303796446)) ;
#117=CARTESIAN_POINT('Control Point',(6.41889648128,10.4594232529,13.9464174756)) ;
#118=CARTESIAN_POINT('Control Point',(6.41877960318,10.4435909224,13.9531134175)) ;
#119=CARTESIAN_POINT('Control Point',(6.41877960318,10.4275448681,13.9531134175)) ;
#120=CARTESIAN_POINT('Control Point',(6.41877960318,10.4114988139,13.9531134175)) ;
#121=CARTESIAN_POINT('Vertex',(6.42948490552,10.7196315556,13.3398070136)) ;
#125=CARTESIAN_POINT('Control Point',(6.45985335067,10.75,11.5999999998)) ;
#126=CARTESIAN_POINT('Control Point',(6.42948490628,10.7196315556,13.3398070135)) ;
#127=CARTESIAN_POINT('Vertex',(6.45985335018,10.75,11.6)) ;
#130=CARTESIAN_POINT('Line Origine',(6.45985335067,-7.36633865017E-010,11.5999999999)) ;
#134=CARTESIAN_POINT('Vertex',(6.45985335372,11.25,11.6)) ;
#138=CARTESIAN_POINT('Control Point',(6.45985335067,11.25,11.6)) ;
#139=CARTESIAN_POINT('Control Point',(6.5,11.3303177698,9.3)) ;
#140=CARTESIAN_POINT('Vertex',(6.5,11.3303177698,9.3)) ;
#143=CARTESIAN_POINT('Line Origine',(6.5,-7.36633865017E-010,9.3)) ;
#147=CARTESIAN_POINT('Vertex',(6.5,17.6001523048,9.3)) ;
#151=CARTESIAN_POINT('Control Point',(6.40041474004,17.5005670449,15.0052357219)) ;
#152=CARTESIAN_POINT('Control Point',(6.5,17.6001523048,9.3)) ;
#153=CARTESIAN_POINT('Vertex',(6.40041474004,17.5005670449,15.0052357219)) ;
#156=CARTESIAN_POINT('Line Origine',(6.40041474004,-7.36633865017E-010,15.0052357219)) ;
#160=CARTESIAN_POINT('Vertex',(6.40041474023,-17.5005670451,15.0052357111)) ;
#164=CARTESIAN_POINT('Control Point',(6.40041474004,-17.5005670449,15.0052357219)) ;
#165=CARTESIAN_POINT('Control Point',(6.5,-17.6001523048,9.3)) ;
#166=CARTESIAN_POINT('Vertex',(6.5,-17.6001523048,9.3)) ;
#169=CARTESIAN_POINT('Line Origine',(6.5,-7.36633865017E-010,9.3)) ;
#173=CARTESIAN_POINT('Vertex',(6.5,-11.3303177698,9.3)) ;
#177=CARTESIAN_POINT('Control Point',(6.45985335067,-11.25,11.6)) ;
#178=CARTESIAN_POINT('Control Point',(6.5,-11.3303177698,9.3)) ;
#179=CARTESIAN_POINT('Vertex',(6.45985335372,-11.25,11.6)) ;
#182=CARTESIAN_POINT('Line Origine',(6.45985335067,-7.36633865017E-010,11.5999999999)) ;
#186=CARTESIAN_POINT('Vertex',(6.45985334832,-10.75,11.6)) ;
#190=CARTESIAN_POINT('Control Point',(6.45985335067,-10.7499999991,11.5999999996)) ;
#191=CARTESIAN_POINT('Control Point',(6.42948490625,-10.7196315546,13.3398070154)) ;
#192=CARTESIAN_POINT('Vertex',(6.42948490433,-10.7196315546,13.3398070156)) ;
#196=CARTESIAN_POINT('Control Point',(6.42948490625,-10.7196315546,13.3398070154)) ;
#197=CARTESIAN_POINT('Control Point',(6.4284871604,-10.7186338088,13.3969678366)) ;
#198=CARTESIAN_POINT('Control Point',(6.42749039095,-10.7144354939,13.4540727201)) ;
#199=CARTESIAN_POINT('Control Point',(6.42650069595,-10.7070444037,13.5107723089)) ;
#200=CARTESIAN_POINT('Control Point',(6.42466768015,-10.6869218708,13.615785714)) ;
#201=CARTESIAN_POINT('Control Point',(6.42290010401,-10.65281538,13.7170500832)) ;
#202=CARTESIAN_POINT('Control Point',(6.42210708641,-10.6336703336,13.7624820311)) ;
#203=CARTESIAN_POINT('Control Point',(6.42093867036,-10.598306653,13.8294205418)) ;
#204=CARTESIAN_POINT('Control Point',(6.41993942086,-10.5496496222,13.8866675069)) ;
#205=CARTESIAN_POINT('Control Point',(6.4196237343,-10.5312413992,13.9047531778)) ;
#206=CARTESIAN_POINT('Control Point',(6.41917642265,-10.4979258265,13.9303796452)) ;
#207=CARTESIAN_POINT('Control Point',(6.41889648127,-10.4594232511,13.9464174759)) ;
#208=CARTESIAN_POINT('Control Point',(6.41877960318,-10.4435909203,13.9531134176)) ;
#209=CARTESIAN_POINT('Control Point',(6.41877960318,-10.4275448661,13.9531134176)) ;
#210=CARTESIAN_POINT('Control Point',(6.41877960318,-10.411498812,13.9531134176)) ;
#211=CARTESIAN_POINT('Vertex',(6.41877960413,-10.4114988129,13.9531134176)) ;
#215=CARTESIAN_POINT('Control Point',(6.41877960318,-10.411498812,13.9531134176)) ;
#216=CARTESIAN_POINT('Control Point',(6.41877960317,-6.08850118534,13.9531134178)) ;
#217=CARTESIAN_POINT('Vertex',(6.41877960402,-6.08850118616,13.9531134177)) ;
#221=CARTESIAN_POINT('Control Point',(6.42948490628,-5.78036844414,13.3398070135)) ;
#222=CARTESIAN_POINT('Control Point',(6.42848716045,-5.78136618997,13.3969678342)) ;
#223=CARTESIAN_POINT('Control Point',(6.42749039101,-5.78556450481,13.4540727171)) ;
#224=CARTESIAN_POINT('Control Point',(6.42650069596,-5.79295559529,13.5107723081)) ;
#225=CARTESIAN_POINT('Control Point',(6.42466768017,-5.81307812804,13.6157857128)) ;
#226=CARTESIAN_POINT('Control Point',(6.42290010403,-5.84718461844,13.7170500816)) ;
#227=CARTESIAN_POINT('Control Point',(6.42210708643,-5.86632966475,13.7624820297)) ;
#228=CARTESIAN_POINT('Control Point',(6.42093867038,-5.90169334525,13.8294205405)) ;
#229=CARTESIAN_POINT('Control Point',(6.41993942088,-5.95035037598,13.8866675059)) ;
#230=CARTESIAN_POINT('Control Point',(6.41962373432,-5.96875859891,13.904753177)) ;
#231=CARTESIAN_POINT('Control Point',(6.41917642266,-6.00207417157,13.9303796446)) ;
#232=CARTESIAN_POINT('Control Point',(6.41889648128,-6.04057674701,13.9464174756)) ;
#233=CARTESIAN_POINT('Control Point',(6.41877960317,-6.05640907695,13.9531134178)) ;
#234=CARTESIAN_POINT('Control Point',(6.41877960317,-6.07245513115,13.9531134178)) ;
#235=CARTESIAN_POINT('Control Point',(6.41877960317,-6.08850118534,13.9531134178)) ;
#236=CARTESIAN_POINT('Vertex',(6.42948490552,-5.78036844438,13.3398070136)) ;
#240=CARTESIAN_POINT('Control Point',(6.45985335067,-5.7499999996,11.5999999999)) ;
#241=CARTESIAN_POINT('Control Point',(6.42948490628,-5.78036844414,13.3398070135)) ;
#242=CARTESIAN_POINT('Vertex',(6.45985335018,-5.75,11.6)) ;
#245=CARTESIAN_POINT('Line Origine',(6.45985335067,-7.36633865017E-010,11.5999999999)) ;
#249=CARTESIAN_POINT('Vertex',(6.45985335372,-5.25,11.6)) ;
#253=CARTESIAN_POINT('Control Point',(6.45985335067,-5.25,11.6)) ;
#254=CARTESIAN_POINT('Control Point',(6.5,-5.16968223017,9.3)) ;
#257=CARTESIAN_POINT('Control Point',(6.45985335067,5.25,11.6)) ;
#258=CARTESIAN_POINT('Control Point',(6.5,5.16968223017,9.3)) ;
#259=CARTESIAN_POINT('Vertex',(6.45985335372,5.25,11.6)) ;
#262=CARTESIAN_POINT('Line Origine',(6.45985335067,-7.36633865017E-010,11.5999999999)) ;
#266=CARTESIAN_POINT('Vertex',(6.4598533513,5.75,11.6)) ;
#270=CARTESIAN_POINT('Control Point',(6.45985335067,5.75,11.5999999998)) ;
#271=CARTESIAN_POINT('Control Point',(6.42948490632,5.78036844435,13.3398070114)) ;
#272=CARTESIAN_POINT('Vertex',(6.42948490671,5.78036844435,13.3398070115)) ;
#276=CARTESIAN_POINT('Control Point',(6.42948490632,5.78036844435,13.3398070114)) ;
#277=CARTESIAN_POINT('Control Point',(6.42848716045,5.78136619022,13.3969678339)) ;
#278=CARTESIAN_POINT('Control Point',(6.42749039098,5.78556450528,13.4540727186)) ;
#279=CARTESIAN_POINT('Control Point',(6.42650069606,5.79295559431,13.5107723027)) ;
#280=CARTESIAN_POINT('Control Point',(6.42466768023,5.813078127,13.6157857093)) ;
#281=CARTESIAN_POINT('Control Point',(6.42290010406,5.84718461778,13.7170500799)) ;
#282=CARTESIAN_POINT('Control Point',(6.42210708646,5.86632966402,13.7624820281)) ;
#283=CARTESIAN_POINT('Control Point',(6.4209386704,5.9016933444,13.8294205392)) ;
#284=CARTESIAN_POINT('Control Point',(6.4199394209,5.950350375,13.8866675049)) ;
#285=CARTESIAN_POINT('Control Point',(6.41962373433,5.96875859789,13.9047531761)) ;
#286=CARTESIAN_POINT('Control Point',(6.41917642267,6.00207417071,13.9303796441)) ;
#287=CARTESIAN_POINT('Control Point',(6.41889648128,6.04057674643,13.9464174754)) ;
#288=CARTESIAN_POINT('Control Point',(6.41877960318,6.05640907713,13.9531134175)) ;
#289=CARTESIAN_POINT('Control Point',(6.41877960318,6.07245513164,13.9531134175)) ;
#290=CARTESIAN_POINT('Control Point',(6.41877960318,6.08850118615,13.9531134175)) ;
#319=CARTESIAN_POINT('Axis2P3D Location',(-10.0096945763,-5.25,11.6)) ;
#325=CARTESIAN_POINT('Control Point',(7.97369553905,-5.08936446034,7.)) ;
#326=CARTESIAN_POINT('Control Point',(8.28444160624,-5.08936446034,7.)) ;
#327=CARTESIAN_POINT('Control Point',(8.59898264628,-5.09508787551,7.16389716665)) ;
#328=CARTESIAN_POINT('Control Point',(8.7681537316,-5.10597028313,7.47552854748)) ;
#329=CARTESIAN_POINT('Control Point',(8.77357369556,-5.11681351476,7.78603807485)) ;
#330=CARTESIAN_POINT('Vertex',(8.77357369518,-5.11681351476,7.78603807485)) ;
#332=CARTESIAN_POINT('Vertex',(7.97369553905,-5.08936446051,7.)) ;
#336=CARTESIAN_POINT('Control Point',(8.8,-5.16968223017,9.3)) ;
#337=CARTESIAN_POINT('Control Point',(8.77357369556,-5.11681351476,7.78603807485)) ;
#340=CARTESIAN_POINT('Control Point',(6.4,-5.16968223017,9.3)) ;
#341=CARTESIAN_POINT('Control Point',(6.45985335372,-5.25,11.6)) ;
#342=CARTESIAN_POINT('Vertex',(6.4,-5.16968223033,9.3)) ;
#346=CARTESIAN_POINT('Control Point',(6.4,-5.16968223017,9.3)) ;
#347=CARTESIAN_POINT('Control Point',(6.35985335056,-5.08936446034,7.)) ;
#348=CARTESIAN_POINT('Vertex',(6.35985335056,-5.08936446039,7.)) ;
#351=CARTESIAN_POINT('Line Origine',(-8.20484728878,-5.08936446034,7.)) ;
#355=CARTESIAN_POINT('Vertex',(6.39999999944,-5.08936446039,7.)) ;
#358=CARTESIAN_POINT('Line Origine',(-8.20484728878,-5.08936446034,7.)) ;
#374=CARTESIAN_POINT('Axis2P3D Location',(8.79999999888,0.,9.3)) ;
#380=CARTESIAN_POINT('Control Point',(8.79999999888,5.16968223017,9.3)) ;
#381=CARTESIAN_POINT('Control Point',(8.77357369518,5.11681351492,7.78603807485)) ;
#382=CARTESIAN_POINT('Vertex',(8.77357369518,5.11681351492,7.78603807485)) ;
#385=CARTESIAN_POINT('Line Origine',(8.77357369518,0.,7.78603807485)) ;
#397=CARTESIAN_POINT('Axis2P3D Location',(-10.0096945763,5.25,11.6)) ;
#402=CARTESIAN_POINT('Line Origine',(-8.20484728878,5.08936446034,7.)) ;
#406=CARTESIAN_POINT('Vertex',(6.39999999944,5.08936446053,7.)) ;
#408=CARTESIAN_POINT('Vertex',(7.97369553905,5.08936446051,7.)) ;
#411=CARTESIAN_POINT('Line Origine',(-8.20484728878,5.08936446034,7.)) ;
#415=CARTESIAN_POINT('Vertex',(6.35985335056,5.08936446053,7.)) ;
#419=CARTESIAN_POINT('Control Point',(6.4,5.16968223017,9.3)) ;
#420=CARTESIAN_POINT('Control Point',(6.35985335062,5.08936446034,7.)) ;
#421=CARTESIAN_POINT('Vertex',(6.4,5.16968222987,9.3)) ;
#425=CARTESIAN_POINT('Control Point',(6.4,5.16968223017,9.3)) ;
#426=CARTESIAN_POINT('Control Point',(6.45985335372,5.25,11.6)) ;
#429=CARTESIAN_POINT('Control Point',(7.97369553905,5.08936446034,7.)) ;
#430=CARTESIAN_POINT('Control Point',(8.28444160624,5.08936446034,7.)) ;
#431=CARTESIAN_POINT('Control Point',(8.59898264628,5.09508787552,7.16389716666)) ;
#432=CARTESIAN_POINT('Control Point',(8.7681537316,5.10597028313,7.47552854748)) ;
#433=CARTESIAN_POINT('Control Point',(8.77357369556,5.11681351476,7.78603807485)) ;
#446=CARTESIAN_POINT('Axis2P3D Location',(6.68516517901,6.07259275606,12.8917200675)) ;
#451=CARTESIAN_POINT('Line Origine',(6.68516517901,5.77263844751,12.8969557894)) ;
#455=CARTESIAN_POINT('Vertex',(6.88340050275,5.76664518721,12.5536021368)) ;
#458=CARTESIAN_POINT('Axis2P3D Location',(6.88340050275,6.06659949576,12.5483664149)) ;
#462=CARTESIAN_POINT('Vertex',(7.14320812388,6.06659949576,12.6983664149)) ;
#465=CARTESIAN_POINT('Line Origine',(6.94497280015,6.07259275606,13.0417200675)) ;
#477=CARTESIAN_POINT('Axis2P3D Location',(-7.2,5.75,11.6)) ;
#483=CARTESIAN_POINT('Control Point',(6.88340050275,5.76664518721,12.5536021368)) ;
#484=CARTESIAN_POINT('Control Point',(6.90004568996,5.75,11.6)) ;
#485=CARTESIAN_POINT('Vertex',(6.90004569071,5.75,11.6)) ;
#488=CARTESIAN_POINT('Line Origine',(-1.67640479276E-009,5.75,11.6)) ;
#492=CARTESIAN_POINT('Vertex',(6.5,5.75,11.6)) ;
#495=CARTESIAN_POINT('Line Origine',(-1.67640479276E-009,5.75,11.6)) ;
#508=CARTESIAN_POINT('Axis2P3D Location',(6.45985335372,0.,11.6)) ;
#513=CARTESIAN_POINT('Line Origine',(6.4,5.20984111493,9.3)) ;
#517=CARTESIAN_POINT('Vertex',(6.4,5.25,9.3)) ;
#520=CARTESIAN_POINT('Line Origine',(6.4,8.2901588846,9.3)) ;
#524=CARTESIAN_POINT('Vertex',(6.4,11.3303177692,9.3)) ;
#527=CARTESIAN_POINT('Line Origine',(6.42992667686,11.2901588849,10.45)) ;
#532=CARTESIAN_POINT('Line Origine',(6.45985335372,8.25,11.6)) ;
#547=CARTESIAN_POINT('Line Origine',(6.45985335372,-8.25,11.6)) ;
#552=CARTESIAN_POINT('Line Origine',(6.42992667686,-11.2901588849,10.45)) ;
#556=CARTESIAN_POINT('Vertex',(6.4,-11.3303177692,9.30000000001)) ;
#559=CARTESIAN_POINT('Line Origine',(6.4,-8.2901588846,9.30000000001)) ;
#563=CARTESIAN_POINT('Vertex',(6.4,-5.25,9.3)) ;
#566=CARTESIAN_POINT('Line Origine',(6.4,-5.20984111493,9.3)) ;
#581=CARTESIAN_POINT('Axis2P3D Location',(-7.2,-5.75,11.6)) ;
#586=CARTESIAN_POINT('Line Origine',(-1.67640479276E-009,-5.75,11.6)) ;
#590=CARTESIAN_POINT('Vertex',(6.5,-5.75,11.6)) ;
#592=CARTESIAN_POINT('Vertex',(6.90004569071,-5.75,11.6)) ;
#595=CARTESIAN_POINT('Line Origine',(-1.67640479276E-009,-5.75,11.6)) ;
#601=CARTESIAN_POINT('Control Point',(6.88340050275,-5.76664518721,12.5536021368)) ;
#602=CARTESIAN_POINT('Control Point',(6.42948490552,-5.78036844438,13.3398070136)) ;
#603=CARTESIAN_POINT('Vertex',(6.88340050275,-5.76664518721,12.5536021368)) ;
#607=CARTESIAN_POINT('Control Point',(6.88340050275,-5.76664518721,12.5536021368)) ;
#608=CARTESIAN_POINT('Control Point',(6.90004568996,-5.75,11.6)) ;
#618=CARTESIAN_POINT('Axis2P3D Location',(6.68516517875,-6.07259275607,12.8917200679)) ;
#623=CARTESIAN_POINT('Line Origine',(6.94497279988,-6.07259275607,13.0417200679)) ;
#627=CARTESIAN_POINT('Vertex',(7.14320812388,-6.06659949576,12.6983664149)) ;
#630=CARTESIAN_POINT('Axis2P3D Location',(6.88340050275,-6.06659949576,12.5483664149)) ;
#642=CARTESIAN_POINT('Axis2P3D Location',(6.5,0.,13.8124355653)) ;
#647=CARTESIAN_POINT('Line Origine',(6.78099386401,-10.4224496581,13.3257399162)) ;
#651=CARTESIAN_POINT('Vertex',(7.14320812388,-10.4334005033,12.6983664149)) ;
#654=CARTESIAN_POINT('Line Origine',(7.14320812388,-8.24999999953,12.6983664149)) ;
#666=CARTESIAN_POINT('Axis2P3D Location',(6.68516517884,-10.427407243,12.8917200678)) ;
#671=CARTESIAN_POINT('Line Origine',(6.68516517884,-10.7273615516,12.8969557897)) ;
#675=CARTESIAN_POINT('Vertex',(6.88340050275,-10.7333548119,12.5536021368)) ;
#678=CARTESIAN_POINT('Axis2P3D Location',(6.88340050275,-10.4334005033,12.5483664149)) ;
#690=CARTESIAN_POINT('Axis2P3D Location',(-7.2,-10.7499999991,11.6)) ;
#696=CARTESIAN_POINT('Control Point',(6.88340050275,-10.7333548119,12.5536021368)) ;
#697=CARTESIAN_POINT('Control Point',(6.90004568996,-10.7499999991,11.6)) ;
#698=CARTESIAN_POINT('Vertex',(6.90004569071,-10.75,11.6)) ;
#701=CARTESIAN_POINT('Line Origine',(-1.67640479276E-009,-10.7499999991,11.6)) ;
#705=CARTESIAN_POINT('Vertex',(6.5,-10.75,11.6)) ;
#708=CARTESIAN_POINT('Line Origine',(-1.67640479276E-009,-10.7499999991,11.6)) ;
#721=CARTESIAN_POINT('Axis2P3D Location',(-10.0096945763,-11.25,11.6)) ;
#726=CARTESIAN_POINT('Line Origine',(-8.20484728878,-11.4106355397,7.)) ;
#730=CARTESIAN_POINT('Vertex',(7.97369553905,-11.4106355389,7.)) ;
#732=CARTESIAN_POINT('Vertex',(6.39999999944,-11.4106355384,7.)) ;
#735=CARTESIAN_POINT('Line Origine',(-8.20484728878,-11.4106355397,7.)) ;
#739=CARTESIAN_POINT('Vertex',(6.35985335056,-11.4106355384,7.)) ;
#743=CARTESIAN_POINT('Control Point',(6.4,-11.3303177698,9.3)) ;
#744=CARTESIAN_POINT('Control Point',(6.35985335056,-11.4106355397,7.)) ;
#746=CARTESIAN_POINT('Line Origine',(-8.20484728878,-11.3303177698,9.3)) ;
#750=CARTESIAN_POINT('Vertex',(8.8,-11.3303177698,9.3)) ;
#754=CARTESIAN_POINT('Control Point',(8.8,-11.3303177698,9.3)) ;
#755=CARTESIAN_POINT('Control Point',(8.77357369556,-11.3831864852,7.78603807485)) ;
#756=CARTESIAN_POINT('Vertex',(8.77357369518,-11.3831864844,7.78603807485)) ;
#760=CARTESIAN_POINT('Control Point',(7.97369553905,-11.4106355397,7.)) ;
#761=CARTESIAN_POINT('Control Point',(8.28444160623,-11.4106355397,7.)) ;
#762=CARTESIAN_POINT('Control Point',(8.59898264627,-11.4049121245,7.16389716664)) ;
#763=CARTESIAN_POINT('Control Point',(8.7681537316,-11.3940297169,7.47552854748)) ;
#764=CARTESIAN_POINT('Control Point',(8.77357369556,-11.3831864852,7.78603807485)) ;
#778=CARTESIAN_POINT('Control Point',(-5.50015230484,-18.6,9.3)) ;
#779=CARTESIAN_POINT('Control Point',(-5.5947827811,-18.6,9.3)) ;
#780=CARTESIAN_POINT('Control Point',(-5.68941286172,-18.5888080448,9.3)) ;
#781=CARTESIAN_POINT('Control Point',(-5.78228236601,-18.5664199439,9.3)) ;
#782=CARTESIAN_POINT('Control Point',(-5.96103848057,-18.5000700373,9.3)) ;
#783=CARTESIAN_POINT('Control Point',(-6.1193646217,-18.3938191605,9.3)) ;
#784=CARTESIAN_POINT('Control Point',(-6.19187892659,-18.3314855882,9.3)) ;
#785=CARTESIAN_POINT('Control Point',(-6.32075932049,-18.1908358223,9.3)) ;
#786=CARTESIAN_POINT('Control Point',(-6.41321842414,-18.0239728638,9.3)) ;
#787=CARTESIAN_POINT('Control Point',(-6.4493090411,-17.9354199421,9.3)) ;
#788=CARTESIAN_POINT('Control Point',(-6.48257791496,-17.8142857035,9.3)) ;
#789=CARTESIAN_POINT('Control Point',(-6.49661344304,-17.6902417121,9.3)) ;
#790=CARTESIAN_POINT('Control Point',(-6.49887328532,-17.6602025422,9.3)) ;
#791=CARTESIAN_POINT('Control Point',(-6.5,-17.6301774434,9.3)) ;
#792=CARTESIAN_POINT('Control Point',(-6.5,-17.6001523048,9.3)) ;
#793=CARTESIAN_POINT('Vertex',(-6.5,-17.6001523048,9.3)) ;
#795=CARTESIAN_POINT('Vertex',(-5.50015230484,-18.6,9.3)) ;
#798=CARTESIAN_POINT('Line Origine',(-6.5,-14.4652350373,9.3)) ;
#802=CARTESIAN_POINT('Vertex',(-6.5,-11.3303177698,9.3)) ;
#805=CARTESIAN_POINT('Line Origine',(-7.65,-11.3303177698,9.3)) ;
#809=CARTESIAN_POINT('Vertex',(-8.8,-11.3303177698,9.3)) ;
#812=CARTESIAN_POINT('Line Origine',(-8.8,-15.2652198069,9.3)) ;
#816=CARTESIAN_POINT('Vertex',(-8.8,-19.2001218439,9.3)) ;
#820=CARTESIAN_POINT('Control Point',(-8.8,-19.2001218439,9.3)) ;
#821=CARTESIAN_POINT('Control Point',(-8.8,-19.2758262244,9.3)) ;
#822=CARTESIAN_POINT('Control Point',(-8.79104643589,-19.3515302094,9.3)) ;
#823=CARTESIAN_POINT('Control Point',(-8.7731359898,-19.4258258231,9.3)) ;
#824=CARTESIAN_POINT('Control Point',(-8.72005599177,-19.5688308571,9.3)) ;
#825=CARTESIAN_POINT('Control Point',(-8.63505536128,-19.6954916299,9.3)) ;
#826=CARTESIAN_POINT('Control Point',(-8.58518853674,-19.7535030923,9.3)) ;
#827=CARTESIAN_POINT('Control Point',(-8.47266859269,-19.856607503,9.3)) ;
#828=CARTESIAN_POINT('Control Point',(-8.33917835114,-19.9305746948,9.3)) ;
#829=CARTESIAN_POINT('Control Point',(-8.26833603467,-19.9594472201,9.3)) ;
#830=CARTESIAN_POINT('Control Point',(-8.17142853872,-19.9860623355,9.3)) ;
#831=CARTESIAN_POINT('Control Point',(-8.07219337645,-19.9972907532,9.3)) ;
#832=CARTESIAN_POINT('Control Point',(-8.04816202468,-19.9990986282,9.3)) ;
#833=CARTESIAN_POINT('Control Point',(-8.02414195363,-20.,9.3)) ;
#834=CARTESIAN_POINT('Control Point',(-8.00012184276,-20.,9.3)) ;
#835=CARTESIAN_POINT('Vertex',(-8.00012184276,-20.,9.3)) ;
#838=CARTESIAN_POINT('Line Origine',(-7.1054273576E-015,-20.,9.3)) ;
#842=CARTESIAN_POINT('Vertex',(8.00012184276,-20.,9.3)) ;
#846=CARTESIAN_POINT('Control Point',(8.8,-19.2001218439,9.3)) ;
#847=CARTESIAN_POINT('Control Point',(8.8,-19.2758262244,9.3)) ;
#848=CARTESIAN_POINT('Control Point',(8.79104643589,-19.3515302094,9.3)) ;
#849=CARTESIAN_POINT('Control Point',(8.7731359898,-19.4258258231,9.3)) ;
#850=CARTESIAN_POINT('Control Point',(8.72005599177,-19.5688308571,9.3)) ;
#851=CARTESIAN_POINT('Control Point',(8.63505536128,-19.6954916299,9.3)) ;
#852=CARTESIAN_POINT('Control Point',(8.58518853676,-19.7535030922,9.3)) ;
#853=CARTESIAN_POINT('Control Point',(8.47266859271,-19.856607503,9.3)) ;
#854=CARTESIAN_POINT('Control Point',(8.33917835116,-19.9305746947,9.3)) ;
#855=CARTESIAN_POINT('Control Point',(8.26833603469,-19.9594472201,9.3)) ;
#856=CARTESIAN_POINT('Control Point',(8.17142853873,-19.9860623355,9.3)) ;
#857=CARTESIAN_POINT('Control Point',(8.07219337645,-19.9972907532,9.3)) ;
#858=CARTESIAN_POINT('Control Point',(8.04816202469,-19.9990986282,9.3)) ;
#859=CARTESIAN_POINT('Control Point',(8.02414195364,-20.,9.3)) ;
#860=CARTESIAN_POINT('Control Point',(8.00012184276,-20.,9.3)) ;
#861=CARTESIAN_POINT('Vertex',(8.8,-19.2001218439,9.3)) ;
#864=CARTESIAN_POINT('Line Origine',(8.8,-15.2652198069,9.3)) ;
#870=CARTESIAN_POINT('Control Point',(5.50015230484,-18.6,9.3)) ;
#871=CARTESIAN_POINT('Control Point',(5.5947827811,-18.6,9.3)) ;
#872=CARTESIAN_POINT('Control Point',(5.68941286171,-18.5888080448,9.3)) ;
#873=CARTESIAN_POINT('Control Point',(5.78228236601,-18.5664199439,9.3)) ;
#874=CARTESIAN_POINT('Control Point',(5.96103848057,-18.5000700373,9.3)) ;
#875=CARTESIAN_POINT('Control Point',(6.1193646217,-18.3938191605,9.3)) ;
#876=CARTESIAN_POINT('Control Point',(6.19187892658,-18.3314855882,9.3)) ;
#877=CARTESIAN_POINT('Control Point',(6.32075932049,-18.1908358223,9.3)) ;
#878=CARTESIAN_POINT('Control Point',(6.41321842414,-18.0239728638,9.3)) ;
#879=CARTESIAN_POINT('Control Point',(6.4493090411,-17.9354199421,9.3)) ;
#880=CARTESIAN_POINT('Control Point',(6.48257791496,-17.8142857035,9.3)) ;
#881=CARTESIAN_POINT('Control Point',(6.49661344304,-17.6902417121,9.3)) ;
#882=CARTESIAN_POINT('Control Point',(6.49887328532,-17.6602025422,9.3)) ;
#883=CARTESIAN_POINT('Control Point',(6.5,-17.6301774434,9.3)) ;
#884=CARTESIAN_POINT('Control Point',(6.5,-17.6001523048,9.3)) ;
#885=CARTESIAN_POINT('Vertex',(5.50015230484,-18.6,9.3)) ;
#888=CARTESIAN_POINT('Line Origine',(8.881784197E-016,-18.6,9.3)) ;
#908=CARTESIAN_POINT('Axis2P3D Location',(5.44778711006,-17.5477871101,12.2825475936)) ;
#913=CARTESIAN_POINT('Line Origine',(5.44778711006,-18.5476348052,12.3)) ;
#917=CARTESIAN_POINT('Vertex',(5.40056704489,-18.50041474,15.0052357219)) ;
#921=CARTESIAN_POINT('Control Point',(5.40056704489,-18.50041474,15.0052357219)) ;
#922=CARTESIAN_POINT('Control Point',(5.79320730646,-18.5003788698,15.0072907259)) ;
#923=CARTESIAN_POINT('Control Point',(6.19084815858,-18.2908878937,15.0082755534)) ;
#924=CARTESIAN_POINT('Control Point',(6.40037887472,-17.8931519042,15.0072904447)) ;
#925=CARTESIAN_POINT('Control Point',(6.40041474023,-17.5005670451,15.0052357111)) ;
#934=CARTESIAN_POINT('Axis2P3D Location',(6.1004604315,-1.66367592653,15.)) ;
#939=CARTESIAN_POINT('Axis2P3D Location',(6.1004604315,-17.5005670449,15.)) ;
#943=CARTESIAN_POINT('Vertex',(6.10046043557,-17.500567661,15.3)) ;
#946=CARTESIAN_POINT('Axis2P3D Location',(6.1004604315,17.5005670449,15.)) ;
#950=CARTESIAN_POINT('Vertex',(6.1004604315,17.5005670449,15.3)) ;
#953=CARTESIAN_POINT('Line Origine',(6.1004604315,-1.66367592653,15.3)) ;
#965=CARTESIAN_POINT('Axis2P3D Location',(5.44778711006,17.5477871101,12.2825475936)) ;
#971=CARTESIAN_POINT('Control Point',(6.5,17.6001523048,9.3)) ;
#972=CARTESIAN_POINT('Control Point',(6.5,17.9927761077,9.3)) ;
#973=CARTESIAN_POINT('Control Point',(6.29061550197,18.3904520365,9.30000001687)) ;
#974=CARTESIAN_POINT('Control Point',(5.89277610771,18.6,9.3)) ;
#975=CARTESIAN_POINT('Control Point',(5.50015230484,18.6,9.3)) ;
#976=CARTESIAN_POINT('Vertex',(5.50015230484,18.6,9.3)) ;
#979=CARTESIAN_POINT('Line Origine',(5.44778711006,18.5476348052,12.3)) ;
#983=CARTESIAN_POINT('Vertex',(5.40056704508,18.5004147402,15.0052357111)) ;
#987=CARTESIAN_POINT('Control Point',(6.40041474004,17.5005670449,15.0052357219)) ;
#988=CARTESIAN_POINT('Control Point',(6.40037886982,17.8932073065,15.0072907259)) ;
#989=CARTESIAN_POINT('Control Point',(6.19088789371,18.2908481586,15.0082755534)) ;
#990=CARTESIAN_POINT('Control Point',(5.79315190421,18.5003788747,15.0072904447)) ;
#991=CARTESIAN_POINT('Control Point',(5.40056704508,18.5004147402,15.0052357111)) ;
#1001=CARTESIAN_POINT('Control Point',(-5.50015230484,18.6,9.3)) ;
#1002=CARTESIAN_POINT('Control Point',(-5.5947827811,18.6,9.3)) ;
#1003=CARTESIAN_POINT('Control Point',(-5.68941286172,18.5888080448,9.3)) ;
#1004=CARTESIAN_POINT('Control Point',(-5.78228236601,18.5664199439,9.3)) ;
#1005=CARTESIAN_POINT('Control Point',(-5.96103848057,18.5000700373,9.3)) ;
#1006=CARTESIAN_POINT('Control Point',(-6.1193646217,18.3938191605,9.3)) ;
#1007=CARTESIAN_POINT('Control Point',(-6.19187892658,18.3314855882,9.3)) ;
#1008=CARTESIAN_POINT('Control Point',(-6.32075932049,18.1908358223,9.3)) ;
#1009=CARTESIAN_POINT('Control Point',(-6.41321842414,18.0239728638,9.3)) ;
#1010=CARTESIAN_POINT('Control Point',(-6.4493090411,17.9354199421,9.3)) ;
#1011=CARTESIAN_POINT('Control Point',(-6.48257791496,17.8142857035,9.3)) ;
#1012=CARTESIAN_POINT('Control Point',(-6.49661344304,17.6902417121,9.3)) ;
#1013=CARTESIAN_POINT('Control Point',(-6.49887328532,17.6602025422,9.3)) ;
#1014=CARTESIAN_POINT('Control Point',(-6.5,17.6301774434,9.3)) ;
#1015=CARTESIAN_POINT('Control Point',(-6.5,17.6001523048,9.3)) ;
#1016=CARTESIAN_POINT('Vertex',(-5.50015230484,18.6,9.3)) ;
#1018=CARTESIAN_POINT('Vertex',(-6.5,17.6001523048,9.3)) ;
#1021=CARTESIAN_POINT('Line Origine',(-8.881784197E-016,18.6,9.3)) ;
#1026=CARTESIAN_POINT('Line Origine',(7.65,11.3303177698,9.3)) ;
#1030=CARTESIAN_POINT('Vertex',(8.8,11.3303177698,9.3)) ;
#1033=CARTESIAN_POINT('Line Origine',(8.8,15.2652198069,9.3)) ;
#1037=CARTESIAN_POINT('Vertex',(8.8,19.2001218439,9.3)) ;
#1041=CARTESIAN_POINT('Control Point',(8.8,19.2001218439,9.3)) ;
#1042=CARTESIAN_POINT('Control Point',(8.8,19.2758262244,9.3)) ;
#1043=CARTESIAN_POINT('Control Point',(8.79104643589,19.3515302094,9.3)) ;
#1044=CARTESIAN_POINT('Control Point',(8.7731359898,19.4258258231,9.3)) ;
#1045=CARTESIAN_POINT('Control Point',(8.72005599177,19.5688308571,9.3)) ;
#1046=CARTESIAN_POINT('Control Point',(8.63505536129,19.6954916299,9.3)) ;
#1047=CARTESIAN_POINT('Control Point',(8.58518853675,19.7535030922,9.3)) ;
#1048=CARTESIAN_POINT('Control Point',(8.4726685927,19.856607503,9.3)) ;
#1049=CARTESIAN_POINT('Control Point',(8.33917835116,19.9305746947,9.3)) ;
#1050=CARTESIAN_POINT('Control Point',(8.26833603469,19.95944722,9.3)) ;
#1051=CARTESIAN_POINT('Control Point',(8.17142853874,19.9860623355,9.3)) ;
#1052=CARTESIAN_POINT('Control Point',(8.07219337645,19.9972907532,9.3)) ;
#1053=CARTESIAN_POINT('Control Point',(8.04816202469,19.9990986282,9.3)) ;
#1054=CARTESIAN_POINT('Control Point',(8.02414195364,20.,9.3)) ;
#1055=CARTESIAN_POINT('Control Point',(8.00012184276,20.,9.3)) ;
#1056=CARTESIAN_POINT('Vertex',(8.00012184276,20.,9.3)) ;
#1059=CARTESIAN_POINT('Line Origine',(-7.1054273576E-015,20.,9.3)) ;
#1063=CARTESIAN_POINT('Vertex',(-8.00012184276,20.,9.3)) ;
#1067=CARTESIAN_POINT('Control Point',(-8.00012184276,20.,9.3)) ;
#1068=CARTESIAN_POINT('Control Point',(-8.07582622574,20.,9.3)) ;
#1069=CARTESIAN_POINT('Control Point',(-8.1515302131,19.9910464353,9.3)) ;
#1070=CARTESIAN_POINT('Control Point',(-8.22582581738,19.9731359926,9.3)) ;
#1071=CARTESIAN_POINT('Control Point',(-8.368830854,19.9200559942,9.3)) ;
#1072=CARTESIAN_POINT('Control Point',(-8.49549162879,19.8350553624,9.3)) ;
#1073=CARTESIAN_POINT('Control Point',(-8.55350309114,19.7851885379,9.3)) ;
#1074=CARTESIAN_POINT('Control Point',(-8.65660750189,19.6726685938,9.3)) ;
#1075=CARTESIAN_POINT('Control Point',(-8.73057469364,19.5391783523,9.3)) ;
#1076=CARTESIAN_POINT('Control Point',(-8.75944721894,19.4683360358,9.3)) ;
#1077=CARTESIAN_POINT('Control Point',(-8.78606233438,19.3714285398,9.3)) ;
#1078=CARTESIAN_POINT('Control Point',(-8.79729075213,19.2721933775,9.3)) ;
#1079=CARTESIAN_POINT('Control Point',(-8.79909862825,19.2481620258,9.3)) ;
#1080=CARTESIAN_POINT('Control Point',(-8.8,19.2241419548,9.3)) ;
#1081=CARTESIAN_POINT('Control Point',(-8.8,19.2001218439,9.3)) ;
#1082=CARTESIAN_POINT('Vertex',(-8.8,19.2001218439,9.3)) ;
#1085=CARTESIAN_POINT('Line Origine',(-8.8,15.2652198069,9.3)) ;
#1089=CARTESIAN_POINT('Vertex',(-8.8,11.3303177698,9.3)) ;
#1092=CARTESIAN_POINT('Line Origine',(-7.65,11.3303177698,9.3)) ;
#1096=CARTESIAN_POINT('Vertex',(-6.5,11.3303177698,9.3)) ;
#1099=CARTESIAN_POINT('Line Origine',(-6.5,14.4652350373,9.3)) ;
#1119=CARTESIAN_POINT('Axis2P3D Location',(-10.0096945763,11.25,11.6)) ;
#1125=CARTESIAN_POINT('Control Point',(7.97369553905,11.4106355397,7.)) ;
#1126=CARTESIAN_POINT('Control Point',(8.28444160622,11.4106355397,7.)) ;
#1127=CARTESIAN_POINT('Control Point',(8.59898264621,11.4049121245,7.16389716654)) ;
#1128=CARTESIAN_POINT('Control Point',(8.7681537316,11.3940297169,7.4755285475)) ;
#1129=CARTESIAN_POINT('Control Point',(8.77357369556,11.3831864852,7.78603807485)) ;
#1130=CARTESIAN_POINT('Vertex',(8.77357369518,11.3831864852,7.78603807485)) ;
#1132=CARTESIAN_POINT('Vertex',(7.97369553905,11.4106355389,7.)) ;
#1136=CARTESIAN_POINT('Control Point',(8.8,11.3303177698,9.3)) ;
#1137=CARTESIAN_POINT('Control Point',(8.77357369556,11.3831864852,7.78603807485)) ;
#1140=CARTESIAN_POINT('Control Point',(6.4,11.3303177698,9.3)) ;
#1141=CARTESIAN_POINT('Control Point',(6.35985335062,11.4106355397,7.)) ;
#1142=CARTESIAN_POINT('Vertex',(6.35985335056,11.4106355384,7.)) ;
#1145=CARTESIAN_POINT('Line Origine',(-8.20484728878,11.4106355397,7.)) ;
#1149=CARTESIAN_POINT('Vertex',(6.39999999944,11.4106355384,7.)) ;
#1152=CARTESIAN_POINT('Line Origine',(-8.20484728878,11.4106355397,7.)) ;
#1168=CARTESIAN_POINT('Axis2P3D Location',(-7.2,10.75,11.6)) ;
#1173=CARTESIAN_POINT('Line Origine',(-1.67640479276E-009,10.75,11.6)) ;
#1177=CARTESIAN_POINT('Vertex',(6.5,10.75,11.6)) ;
#1179=CARTESIAN_POINT('Vertex',(6.90004569071,10.75,11.6)) ;
#1182=CARTESIAN_POINT('Line Origine',(-1.67640479276E-009,10.75,11.6)) ;
#1188=CARTESIAN_POINT('Control Point',(6.88340050275,10.7333548128,12.5536021368)) ;
#1189=CARTESIAN_POINT('Control Point',(6.42948490552,10.7196315556,13.3398070136)) ;
#1190=CARTESIAN_POINT('Vertex',(6.88340050275,10.7333548128,12.5536021368)) ;
#1194=CARTESIAN_POINT('Control Point',(6.88340050275,10.7333548128,12.5536021368)) ;
#1195=CARTESIAN_POINT('Control Point',(6.90004568996,10.75,11.6)) ;
#1205=CARTESIAN_POINT('Axis2P3D Location',(6.6851651791,10.4274072439,12.8917200673)) ;
#1210=CARTESIAN_POINT('Line Origine',(6.94497280024,10.4274072439,13.0417200673)) ;
#1214=CARTESIAN_POINT('Vertex',(7.14320812388,10.4334005042,12.6983664149)) ;
#1217=CARTESIAN_POINT('Axis2P3D Location',(6.88340050275,10.4334005042,12.5483664149)) ;
#1229=CARTESIAN_POINT('Line Origine',(7.14320812388,8.25,12.6983664149)) ;
#1241=CARTESIAN_POINT('Axis2P3D Location',(0.,0.,7.)) ;
#1246=CARTESIAN_POINT('Line Origine',(7.97369553905,0.,7.)) ;
#1251=CARTESIAN_POINT('Line Origine',(6.35985335054,6.90576484885E-011,7.)) ;
#1265=CARTESIAN_POINT('Axis2P3D Location',(6.39999999944,0.,9.3)) ;
#1270=CARTESIAN_POINT('Line Origine',(6.03494543613,0.,-11.6139619251)) ;
#1274=CARTESIAN_POINT('Vertex',(6.03494543613,5.74452805728,-11.6139619251)) ;
#1276=CARTESIAN_POINT('Vertex',(6.03494543613,-5.7445280597,-11.6139619251)) ;
#1280=CARTESIAN_POINT('Control Point',(6.03494543613,5.74452805728,-11.6139619251)) ;
#1281=CARTESIAN_POINT('Control Point',(6.20425956594,5.91384218709,-1.91396192515)) ;
#1282=CARTESIAN_POINT('Vertex',(6.20425956594,5.91384218709,-1.91396192515)) ;
#1285=CARTESIAN_POINT('Line Origine',(6.20425956594,0.,-1.91396192515)) ;
#1289=CARTESIAN_POINT('Vertex',(6.20425956594,17.5445280597,-1.91396192515)) ;
#1293=CARTESIAN_POINT('Control Point',(6.20425956594,17.5445280597,-1.91396192515)) ;
#1294=CARTESIAN_POINT('Control Point',(6.35985335011,17.7001218439,7.)) ;
#1295=CARTESIAN_POINT('Vertex',(6.35985335053,17.7001218432,7.)) ;
#1298=CARTESIAN_POINT('Line Origine',(6.35985335011,0.,7.)) ;
#1303=CARTESIAN_POINT('Line Origine',(6.35985335011,0.,7.)) ;
#1307=CARTESIAN_POINT('Vertex',(6.35985335011,-17.7001218439,7.)) ;
#1311=CARTESIAN_POINT('Control Point',(6.20425956594,-17.5445280597,-1.91396192515)) ;
#1312=CARTESIAN_POINT('Control Point',(6.35985335011,-17.7001218439,7.)) ;
#1313=CARTESIAN_POINT('Vertex',(6.20425956594,-17.5445280597,-1.91396192515)) ;
#1316=CARTESIAN_POINT('Line Origine',(6.20425956594,0.,-1.91396192515)) ;
#1320=CARTESIAN_POINT('Vertex',(6.20425956594,-5.91384218951,-1.91396192515)) ;
#1324=CARTESIAN_POINT('Control Point',(6.03494543613,-5.7445280597,-11.6139619251)) ;
#1325=CARTESIAN_POINT('Control Point',(6.20425956594,-5.91384218951,-1.91396192515)) ;
#1348=CARTESIAN_POINT('Axis2P3D Location',(7.97369553905,-4.4408920985E-016,7.8)) ;
#1360=CARTESIAN_POINT('Axis2P3D Location',(6.88340050275,6.06659949576,12.5483664149)) ;
#1365=CARTESIAN_POINT('Axis2P3D Location',(6.88340050275,6.06659949576,12.5483664149)) ;
#1369=CARTESIAN_POINT('Vertex',(7.1833548113,6.0665994939,12.5536021368)) ;
#1373=CARTESIAN_POINT('Control Point',(7.14320812388,6.06659949576,12.6983664149)) ;
#1374=CARTESIAN_POINT('Control Point',(7.16851416071,6.06659949576,12.6545350734)) ;
#1375=CARTESIAN_POINT('Control Point',(7.18247144163,6.06659949576,12.604210351)) ;
#1376=CARTESIAN_POINT('Control Point',(7.1833548113,6.06659949576,12.5536021368)) ;
#1384=CARTESIAN_POINT('Axis2P3D Location',(-7.2,0.,11.6)) ;
#1390=CARTESIAN_POINT('Control Point',(7.2,6.04995430855,11.6)) ;
#1391=CARTESIAN_POINT('Control Point',(7.2,6.03107662484,11.6)) ;
#1392=CARTESIAN_POINT('Control Point',(7.19851536366,6.01219911608,11.6)) ;
#1393=CARTESIAN_POINT('Control Point',(7.19550909762,5.99328452428,11.6)) ;
#1394=CARTESIAN_POINT('Control Point',(7.18661896452,5.95644154439,11.6)) ;
#1395=CARTESIAN_POINT('Control Point',(7.17207332471,5.92144387036,11.6)) ;
#1396=CARTESIAN_POINT('Control Point',(7.16333216226,5.90437003712,11.6)) ;
#1397=CARTESIAN_POINT('Control Point',(7.14342821636,5.87208430415,11.6)) ;
#1398=CARTESIAN_POINT('Control Point',(7.1187138959,5.84331480404,11.6)) ;
#1399=CARTESIAN_POINT('Control Point',(7.10510236049,5.82980106681,11.6)) ;
#1400=CARTESIAN_POINT('Control Point',(7.07615506065,5.80529490808,11.6)) ;
#1401=CARTESIAN_POINT('Control Point',(7.04372756929,5.78562505948,11.6)) ;
#1402=CARTESIAN_POINT('Control Point',(7.02659164425,5.77700738723,11.6)) ;
#1403=CARTESIAN_POINT('Control Point',(6.9918890635,5.7628769842,11.6)) ;
#1404=CARTESIAN_POINT('Control Point',(6.95542416132,5.75428726198,11.6)) ;
#1405=CARTESIAN_POINT('Control Point',(6.93694138042,5.75141780951,11.6)) ;
#1406=CARTESIAN_POINT('Control Point',(6.9184936191,5.75,11.6)) ;
#1407=CARTESIAN_POINT('Control Point',(6.90004569071,5.75,11.6)) ;
#1408=CARTESIAN_POINT('Vertex',(7.2,6.04995430855,11.6)) ;
#1412=CARTESIAN_POINT('Control Point',(6.90004569071,10.75,11.6)) ;
#1413=CARTESIAN_POINT('Control Point',(6.91892337439,10.75,11.6)) ;
#1414=CARTESIAN_POINT('Control Point',(6.93780088314,10.7485153637,11.6)) ;
#1415=CARTESIAN_POINT('Control Point',(6.95671547466,10.745509099,11.6)) ;
#1416=CARTESIAN_POINT('Control Point',(6.99355845452,10.7366189659,11.6)) ;
#1417=CARTESIAN_POINT('Control Point',(7.0285561285,10.722073326,11.6)) ;
#1418=CARTESIAN_POINT('Control Point',(7.04562996174,10.7133321636,11.6)) ;
#1419=CARTESIAN_POINT('Control Point',(7.07791569468,10.6934282176,11.6)) ;
#1420=CARTESIAN_POINT('Control Point',(7.10668519475,10.6687138971,11.6)) ;
#1421=CARTESIAN_POINT('Control Point',(7.12019893197,10.6551023617,11.6)) ;
#1422=CARTESIAN_POINT('Control Point',(7.14470509066,10.6261550618,11.6)) ;
#1423=CARTESIAN_POINT('Control Point',(7.16437493922,10.5937275704,11.6)) ;
#1424=CARTESIAN_POINT('Control Point',(7.17299261145,10.5765916454,11.6)) ;
#1425=CARTESIAN_POINT('Control Point',(7.18712301444,10.5418890646,11.6)) ;
#1426=CARTESIAN_POINT('Control Point',(7.19571273661,10.5054241624,11.6)) ;
#1427=CARTESIAN_POINT('Control Point',(7.19858219049,10.4869413812,11.6)) ;
#1428=CARTESIAN_POINT('Control Point',(7.2,10.4684936199,11.6)) ;
#1429=CARTESIAN_POINT('Control Point',(7.2,10.4500456915,11.6)) ;
#1430=CARTESIAN_POINT('Vertex',(7.2,10.4500456915,11.6)) ;
#1433=CARTESIAN_POINT('Line Origine',(7.2,8.25,11.6)) ;
#1449=CARTESIAN_POINT('Axis2P3D Location',(6.87950881622,6.07049118229,12.7713209868)) ;
#1454=CARTESIAN_POINT('Line Origine',(7.17946312477,6.07049118229,12.7765567088)) ;
#1467=CARTESIAN_POINT('Control Point',(6.90004569071,-5.75,11.6)) ;
#1468=CARTESIAN_POINT('Control Point',(6.91892337439,-5.75,11.6)) ;
#1469=CARTESIAN_POINT('Control Point',(6.93780088314,-5.75148463633,11.6)) ;
#1470=CARTESIAN_POINT('Control Point',(6.95671547464,-5.75449090097,11.6)) ;
#1471=CARTESIAN_POINT('Control Point',(6.99355845451,-5.76338103412,11.6)) ;
#1472=CARTESIAN_POINT('Control Point',(7.02855612849,-5.77792667397,11.6)) ;
#1473=CARTESIAN_POINT('Control Point',(7.04562996173,-5.78666783643,11.6)) ;
#1474=CARTESIAN_POINT('Control Point',(7.07791569467,-5.80657178238,11.6)) ;
#1475=CARTESIAN_POINT('Control Point',(7.10668519474,-5.83128610287,11.6)) ;
#1476=CARTESIAN_POINT('Control Point',(7.12019893196,-5.8448976383,11.6)) ;
#1477=CARTESIAN_POINT('Control Point',(7.14470509065,-5.87384493817,11.6)) ;
#1478=CARTESIAN_POINT('Control Point',(7.16437493921,-5.90627242956,11.6)) ;
#1479=CARTESIAN_POINT('Control Point',(7.17299261144,-5.9234083546,11.6)) ;
#1480=CARTESIAN_POINT('Control Point',(7.18712301444,-5.95811093538,11.6)) ;
#1481=CARTESIAN_POINT('Control Point',(7.19571273661,-5.9945758376,11.6)) ;
#1482=CARTESIAN_POINT('Control Point',(7.19858219049,-6.0130586188,11.6)) ;
#1483=CARTESIAN_POINT('Control Point',(7.2,-6.03150638014,11.6)) ;
#1484=CARTESIAN_POINT('Control Point',(7.2,-6.04995430855,11.6)) ;
#1485=CARTESIAN_POINT('Vertex',(7.2,-6.04995430855,11.6)) ;
#1488=CARTESIAN_POINT('Line Origine',(7.2,-8.24999999953,11.6)) ;
#1492=CARTESIAN_POINT('Vertex',(7.2,-10.4500456905,11.6)) ;
#1496=CARTESIAN_POINT('Control Point',(7.2,-10.4500456905,11.6)) ;
#1497=CARTESIAN_POINT('Control Point',(7.2,-10.4689233742,11.6)) ;
#1498=CARTESIAN_POINT('Control Point',(7.19851536366,-10.487800883,11.6)) ;
#1499=CARTESIAN_POINT('Control Point',(7.19550909761,-10.5067154748,11.6)) ;
#1500=CARTESIAN_POINT('Control Point',(7.18661896451,-10.5435584547,11.6)) ;
#1501=CARTESIAN_POINT('Control Point',(7.1720733247,-10.5785561287,11.6)) ;
#1502=CARTESIAN_POINT('Control Point',(7.16333216225,-10.595629962,11.6)) ;
#1503=CARTESIAN_POINT('Control Point',(7.14342821635,-10.6279156949,11.6)) ;
#1504=CARTESIAN_POINT('Control Point',(7.11871389589,-10.656685195,11.6)) ;
#1505=CARTESIAN_POINT('Control Point',(7.10510236048,-10.6701989323,11.6)) ;
#1506=CARTESIAN_POINT('Control Point',(7.07615506064,-10.694705091,11.6)) ;
#1507=CARTESIAN_POINT('Control Point',(7.04372756927,-10.7143749396,11.6)) ;
#1508=CARTESIAN_POINT('Control Point',(7.02659164424,-10.7229926118,11.6)) ;
#1509=CARTESIAN_POINT('Control Point',(6.99188906348,-10.7371230149,11.6)) ;
#1510=CARTESIAN_POINT('Control Point',(6.95542416128,-10.7457127371,11.6)) ;
#1511=CARTESIAN_POINT('Control Point',(6.93694138044,-10.7485821905,11.6)) ;
#1512=CARTESIAN_POINT('Control Point',(6.91849361911,-10.75,11.6)) ;
#1513=CARTESIAN_POINT('Control Point',(6.90004569071,-10.75,11.6)) ;
#1526=CARTESIAN_POINT('Axis2P3D Location',(6.87950881622,-6.07049118229,12.771320987)) ;
#1531=CARTESIAN_POINT('Axis2P3D Location',(6.88340050275,-6.06659949576,12.5483664149)) ;
#1535=CARTESIAN_POINT('Vertex',(7.1833548113,-6.0665994939,12.5536021368)) ;
#1538=CARTESIAN_POINT('Line Origine',(7.17946312476,-6.07049118229,12.7765567089)) ;
#1550=CARTESIAN_POINT('Axis2P3D Location',(6.88340050275,-6.06659949576,12.5483664149)) ;
#1556=CARTESIAN_POINT('Control Point',(7.14320812388,-6.06659949576,12.6983664149)) ;
#1557=CARTESIAN_POINT('Control Point',(7.16851416071,-6.06659949576,12.6545350734)) ;
#1558=CARTESIAN_POINT('Control Point',(7.18247144163,-6.06659949576,12.604210351)) ;
#1559=CARTESIAN_POINT('Control Point',(7.1833548113,-6.06659949576,12.5536021368)) ;
#1567=CARTESIAN_POINT('Axis2P3D Location',(6.88340050275,-8.25,12.5483664149)) ;
#1572=CARTESIAN_POINT('Axis2P3D Location',(6.88340050275,-10.4334005033,12.5483664149)) ;
#1576=CARTESIAN_POINT('Vertex',(7.1833548113,-10.4334005014,12.5536021368)) ;
#1579=CARTESIAN_POINT('Line Origine',(7.1833548113,-8.25,12.5536021368)) ;
#1591=CARTESIAN_POINT('Axis2P3D Location',(6.88340050275,-10.4334005033,12.5483664149)) ;
#1596=CARTESIAN_POINT('Axis2P3D Location',(6.88340050275,-10.4334005033,12.5483664149)) ;
#1607=CARTESIAN_POINT('Axis2P3D Location',(6.87950881622,-10.4295088168,12.7713209869)) ;
#1612=CARTESIAN_POINT('Line Origine',(7.17946312476,-10.4295088168,12.7765567089)) ;
#1624=CARTESIAN_POINT('Line Origine',(7.97369553905,-15.2921655395,7.)) ;
#1628=CARTESIAN_POINT('Vertex',(7.97369553905,-19.1736955402,7.)) ;
#1631=CARTESIAN_POINT('Line Origine',(-1.7763568394E-015,-19.1736955402,7.)) ;
#1635=CARTESIAN_POINT('Vertex',(-7.97369553905,-19.1736955402,7.)) ;
#1638=CARTESIAN_POINT('Line Origine',(-7.97369553905,-15.2921655395,7.)) ;
#1642=CARTESIAN_POINT('Vertex',(-7.97369553905,-11.4106355389,7.)) ;
#1645=CARTESIAN_POINT('Line Origine',(-7.18684776953,-11.4106355386,7.)) ;
#1649=CARTESIAN_POINT('Vertex',(-6.39999999944,-11.4106355384,7.)) ;
#1652=CARTESIAN_POINT('Line Origine',(-6.379926675,-11.4106355384,7.)) ;
#1656=CARTESIAN_POINT('Vertex',(-6.35985335056,-11.4106355384,7.)) ;
#1659=CARTESIAN_POINT('Line Origine',(-6.35985335054,-14.5553786908,7.)) ;
#1663=CARTESIAN_POINT('Vertex',(-6.35985335053,-17.7001218432,7.)) ;
#1667=CARTESIAN_POINT('Control Point',(-6.35985335053,-17.7001218432,7.)) ;
#1668=CARTESIAN_POINT('Control Point',(-6.35985335053,-17.7758262256,7.)) ;
#1669=CARTESIAN_POINT('Control Point',(-6.35089978599,-17.8515302123,7.)) ;
#1670=CARTESIAN_POINT('Control Point',(-6.33298934236,-17.9258258194,7.)) ;
#1671=CARTESIAN_POINT('Control Point',(-6.27990934414,-18.0688308554,7.)) ;
#1672=CARTESIAN_POINT('Control Point',(-6.1949087127,-18.1954916296,7.)) ;
#1673=CARTESIAN_POINT('Control Point',(-6.14504188819,-18.253503092,7.)) ;
#1674=CARTESIAN_POINT('Control Point',(-6.03252194418,-18.3566075028,7.)) ;
#1675=CARTESIAN_POINT('Control Point',(-5.89903170267,-18.4305746946,7.)) ;
#1676=CARTESIAN_POINT('Control Point',(-5.82818938621,-18.4594472199,7.)) ;
#1677=CARTESIAN_POINT('Control Point',(-5.7312818902,-18.4860623354,7.)) ;
#1678=CARTESIAN_POINT('Control Point',(-5.63204672786,-18.4972907532,7.)) ;
#1679=CARTESIAN_POINT('Control Point',(-5.60801537604,-18.4990986282,7.)) ;
#1680=CARTESIAN_POINT('Control Point',(-5.58399530492,-18.5,7.)) ;
#1681=CARTESIAN_POINT('Control Point',(-5.55997519398,-18.5,7.)) ;
#1682=CARTESIAN_POINT('Vertex',(-5.55997519398,-18.5,7.)) ;
#1685=CARTESIAN_POINT('Line Origine',(-8.881784197E-015,-18.5,7.)) ;
#1689=CARTESIAN_POINT('Vertex',(5.55997519398,-18.5,7.)) ;
#1693=CARTESIAN_POINT('Control Point',(6.35985335011,-17.7001218439,7.)) ;
#1694=CARTESIAN_POINT('Control Point',(6.35985335011,-17.7758262269,7.)) ;
#1695=CARTESIAN_POINT('Control Point',(6.35089978542,-17.8515302142,7.)) ;
#1696=CARTESIAN_POINT('Control Point',(6.33298934272,-17.9258258185,7.)) ;
#1697=CARTESIAN_POINT('Control Point',(6.27990934435,-18.0688308551,7.)) ;
#1698=CARTESIAN_POINT('Control Point',(6.1949087125,-18.1954916299,7.)) ;
#1699=CARTESIAN_POINT('Control Point',(6.14504188797,-18.2535030923,7.)) ;
#1700=CARTESIAN_POINT('Control Point',(6.03252194391,-18.356607503,7.)) ;
#1701=CARTESIAN_POINT('Control Point',(5.89903170237,-18.4305746948,7.)) ;
#1702=CARTESIAN_POINT('Control Point',(5.8281893859,-18.4594472201,7.)) ;
#1703=CARTESIAN_POINT('Control Point',(5.73128188995,-18.4860623355,7.)) ;
#1704=CARTESIAN_POINT('Control Point',(5.63204672767,-18.4972907532,7.)) ;
#1705=CARTESIAN_POINT('Control Point',(5.60801537591,-18.4990986282,7.)) ;
#1706=CARTESIAN_POINT('Control Point',(5.58399530486,-18.5,7.)) ;
#1707=CARTESIAN_POINT('Control Point',(5.55997519398,-18.5,7.)) ;
#1724=CARTESIAN_POINT('Axis2P3D Location',(8.79999999888,0.,9.3)) ;
#1730=CARTESIAN_POINT('Control Point',(8.77357369518,-19.1736955402,7.78603807485)) ;
#1731=CARTESIAN_POINT('Control Point',(8.79999999888,-19.2001218439,9.3)) ;
#1732=CARTESIAN_POINT('Vertex',(8.77357369521,-19.1736955402,7.78603807671)) ;
#1735=CARTESIAN_POINT('Line Origine',(8.77357369518,0.,7.78603807485)) ;
#1747=CARTESIAN_POINT('Axis2P3D Location',(7.97369553905,-15.6863696506,7.8)) ;
#1752=CARTESIAN_POINT('Axis2P3D Location',(7.97369553905,-19.1736955402,7.8)) ;
#1764=CARTESIAN_POINT('Axis2P3D Location',(-5.44778711006,-17.5477871101,12.2825475936)) ;
#1769=CARTESIAN_POINT('Line Origine',(-6.44763480522,-17.5477871101,12.3)) ;
#1773=CARTESIAN_POINT('Vertex',(-6.40041474004,-17.5005670449,15.0052357219)) ;
#1776=CARTESIAN_POINT('Line Origine',(-5.44778711006,-18.5476348052,12.3)) ;
#1780=CARTESIAN_POINT('Vertex',(-5.40056704508,-18.5004147402,15.0052357111)) ;
#1784=CARTESIAN_POINT('Control Point',(-6.40041474004,-17.5005670449,15.0052357219)) ;
#1785=CARTESIAN_POINT('Control Point',(-6.40037886982,-17.8932073065,15.0072907259)) ;
#1786=CARTESIAN_POINT('Control Point',(-6.19088789371,-18.2908481586,15.0082755534)) ;
#1787=CARTESIAN_POINT('Control Point',(-5.79315190421,-18.5003788747,15.0072904447)) ;
#1788=CARTESIAN_POINT('Control Point',(-5.40056704508,-18.5004147402,15.0052357111)) ;
#1797=CARTESIAN_POINT('Axis2P3D Location',(-6.5,0.,9.3)) ;
#1803=CARTESIAN_POINT('Control Point',(-6.45985335067,-10.75,11.5999999997)) ;
#1804=CARTESIAN_POINT('Control Point',(-6.42948490637,-10.7196315553,13.3398070087)) ;
#1805=CARTESIAN_POINT('Vertex',(-6.42948490826,-10.7196315548,13.3398070088)) ;
#1807=CARTESIAN_POINT('Vertex',(-6.45985335298,-10.75,11.6)) ;
#1810=CARTESIAN_POINT('Line Origine',(-6.45985335067,7.36633865017E-010,11.5999999999)) ;
#1814=CARTESIAN_POINT('Vertex',(-6.45985335372,-11.25,11.6)) ;
#1818=CARTESIAN_POINT('Control Point',(-6.45985335067,-11.25,11.6)) ;
#1819=CARTESIAN_POINT('Control Point',(-6.5,-11.3303177698,9.3)) ;
#1821=CARTESIAN_POINT('Line Origine',(-6.40041474004,7.36633865017E-010,15.0052357219)) ;
#1825=CARTESIAN_POINT('Vertex',(-6.40041474023,17.5005670451,15.0052357111)) ;
#1829=CARTESIAN_POINT('Control Point',(-6.40041474004,17.5005670449,15.0052357219)) ;
#1830=CARTESIAN_POINT('Control Point',(-6.5,17.6001523048,9.3)) ;
#1833=CARTESIAN_POINT('Control Point',(-6.45985335067,11.25,11.6)) ;
#1834=CARTESIAN_POINT('Control Point',(-6.5,11.3303177698,9.3)) ;
#1835=CARTESIAN_POINT('Vertex',(-6.45985335372,11.25,11.6)) ;
#1838=CARTESIAN_POINT('Line Origine',(-6.45985335067,7.36633865017E-010,11.5999999999)) ;
#1842=CARTESIAN_POINT('Vertex',(-6.45985335068,10.75,11.6)) ;
#1846=CARTESIAN_POINT('Control Point',(-6.45985335067,10.7499999991,11.5999999996)) ;
#1847=CARTESIAN_POINT('Control Point',(-6.42948490632,10.7196315551,13.3398070114)) ;
#1848=CARTESIAN_POINT('Vertex',(-6.42948490663,10.7196315556,13.3398070116)) ;
#1852=CARTESIAN_POINT('Control Point',(-6.42948490632,10.7196315551,13.3398070114)) ;
#1853=CARTESIAN_POINT('Control Point',(-6.42848716041,10.7186338092,13.3969678365)) ;
#1854=CARTESIAN_POINT('Control Point',(-6.42749039089,10.7144354938,13.4540727238)) ;
#1855=CARTESIAN_POINT('Control Point',(-6.42650069615,10.7070444067,13.5107722976)) ;
#1856=CARTESIAN_POINT('Control Point',(-6.42466768027,10.6869218738,13.6157857068)) ;
#1857=CARTESIAN_POINT('Control Point',(-6.42290010406,10.6528153822,13.71705008)) ;
#1858=CARTESIAN_POINT('Control Point',(-6.42210708646,10.633670336,13.7624820281)) ;
#1859=CARTESIAN_POINT('Control Point',(-6.4209386704,10.5983066556,13.8294205392)) ;
#1860=CARTESIAN_POINT('Control Point',(-6.4199394209,10.549649625,13.8866675049)) ;
#1861=CARTESIAN_POINT('Control Point',(-6.41962373433,10.5312414021,13.9047531761)) ;
#1862=CARTESIAN_POINT('Control Point',(-6.41917642267,10.4979258292,13.9303796442)) ;
#1863=CARTESIAN_POINT('Control Point',(-6.41889648128,10.4594232533,13.9464174755)) ;
#1864=CARTESIAN_POINT('Control Point',(-6.41877960317,10.4435909221,13.9531134182)) ;
#1865=CARTESIAN_POINT('Control Point',(-6.41877960317,10.4275448675,13.9531134182)) ;
#1866=CARTESIAN_POINT('Control Point',(-6.41877960317,10.4114988129,13.9531134182)) ;
#1867=CARTESIAN_POINT('Vertex',(-6.41877960321,10.4114988138,13.9531134192)) ;
#1871=CARTESIAN_POINT('Control Point',(-6.41877960317,10.4114988129,13.9531134182)) ;
#1872=CARTESIAN_POINT('Control Point',(-6.41877960317,6.08850118537,13.9531134183)) ;
#1873=CARTESIAN_POINT('Vertex',(-6.4187796032,6.08850118619,13.9531134192)) ;
#1877=CARTESIAN_POINT('Control Point',(-6.42948490632,5.7803684441,13.3398070115)) ;
#1878=CARTESIAN_POINT('Control Point',(-6.42848716047,5.78136618995,13.3969678329)) ;
#1879=CARTESIAN_POINT('Control Point',(-6.42749039102,5.78556450487,13.4540727165)) ;
#1880=CARTESIAN_POINT('Control Point',(-6.42650069602,5.79295559476,13.510772305)) ;
#1881=CARTESIAN_POINT('Control Point',(-6.42466768021,5.81307812739,13.6157857105)) ;
#1882=CARTESIAN_POINT('Control Point',(-6.42290010406,5.84718461784,13.7170500801)) ;
#1883=CARTESIAN_POINT('Control Point',(-6.42210708646,5.86632966407,13.7624820282)) ;
#1884=CARTESIAN_POINT('Control Point',(-6.4209386704,5.90169334447,13.8294205393)) ;
#1885=CARTESIAN_POINT('Control Point',(-6.4199394209,5.95035037507,13.886667505)) ;
#1886=CARTESIAN_POINT('Control Point',(-6.41962373433,5.96875859797,13.9047531761)) ;
#1887=CARTESIAN_POINT('Control Point',(-6.41917642267,6.00207417075,13.9303796441)) ;
#1888=CARTESIAN_POINT('Control Point',(-6.41889648128,6.0405767464,13.9464174754)) ;
#1889=CARTESIAN_POINT('Control Point',(-6.41877960317,6.05640907648,13.9531134183)) ;
#1890=CARTESIAN_POINT('Control Point',(-6.41877960317,6.07245513093,13.9531134183)) ;
#1891=CARTESIAN_POINT('Control Point',(-6.41877960317,6.08850118537,13.9531134183)) ;
#1892=CARTESIAN_POINT('Vertex',(-6.42948490656,5.78036844435,13.3398070118)) ;
#1896=CARTESIAN_POINT('Control Point',(-6.45985335067,5.7499999996,11.5999999996)) ;
#1897=CARTESIAN_POINT('Control Point',(-6.42948490632,5.7803684441,13.3398070115)) ;
#1898=CARTESIAN_POINT('Vertex',(-6.45985335047,5.75,11.6)) ;
#1901=CARTESIAN_POINT('Line Origine',(-6.45985335067,7.36633865017E-010,11.5999999999)) ;
#1905=CARTESIAN_POINT('Vertex',(-6.45985335372,5.25,11.6)) ;
#1909=CARTESIAN_POINT('Control Point',(-6.45985335067,5.25,11.6)) ;
#1910=CARTESIAN_POINT('Control Point',(-6.5,5.16968223017,9.3)) ;
#1911=CARTESIAN_POINT('Vertex',(-6.5,5.16968223017,9.3)) ;
#1914=CARTESIAN_POINT('Line Origine',(-6.5,7.36633865017E-010,9.3)) ;
#1918=CARTESIAN_POINT('Vertex',(-6.5,-5.16968223017,9.3)) ;
#1922=CARTESIAN_POINT('Control Point',(-6.45985335067,-5.25,11.6)) ;
#1923=CARTESIAN_POINT('Control Point',(-6.5,-5.16968223017,9.3)) ;
#1924=CARTESIAN_POINT('Vertex',(-6.45985335372,-5.25,11.6)) ;
#1927=CARTESIAN_POINT('Line Origine',(-6.45985335067,7.36633865017E-010,11.5999999999)) ;
#1931=CARTESIAN_POINT('Vertex',(-6.45985335298,-5.75,11.6)) ;
#1935=CARTESIAN_POINT('Control Point',(-6.45985335067,-5.75,11.5999999997)) ;
#1936=CARTESIAN_POINT('Control Point',(-6.42948490637,-5.7803684443,13.3398070087)) ;
#1937=CARTESIAN_POINT('Vertex',(-6.42948490826,-5.7803684443,13.3398070088)) ;
#1941=CARTESIAN_POINT('Control Point',(-6.42948490637,-5.7803684443,13.3398070087)) ;
#1942=CARTESIAN_POINT('Control Point',(-6.42848716049,-5.78136619018,13.3969678319)) ;
#1943=CARTESIAN_POINT('Control Point',(-6.427490391,-5.78556450534,13.4540727173)) ;
#1944=CARTESIAN_POINT('Control Point',(-6.42650069614,-5.79295559353,13.5107722979)) ;
#1945=CARTESIAN_POINT('Control Point',(-6.42466768029,-5.81307812598,13.6157857055)) ;
#1946=CARTESIAN_POINT('Control Point',(-6.42290010411,-5.84718461666,13.7170500771)) ;
#1947=CARTESIAN_POINT('Control Point',(-6.4221070865,-5.86632966277,13.7624820254)) ;
#1948=CARTESIAN_POINT('Control Point',(-6.42093867044,-5.90169334296,13.8294205369)) ;
#1949=CARTESIAN_POINT('Control Point',(-6.41993942093,-5.95035037333,13.8866675031)) ;
#1950=CARTESIAN_POINT('Control Point',(-6.41962373436,-5.96875859616,13.9047531745)) ;
#1951=CARTESIAN_POINT('Control Point',(-6.41917642269,-6.00207416915,13.9303796432)) ;
#1952=CARTESIAN_POINT('Control Point',(-6.41889648129,-6.04057674521,13.9464174751)) ;
#1953=CARTESIAN_POINT('Control Point',(-6.41877960318,-6.05640907634,13.9531134174)) ;
#1954=CARTESIAN_POINT('Control Point',(-6.41877960318,-6.07245513125,13.9531134174)) ;
#1955=CARTESIAN_POINT('Control Point',(-6.41877960318,-6.08850118616,13.9531134174)) ;
#1956=CARTESIAN_POINT('Vertex',(-6.41877960412,-6.08850118616,13.9531134176)) ;
#1960=CARTESIAN_POINT('Control Point',(-6.41877960318,-6.08850118616,13.9531134174)) ;
#1961=CARTESIAN_POINT('Control Point',(-6.41877960317,-10.4114988129,13.9531134178)) ;
#1962=CARTESIAN_POINT('Vertex',(-6.41877960393,-10.4114988129,13.9531134179)) ;
#1966=CARTESIAN_POINT('Control Point',(-6.42948490637,-10.7196315553,13.3398070087)) ;
#1967=CARTESIAN_POINT('Control Point',(-6.42848716053,-10.7186338095,13.3969678294)) ;
#1968=CARTESIAN_POINT('Control Point',(-6.42749039109,-10.7144354947,13.4540727124)) ;
#1969=CARTESIAN_POINT('Control Point',(-6.42650069604,-10.7070444045,13.5107723035)) ;
#1970=CARTESIAN_POINT('Control Point',(-6.42466768024,-10.6869218721,13.6157857085)) ;
#1971=CARTESIAN_POINT('Control Point',(-6.4229001041,-10.6528153821,13.7170500777)) ;
#1972=CARTESIAN_POINT('Control Point',(-6.42210708649,-10.633670336,13.7624820261)) ;
#1973=CARTESIAN_POINT('Control Point',(-6.42093867043,-10.5983066558,13.8294205374)) ;
#1974=CARTESIAN_POINT('Control Point',(-6.41993942092,-10.5496496254,13.8866675035)) ;
#1975=CARTESIAN_POINT('Control Point',(-6.41962373435,-10.5312414025,13.9047531749)) ;
#1976=CARTESIAN_POINT('Control Point',(-6.41917642268,-10.4979258295,13.9303796434)) ;
#1977=CARTESIAN_POINT('Control Point',(-6.41889648129,-10.4594232535,13.9464174752)) ;
#1978=CARTESIAN_POINT('Control Point',(-6.41877960317,-10.4435909226,13.9531134178)) ;
#1979=CARTESIAN_POINT('Control Point',(-6.41877960317,-10.4275448677,13.9531134178)) ;
#1980=CARTESIAN_POINT('Control Point',(-6.41877960317,-10.4114988129,13.9531134178)) ;
#2010=CARTESIAN_POINT('Control Point',(-8.8,-11.3303177698,9.3)) ;
#2011=CARTESIAN_POINT('Control Point',(-8.77357369556,-11.3831864852,7.78603807485)) ;
#2012=CARTESIAN_POINT('Vertex',(-8.77357369518,-11.3831864852,7.78603807485)) ;
#2016=CARTESIAN_POINT('Control Point',(-6.4,-11.3303177698,9.3)) ;
#2017=CARTESIAN_POINT('Control Point',(-6.45985335372,-11.25,11.6)) ;
#2018=CARTESIAN_POINT('Vertex',(-6.4,-11.3303177692,9.30000000001)) ;
#2022=CARTESIAN_POINT('Control Point',(-6.4,-11.3303177698,9.3)) ;
#2023=CARTESIAN_POINT('Control Point',(-6.35985335062,-11.4106355397,7.)) ;
#2026=CARTESIAN_POINT('Control Point',(-7.97369553905,-11.4106355397,7.)) ;
#2027=CARTESIAN_POINT('Control Point',(-8.28444160624,-11.4106355397,7.)) ;
#2028=CARTESIAN_POINT('Control Point',(-8.59898264627,-11.4049121245,7.16389716665)) ;
#2029=CARTESIAN_POINT('Control Point',(-8.7681537316,-11.3940297169,7.47552854748)) ;
#2030=CARTESIAN_POINT('Control Point',(-8.77357369556,-11.3831864852,7.78603807485)) ;
#2043=CARTESIAN_POINT('Axis2P3D Location',(-8.79999999888,0.,9.3)) ;
#2049=CARTESIAN_POINT('Control Point',(-8.79999999888,-19.2001218439,9.3)) ;
#2050=CARTESIAN_POINT('Control Point',(-8.77357369518,-19.1736955402,7.78603807485)) ;
#2051=CARTESIAN_POINT('Vertex',(-8.77357369518,-19.1736955399,7.78603807485)) ;
#2054=CARTESIAN_POINT('Line Origine',(-8.77357369518,0.,7.78603807485)) ;
#2066=CARTESIAN_POINT('Axis2P3D Location',(-7.97986178171,-19.1798617828,8.15326380533)) ;
#2071=CARTESIAN_POINT('Axis2P3D Location',(-7.97369553905,-19.1736955402,7.8)) ;
#2075=CARTESIAN_POINT('Vertex',(-7.97369553905,-19.9735736963,7.78603807485)) ;
#2078=CARTESIAN_POINT('Line Origine',(-7.97986178171,-19.979739939,8.13930188018)) ;
#2090=CARTESIAN_POINT('Axis2P3D Location',(0.,-20.,9.3)) ;
#2095=CARTESIAN_POINT('Line Origine',(0.,-19.9735736963,7.78603807485)) ;
#2099=CARTESIAN_POINT('Vertex',(7.97369553905,-19.9735736963,7.78603807485)) ;
#2103=CARTESIAN_POINT('Control Point',(7.97369553905,-19.9735736963,7.78603807485)) ;
#2104=CARTESIAN_POINT('Control Point',(8.00012184276,-20.,9.3)) ;
#2113=CARTESIAN_POINT('Axis2P3D Location',(7.98004851809,-19.1800485192,8.16396192515)) ;
#2118=CARTESIAN_POINT('Axis2P3D Location',(7.97369553905,-19.1736955402,7.8)) ;
#2130=CARTESIAN_POINT('Axis2P3D Location',(-8.43769498715E-015,-18.6,9.3)) ;
#2135=CARTESIAN_POINT('Line Origine',(1.74884107196E-010,-18.50041474,15.0052357219)) ;
#2148=CARTESIAN_POINT('Control Point',(5.40056704489,-18.50041474,15.0052357219)) ;
#2149=CARTESIAN_POINT('Control Point',(5.40056704489,-18.4987881656,15.0984221091)) ;
#2150=CARTESIAN_POINT('Control Point',(5.40056704489,-18.4609739848,15.1909768392)) ;
#2151=CARTESIAN_POINT('Control Point',(5.40056704489,-18.3868615956,15.2638068813)) ;
#2152=CARTESIAN_POINT('Control Point',(5.40056704489,-18.2936610136,15.3)) ;
#2153=CARTESIAN_POINT('Control Point',(5.40056704489,-18.2004604315,15.3)) ;
#2154=CARTESIAN_POINT('Control Point',(5.71467925414,-18.5003860439,15.0068797251)) ;
#2155=CARTESIAN_POINT('Control Point',(5.71416835835,-18.4982544685,15.0997283966)) ;
#2156=CARTESIAN_POINT('Control Point',(5.70229119026,-18.4601941184,15.19175153)) ;
#2157=CARTESIAN_POINT('Control Point',(5.67901299619,-18.3862038942,15.2640622901)) ;
#2158=CARTESIAN_POINT('Control Point',(5.64973933744,-18.2933321628,15.3)) ;
#2159=CARTESIAN_POINT('Control Point',(5.62046567869,-18.2004604315,15.3)) ;
#2160=CARTESIAN_POINT('Control Point',(6.02878987425,-18.377031755,15.0078782602)) ;
#2161=CARTESIAN_POINT('Control Point',(6.02736981677,-18.3747985708,15.1005183401)) ;
#2162=CARTESIAN_POINT('Control Point',(6.00341702831,-18.3412565955,15.1922186128)) ;
#2163=CARTESIAN_POINT('Control Point',(5.95694829592,-18.2764819483,15.2642163234)) ;
#2164=CARTESIAN_POINT('Control Point',(5.898649732,-18.1953032884,15.3000000012)) ;
#2165=CARTESIAN_POINT('Control Point',(5.84035177731,-18.1141246286,15.3)) ;
#2166=CARTESIAN_POINT('Control Point',(6.27706632845,-18.1287826284,15.0078783657)) ;
#2167=CARTESIAN_POINT('Control Point',(6.27483314827,-18.1273635377,15.1005184308)) ;
#2168=CARTESIAN_POINT('Control Point',(6.24128993781,-18.1034118227,15.1922186689)) ;
#2169=CARTESIAN_POINT('Control Point',(6.17651280045,-18.0569440717,15.2642163418)) ;
#2170=CARTESIAN_POINT('Control Point',(6.09533096127,-17.9986462007,15.3000000012)) ;
#2171=CARTESIAN_POINT('Control Point',(6.01414907916,-17.94034861,15.3)) ;
#2172=CARTESIAN_POINT('Control Point',(6.40038604245,-17.8146349894,15.0068794989)) ;
#2173=CARTESIAN_POINT('Control Point',(6.3982544834,-17.814124082,15.0997282162)) ;
#2174=CARTESIAN_POINT('Control Point',(6.36019411945,-17.802248514,15.191751423)) ;
#2175=CARTESIAN_POINT('Control Point',(6.28620384694,-17.7789735545,15.2640622551)) ;
#2176=CARTESIAN_POINT('Control Point',(6.19333206322,-17.7497040133,15.3000000003)) ;
#2177=CARTESIAN_POINT('Control Point',(6.10046030128,-17.7204345047,15.3)) ;
#2178=CARTESIAN_POINT('Control Point',(6.4004147509,-17.5005673577,15.0052357168)) ;
#2179=CARTESIAN_POINT('Control Point',(6.39878817323,-17.5005675326,15.0984221059)) ;
#2180=CARTESIAN_POINT('Control Point',(6.36097398984,-17.5005676756,15.1909768374)) ;
#2181=CARTESIAN_POINT('Control Point',(6.28686159932,-17.5005677505,15.2638068804)) ;
#2182=CARTESIAN_POINT('Control Point',(6.19366101714,-17.50056774,15.2999999997)) ;
#2183=CARTESIAN_POINT('Control Point',(6.10046043557,-17.500567661,15.3)) ;
#2185=CARTESIAN_POINT('Control Point',(5.40056704489,-18.50041474,15.0052357219)) ;
#2186=CARTESIAN_POINT('Control Point',(5.40056704489,-18.498381522,15.1217187059)) ;
#2187=CARTESIAN_POINT('Control Point',(5.40056704489,-18.4348990756,15.2385664974)) ;
#2188=CARTESIAN_POINT('Control Point',(5.40056704489,-18.3169611591,15.3)) ;
#2189=CARTESIAN_POINT('Control Point',(5.40056704489,-18.2004604315,15.3)) ;
#2190=CARTESIAN_POINT('Vertex',(5.40056704489,-18.2004604315,15.3)) ;
#2194=CARTESIAN_POINT('Control Point',(5.40056704489,-18.2004604315,15.3)) ;
#2195=CARTESIAN_POINT('Control Point',(5.49342190379,-18.2004604315,15.3)) ;
#2196=CARTESIAN_POINT('Control Point',(5.58627452759,-18.1850663019,15.3)) ;
#2197=CARTESIAN_POINT('Control Point',(5.67570168401,-18.1542766233,15.3)) ;
#2198=CARTESIAN_POINT('Control Point',(5.84110228041,-18.0641502617,15.3)) ;
#2199=CARTESIAN_POINT('Control Point',(5.96852471436,-17.9254253481,15.3)) ;
#2200=CARTESIAN_POINT('Control Point',(6.02006103243,-17.8459694249,15.3)) ;
#2201=CARTESIAN_POINT('Control Point',(6.07113938019,-17.7277535957,15.3)) ;
#2202=CARTESIAN_POINT('Control Point',(6.09424503514,-17.6025925042,15.3)) ;
#2203=CARTESIAN_POINT('Control Point',(6.09838876009,-17.5686948039,15.3)) ;
#2204=CARTESIAN_POINT('Control Point',(6.10046041477,-17.5346306653,15.3)) ;
#2205=CARTESIAN_POINT('Control Point',(6.10046043557,-17.500567661,15.3)) ;
#2215=CARTESIAN_POINT('Control Point',(6.40041474004,17.5005670449,15.0052357219)) ;
#2216=CARTESIAN_POINT('Control Point',(6.3987881656,17.5005670449,15.0984221091)) ;
#2217=CARTESIAN_POINT('Control Point',(6.36097398482,17.5005670449,15.1909768392)) ;
#2218=CARTESIAN_POINT('Control Point',(6.28686159561,17.5005670449,15.2638068813)) ;
#2219=CARTESIAN_POINT('Control Point',(6.19366101355,17.5005670449,15.3)) ;
#2220=CARTESIAN_POINT('Control Point',(6.1004604315,17.5005670449,15.3)) ;
#2221=CARTESIAN_POINT('Control Point',(6.40038604386,17.8146792541,15.0068797251)) ;
#2222=CARTESIAN_POINT('Control Point',(6.39825446848,17.8141683584,15.0997283966)) ;
#2223=CARTESIAN_POINT('Control Point',(6.36019411841,17.8022911903,15.19175153)) ;
#2224=CARTESIAN_POINT('Control Point',(6.28620389416,17.7790129962,15.2640622901)) ;
#2225=CARTESIAN_POINT('Control Point',(6.19333216283,17.7497393374,15.3)) ;
#2226=CARTESIAN_POINT('Control Point',(6.1004604315,17.7204656787,15.3)) ;
#2227=CARTESIAN_POINT('Control Point',(6.277031755,18.1287898742,15.0078782602)) ;
#2228=CARTESIAN_POINT('Control Point',(6.27479857081,18.1273698168,15.1005183401)) ;
#2229=CARTESIAN_POINT('Control Point',(6.24125659551,18.1034170283,15.1922186128)) ;
#2230=CARTESIAN_POINT('Control Point',(6.17648194833,18.0569482959,15.2642163234)) ;
#2231=CARTESIAN_POINT('Control Point',(6.09530328844,17.998649732,15.3000000012)) ;
#2232=CARTESIAN_POINT('Control Point',(6.01412462862,17.9403517773,15.3)) ;
#2233=CARTESIAN_POINT('Control Point',(6.02878262836,18.3770663285,15.0078783657)) ;
#2234=CARTESIAN_POINT('Control Point',(6.02736353772,18.3748331483,15.1005184308)) ;
#2235=CARTESIAN_POINT('Control Point',(6.00341182272,18.3412899378,15.1922186689)) ;
#2236=CARTESIAN_POINT('Control Point',(5.95694407172,18.2765128005,15.2642163418)) ;
#2237=CARTESIAN_POINT('Control Point',(5.8986462007,18.1953309613,15.3000000012)) ;
#2238=CARTESIAN_POINT('Control Point',(5.84034860999,18.1141490792,15.3)) ;
#2239=CARTESIAN_POINT('Control Point',(5.71463498937,18.5003860424,15.0068794989)) ;
#2240=CARTESIAN_POINT('Control Point',(5.71412408196,18.4982544834,15.0997282162)) ;
#2241=CARTESIAN_POINT('Control Point',(5.70224851402,18.4601941194,15.191751423)) ;
#2242=CARTESIAN_POINT('Control Point',(5.67897355445,18.3862038469,15.2640622551)) ;
#2243=CARTESIAN_POINT('Control Point',(5.64970401331,18.2933320632,15.3000000003)) ;
#2244=CARTESIAN_POINT('Control Point',(5.62043450467,18.2004603013,15.3)) ;
#2245=CARTESIAN_POINT('Control Point',(5.40056735773,18.5004147509,15.0052357168)) ;
#2246=CARTESIAN_POINT('Control Point',(5.40056753256,18.4987881732,15.0984221059)) ;
#2247=CARTESIAN_POINT('Control Point',(5.40056767555,18.4609739898,15.1909768374)) ;
#2248=CARTESIAN_POINT('Control Point',(5.40056775049,18.3868615993,15.2638068804)) ;
#2249=CARTESIAN_POINT('Control Point',(5.40056773998,18.2936610171,15.2999999997)) ;
#2250=CARTESIAN_POINT('Control Point',(5.40056766103,18.2004604356,15.3)) ;
#2252=CARTESIAN_POINT('Control Point',(5.40056735773,18.5004147509,15.0052357168)) ;
#2253=CARTESIAN_POINT('Control Point',(5.40056757627,18.4983815288,15.1217187031)) ;
#2254=CARTESIAN_POINT('Control Point',(5.40056774345,18.4348990794,15.2385664962)) ;
#2255=CARTESIAN_POINT('Control Point',(5.40056775972,18.3169611625,15.2999999997)) ;
#2256=CARTESIAN_POINT('Control Point',(5.40056766103,18.2004604356,15.3)) ;
#2257=CARTESIAN_POINT('Vertex',(5.40056766103,18.2004604356,15.3)) ;
#2261=CARTESIAN_POINT('Control Point',(6.1004604315,17.5005670449,15.3)) ;
#2262=CARTESIAN_POINT('Control Point',(6.1004604315,17.5934219038,15.3)) ;
#2263=CARTESIAN_POINT('Control Point',(6.08506630189,17.6862745276,15.3)) ;
#2264=CARTESIAN_POINT('Control Point',(6.05427662329,17.775701684,15.3)) ;
#2265=CARTESIAN_POINT('Control Point',(5.96415026172,17.9411022804,15.3)) ;
#2266=CARTESIAN_POINT('Control Point',(5.82542534814,18.0685247144,15.3)) ;
#2267=CARTESIAN_POINT('Control Point',(5.7459694249,18.1200610324,15.3)) ;
#2268=CARTESIAN_POINT('Control Point',(5.62775359572,18.1711393802,15.3)) ;
#2269=CARTESIAN_POINT('Control Point',(5.50259250424,18.1942450351,15.3)) ;
#2270=CARTESIAN_POINT('Control Point',(5.46869480392,18.1983887601,15.3)) ;
#2271=CARTESIAN_POINT('Control Point',(5.43463066529,18.2004604148,15.3)) ;
#2272=CARTESIAN_POINT('Control Point',(5.40056766103,18.2004604356,15.3)) ;
#2281=CARTESIAN_POINT('Axis2P3D Location',(0.,-20.,15.3)) ;
#2286=CARTESIAN_POINT('Line Origine',(-8.881784197E-016,18.2004604315,15.3)) ;
#2290=CARTESIAN_POINT('Vertex',(-5.40056704489,18.2004604315,15.3)) ;
#2294=CARTESIAN_POINT('Control Point',(-5.40056704489,18.2004604315,15.3)) ;
#2295=CARTESIAN_POINT('Control Point',(-5.49342190379,18.2004604315,15.3)) ;
#2296=CARTESIAN_POINT('Control Point',(-5.5862745276,18.1850663019,15.3)) ;
#2297=CARTESIAN_POINT('Control Point',(-5.67570168401,18.1542766233,15.3)) ;
#2298=CARTESIAN_POINT('Control Point',(-5.84110228041,18.0641502617,15.3)) ;
#2299=CARTESIAN_POINT('Control Point',(-5.96852471436,17.9254253481,15.3)) ;
#2300=CARTESIAN_POINT('Control Point',(-6.02006103244,17.8459694249,15.3)) ;
#2301=CARTESIAN_POINT('Control Point',(-6.07113938019,17.7277535957,15.3)) ;
#2302=CARTESIAN_POINT('Control Point',(-6.09424503514,17.6025925042,15.3)) ;
#2303=CARTESIAN_POINT('Control Point',(-6.09838876009,17.5686948039,15.3)) ;
#2304=CARTESIAN_POINT('Control Point',(-6.10046041477,17.5346306653,15.3)) ;
#2305=CARTESIAN_POINT('Control Point',(-6.10046043558,17.500567661,15.3)) ;
#2306=CARTESIAN_POINT('Vertex',(-6.10046043558,17.500567661,15.3)) ;
#2309=CARTESIAN_POINT('Line Origine',(-6.1004604315,-1.06581410364E-014,15.3)) ;
#2313=CARTESIAN_POINT('Vertex',(-6.1004604315,-17.5005670449,15.3)) ;
#2317=CARTESIAN_POINT('Control Point',(-6.1004604315,-17.5005670449,15.3)) ;
#2318=CARTESIAN_POINT('Control Point',(-6.1004604315,-17.5934219038,15.3)) ;
#2319=CARTESIAN_POINT('Control Point',(-6.08506630189,-17.6862745276,15.3)) ;
#2320=CARTESIAN_POINT('Control Point',(-6.0542766233,-17.775701684,15.3)) ;
#2321=CARTESIAN_POINT('Control Point',(-5.96415026172,-17.9411022804,15.3)) ;
#2322=CARTESIAN_POINT('Control Point',(-5.82542534814,-18.0685247144,15.3)) ;
#2323=CARTESIAN_POINT('Control Point',(-5.7459694249,-18.1200610324,15.3)) ;
#2324=CARTESIAN_POINT('Control Point',(-5.62775359572,-18.1711393802,15.3)) ;
#2325=CARTESIAN_POINT('Control Point',(-5.50259250424,-18.1942450351,15.3)) ;
#2326=CARTESIAN_POINT('Control Point',(-5.46869480392,-18.1983887601,15.3)) ;
#2327=CARTESIAN_POINT('Control Point',(-5.43463066529,-18.2004604148,15.3)) ;
#2328=CARTESIAN_POINT('Control Point',(-5.40056766103,-18.2004604356,15.3)) ;
#2329=CARTESIAN_POINT('Vertex',(-5.40056766103,-18.2004604356,15.3)) ;
#2332=CARTESIAN_POINT('Line Origine',(7.1054273576E-015,-18.2004604315,15.3)) ;
#2347=CARTESIAN_POINT('Line Origine',(-5.1750765945,-1.1,15.3)) ;
#2351=CARTESIAN_POINT('Vertex',(-5.6,-1.1,15.3)) ;
#2353=CARTESIAN_POINT('Vertex',(-4.750153189,-1.1,15.3)) ;
#2356=CARTESIAN_POINT('Line Origine',(-5.68817494287,-1.1,15.3)) ;
#2360=CARTESIAN_POINT('Vertex',(-5.77634988574,-1.1,15.3)) ;
#2363=CARTESIAN_POINT('Line Origine',(-5.77634988574,0.,15.3)) ;
#2367=CARTESIAN_POINT('Vertex',(-5.77634988574,1.1,15.3)) ;
#2370=CARTESIAN_POINT('Line Origine',(-5.68817494287,1.1,15.3)) ;
#2374=CARTESIAN_POINT('Vertex',(-5.6,1.1,15.3)) ;
#2377=CARTESIAN_POINT('Line Origine',(-5.17507659451,1.1,15.3)) ;
#2381=CARTESIAN_POINT('Vertex',(-4.75015318902,1.1,15.3)) ;
#2384=CARTESIAN_POINT('Line Origine',(-4.75015318902,1.76618338731,15.3)) ;
#2388=CARTESIAN_POINT('Vertex',(-4.75015318902,2.43236677462,15.3)) ;
#2391=CARTESIAN_POINT('Line Origine',(-5.10889320727,2.43236677462,15.3)) ;
#2395=CARTESIAN_POINT('Vertex',(-5.46763322544,2.43236677462,15.3)) ;
#2398=CARTESIAN_POINT('Line Origine',(-5.46763322548,7.83643467311,15.3)) ;
#2402=CARTESIAN_POINT('Vertex',(-5.46763322552,13.2405025716,15.3)) ;
#2405=CARTESIAN_POINT('Line Origine',(-4.4105851818,13.2405025716,15.3)) ;
#2409=CARTESIAN_POINT('Vertex',(-3.35353713807,13.2405025716,15.3)) ;
#2412=CARTESIAN_POINT('Line Origine',(-3.35353713807,13.7185445944,15.3)) ;
#2416=CARTESIAN_POINT('Vertex',(-3.35353713807,14.1965866172,15.3)) ;
#2419=CARTESIAN_POINT('Line Origine',(-4.2284752607,14.1965866172,15.3)) ;
#2423=CARTESIAN_POINT('Vertex',(-5.10341338332,14.1965866171,15.3)) ;
#2426=CARTESIAN_POINT('Line Origine',(-5.10341338332,15.6251986559,15.3)) ;
#2430=CARTESIAN_POINT('Vertex',(-5.10341338332,17.0538106946,15.3)) ;
#2433=CARTESIAN_POINT('Line Origine',(-3.5527136788E-015,17.0538106946,15.3)) ;
#2437=CARTESIAN_POINT('Vertex',(5.10341338332,17.0538106946,15.3)) ;
#2440=CARTESIAN_POINT('Line Origine',(5.10341338332,15.6251986559,15.3)) ;
#2444=CARTESIAN_POINT('Vertex',(5.10341338332,14.1965866171,15.3)) ;
#2447=CARTESIAN_POINT('Line Origine',(4.2284752607,14.1965866172,15.3)) ;
#2451=CARTESIAN_POINT('Vertex',(3.35353713807,14.1965866172,15.3)) ;
#2454=CARTESIAN_POINT('Line Origine',(3.35353713807,13.7185445944,15.3)) ;
#2458=CARTESIAN_POINT('Vertex',(3.35353713807,13.2405025716,15.3)) ;
#2461=CARTESIAN_POINT('Line Origine',(4.4105851818,13.2405025716,15.3)) ;
#2465=CARTESIAN_POINT('Vertex',(5.46763322552,13.2405025716,15.3)) ;
#2468=CARTESIAN_POINT('Line Origine',(5.46763322548,7.83643467311,15.3)) ;
#2472=CARTESIAN_POINT('Vertex',(5.46763322544,2.43236677462,15.3)) ;
#2475=CARTESIAN_POINT('Line Origine',(5.10889320727,2.43236677462,15.3)) ;
#2479=CARTESIAN_POINT('Vertex',(4.750153189,2.43236677462,15.3)) ;
#2482=CARTESIAN_POINT('Line Origine',(4.750153189,1.76618338731,15.3)) ;
#2486=CARTESIAN_POINT('Vertex',(4.750153189,1.1,15.3)) ;
#2489=CARTESIAN_POINT('Line Origine',(5.1750765945,1.1,15.3)) ;
#2493=CARTESIAN_POINT('Vertex',(5.6,1.1,15.3)) ;
#2496=CARTESIAN_POINT('Line Origine',(5.68817494287,1.1,15.3)) ;
#2500=CARTESIAN_POINT('Vertex',(5.77634988574,1.1,15.3)) ;
#2503=CARTESIAN_POINT('Line Origine',(5.77634988574,-1.7763568394E-015,15.3)) ;
#2507=CARTESIAN_POINT('Vertex',(5.77634988574,-1.1,15.3)) ;
#2510=CARTESIAN_POINT('Line Origine',(5.68817494287,-1.1,15.3)) ;
#2514=CARTESIAN_POINT('Vertex',(5.6,-1.1,15.3)) ;
#2517=CARTESIAN_POINT('Line Origine',(5.17507659449,-1.1,15.3)) ;
#2521=CARTESIAN_POINT('Vertex',(4.75015318899,-1.1,15.3)) ;
#2524=CARTESIAN_POINT('Line Origine',(4.75015318899,-1.76618338731,15.3)) ;
#2528=CARTESIAN_POINT('Vertex',(4.75015318899,-2.43236677462,15.3)) ;
#2531=CARTESIAN_POINT('Line Origine',(5.10889320726,-2.43236677462,15.3)) ;
#2535=CARTESIAN_POINT('Vertex',(5.46763322544,-2.43236677462,15.3)) ;
#2538=CARTESIAN_POINT('Line Origine',(5.46763322548,-7.83643467311,15.3)) ;
#2542=CARTESIAN_POINT('Vertex',(5.46763322552,-13.2405025716,15.3)) ;
#2545=CARTESIAN_POINT('Line Origine',(4.4105851818,-13.2405025715,15.3)) ;
#2549=CARTESIAN_POINT('Vertex',(3.35353713807,-13.2405025715,15.3)) ;
#2552=CARTESIAN_POINT('Line Origine',(3.35353713807,-13.7185445942,15.3)) ;
#2556=CARTESIAN_POINT('Vertex',(3.35353713807,-14.1965866169,15.3)) ;
#2559=CARTESIAN_POINT('Line Origine',(4.2284752607,-14.1965866168,15.3)) ;
#2563=CARTESIAN_POINT('Vertex',(5.10341338332,-14.1965866168,15.3)) ;
#2566=CARTESIAN_POINT('Line Origine',(5.10341338332,-15.6251986557,15.3)) ;
#2570=CARTESIAN_POINT('Vertex',(5.10341338332,-17.0538106946,15.3)) ;
#2573=CARTESIAN_POINT('Line Origine',(-4.4408920985E-015,-17.0538106946,15.3)) ;
#2577=CARTESIAN_POINT('Vertex',(-5.10341338332,-17.0538106946,15.3)) ;
#2580=CARTESIAN_POINT('Line Origine',(-5.10341338332,-15.6251986557,15.3)) ;
#2584=CARTESIAN_POINT('Vertex',(-5.10341338332,-14.1965866168,15.3)) ;
#2587=CARTESIAN_POINT('Line Origine',(-4.2284752607,-14.1965866168,15.3)) ;
#2591=CARTESIAN_POINT('Vertex',(-3.35353713807,-14.1965866169,15.3)) ;
#2594=CARTESIAN_POINT('Line Origine',(-3.35353713807,-13.718544594,15.3)) ;
#2598=CARTESIAN_POINT('Vertex',(-3.35353713807,-13.2405025711,15.3)) ;
#2601=CARTESIAN_POINT('Line Origine',(-4.4105851818,-13.2405025711,15.3)) ;
#2605=CARTESIAN_POINT('Vertex',(-5.46763322552,-13.240502571,15.3)) ;
#2608=CARTESIAN_POINT('Line Origine',(-5.46763322548,-7.83643467283,15.3)) ;
#2612=CARTESIAN_POINT('Vertex',(-5.46763322544,-2.43236677462,15.3)) ;
#2615=CARTESIAN_POINT('Line Origine',(-5.10889320727,-2.43236677462,15.3)) ;
#2619=CARTESIAN_POINT('Vertex',(-4.750153189,-2.43236677462,15.3)) ;
#2622=CARTESIAN_POINT('Line Origine',(-4.750153189,-1.76618338731,15.3)) ;
#2670=CARTESIAN_POINT('Axis2P3D Location',(0.,18.6,9.3)) ;
#2676=CARTESIAN_POINT('Control Point',(-5.40056704489,18.50041474,15.0052357219)) ;
#2677=CARTESIAN_POINT('Control Point',(-5.50015230484,18.6,9.3)) ;
#2678=CARTESIAN_POINT('Vertex',(-5.40056704489,18.50041474,15.0052357219)) ;
#2681=CARTESIAN_POINT('Line Origine',(-1.74891212623E-010,18.50041474,15.0052357219)) ;
#2693=CARTESIAN_POINT('Axis2P3D Location',(-5.44778711006,17.5477871101,12.2825475936)) ;
#2699=CARTESIAN_POINT('Control Point',(-5.40056704489,18.50041474,15.0052357219)) ;
#2700=CARTESIAN_POINT('Control Point',(-5.79320730646,18.5003788698,15.0072907259)) ;
#2701=CARTESIAN_POINT('Control Point',(-6.19084815858,18.2908878937,15.0082755534)) ;
#2702=CARTESIAN_POINT('Control Point',(-6.40037887472,17.8931519042,15.0072904447)) ;
#2703=CARTESIAN_POINT('Control Point',(-6.40041474023,17.5005670451,15.0052357111)) ;
#2712=CARTESIAN_POINT('Axis2P3D Location',(8.79999999888,0.,9.3)) ;
#2717=CARTESIAN_POINT('Line Origine',(8.77357369518,0.,7.78603807485)) ;
#2721=CARTESIAN_POINT('Vertex',(8.77357369518,19.1736955402,7.78603807485)) ;
#2725=CARTESIAN_POINT('Control Point',(8.77357369518,19.1736955402,7.78603807485)) ;
#2726=CARTESIAN_POINT('Control Point',(8.79999999888,19.2001218439,9.3)) ;
#2735=CARTESIAN_POINT('Axis2P3D Location',(7.97986178171,19.1798617828,8.15326380533)) ;
#2740=CARTESIAN_POINT('Axis2P3D Location',(7.97369553905,19.1736955402,7.8)) ;
#2744=CARTESIAN_POINT('Vertex',(7.97369553905,19.9735736963,7.78603807485)) ;
#2747=CARTESIAN_POINT('Line Origine',(7.97986178171,19.979739939,8.13930188018)) ;
#2759=CARTESIAN_POINT('Axis2P3D Location',(0.,20.,9.3)) ;
#2765=CARTESIAN_POINT('Control Point',(-7.97369553905,19.9735736963,7.78603807485)) ;
#2766=CARTESIAN_POINT('Control Point',(-8.00012184276,20.,9.3)) ;
#2767=CARTESIAN_POINT('Vertex',(-7.97369553905,19.9735736963,7.78603807485)) ;
#2770=CARTESIAN_POINT('Line Origine',(0.,19.9735736963,7.78603807485)) ;
#2782=CARTESIAN_POINT('Axis2P3D Location',(-7.97986178171,19.1798617828,8.15326380533)) ;
#2787=CARTESIAN_POINT('Line Origine',(-8.77973993784,19.1798617828,8.13930188018)) ;
#2791=CARTESIAN_POINT('Vertex',(-8.77357369518,19.1736955402,7.78603807485)) ;
#2794=CARTESIAN_POINT('Axis2P3D Location',(-7.97369553905,19.1736955402,7.8)) ;
#2806=CARTESIAN_POINT('Axis2P3D Location',(-8.79999999888,0.,9.3)) ;
#2811=CARTESIAN_POINT('Line Origine',(-8.77357369518,0.,7.78603807485)) ;
#2815=CARTESIAN_POINT('Vertex',(-8.77357369518,11.3831864844,7.78603807485)) ;
#2819=CARTESIAN_POINT('Control Point',(-8.79999999888,11.3303177698,9.3)) ;
#2820=CARTESIAN_POINT('Control Point',(-8.77357369518,11.3831864844,7.78603807485)) ;
#2830=CARTESIAN_POINT('Control Point',(-7.97369553905,11.4106355397,7.)) ;
#2831=CARTESIAN_POINT('Control Point',(-8.28444160624,11.4106355397,7.)) ;
#2832=CARTESIAN_POINT('Control Point',(-8.59898264629,11.4049121245,7.16389716668)) ;
#2833=CARTESIAN_POINT('Control Point',(-8.7681537316,11.3940297169,7.47552854747)) ;
#2834=CARTESIAN_POINT('Control Point',(-8.77357369556,11.3831864852,7.78603807485)) ;
#2835=CARTESIAN_POINT('Vertex',(-7.97369553905,11.4106355389,7.)) ;
#2838=CARTESIAN_POINT('Line Origine',(-8.20484728878,11.4106355397,7.)) ;
#2842=CARTESIAN_POINT('Vertex',(-6.39999999944,11.4106355384,7.)) ;
#2845=CARTESIAN_POINT('Line Origine',(-8.20484728878,11.4106355397,7.)) ;
#2849=CARTESIAN_POINT('Vertex',(-6.35985335056,11.4106355384,7.)) ;
#2853=CARTESIAN_POINT('Control Point',(-6.4,11.3303177698,9.3)) ;
#2854=CARTESIAN_POINT('Control Point',(-6.35985335056,11.4106355397,7.)) ;
#2855=CARTESIAN_POINT('Vertex',(-6.4,11.3303177692,9.3)) ;
#2859=CARTESIAN_POINT('Control Point',(-6.4,11.3303177698,9.3)) ;
#2860=CARTESIAN_POINT('Control Point',(-6.45985335372,11.25,11.6)) ;
#2873=CARTESIAN_POINT('Line Origine',(-7.97369553905,15.2921655395,7.)) ;
#2877=CARTESIAN_POINT('Vertex',(-7.97369553905,19.1736955402,7.)) ;
#2880=CARTESIAN_POINT('Line Origine',(8.881784197E-016,19.1736955402,7.)) ;
#2884=CARTESIAN_POINT('Vertex',(7.97369553905,19.1736955361,7.)) ;
#2887=CARTESIAN_POINT('Line Origine',(7.97369553905,15.2921655395,7.)) ;
#2893=CARTESIAN_POINT('Control Point',(6.35985335053,17.7001218432,7.)) ;
#2894=CARTESIAN_POINT('Control Point',(6.35985335053,17.7758262256,7.)) ;
#2895=CARTESIAN_POINT('Control Point',(6.35089978599,17.8515302123,7.)) ;
#2896=CARTESIAN_POINT('Control Point',(6.33298934236,17.9258258194,7.)) ;
#2897=CARTESIAN_POINT('Control Point',(6.27990934414,18.0688308554,7.)) ;
#2898=CARTESIAN_POINT('Control Point',(6.1949087127,18.1954916296,7.)) ;
#2899=CARTESIAN_POINT('Control Point',(6.14504188819,18.253503092,7.)) ;
#2900=CARTESIAN_POINT('Control Point',(6.03252194418,18.3566075028,7.)) ;
#2901=CARTESIAN_POINT('Control Point',(5.89903170266,18.4305746946,7.)) ;
#2902=CARTESIAN_POINT('Control Point',(5.82818938621,18.4594472199,7.)) ;
#2903=CARTESIAN_POINT('Control Point',(5.73128189021,18.4860623354,7.)) ;
#2904=CARTESIAN_POINT('Control Point',(5.63204672786,18.4972907532,7.)) ;
#2905=CARTESIAN_POINT('Control Point',(5.60801537604,18.4990986282,7.)) ;
#2906=CARTESIAN_POINT('Control Point',(5.58399530492,18.5,7.)) ;
#2907=CARTESIAN_POINT('Control Point',(5.55997519398,18.5,7.)) ;
#2908=CARTESIAN_POINT('Vertex',(5.55997519398,18.5,7.)) ;
#2911=CARTESIAN_POINT('Line Origine',(-4.4408920985E-015,18.5,7.)) ;
#2915=CARTESIAN_POINT('Vertex',(-5.55997519398,18.5,7.)) ;
#2919=CARTESIAN_POINT('Control Point',(-6.35985335011,17.7001218439,7.)) ;
#2920=CARTESIAN_POINT('Control Point',(-6.35985335011,17.7758262269,7.)) ;
#2921=CARTESIAN_POINT('Control Point',(-6.35089978542,17.8515302142,7.)) ;
#2922=CARTESIAN_POINT('Control Point',(-6.33298934272,17.9258258185,7.)) ;
#2923=CARTESIAN_POINT('Control Point',(-6.27990934435,18.0688308551,7.)) ;
#2924=CARTESIAN_POINT('Control Point',(-6.1949087125,18.1954916299,7.)) ;
#2925=CARTESIAN_POINT('Control Point',(-6.14504188797,18.2535030923,7.)) ;
#2926=CARTESIAN_POINT('Control Point',(-6.03252194391,18.356607503,7.)) ;
#2927=CARTESIAN_POINT('Control Point',(-5.89903170237,18.4305746948,7.)) ;
#2928=CARTESIAN_POINT('Control Point',(-5.8281893859,18.4594472201,7.)) ;
#2929=CARTESIAN_POINT('Control Point',(-5.73128188995,18.4860623355,7.)) ;
#2930=CARTESIAN_POINT('Control Point',(-5.63204672767,18.4972907532,7.)) ;
#2931=CARTESIAN_POINT('Control Point',(-5.60801537591,18.4990986282,7.)) ;
#2932=CARTESIAN_POINT('Control Point',(-5.58399530486,18.5,7.)) ;
#2933=CARTESIAN_POINT('Control Point',(-5.55997519398,18.5,7.)) ;
#2934=CARTESIAN_POINT('Vertex',(-6.35985335011,17.7001218439,7.)) ;
#2937=CARTESIAN_POINT('Line Origine',(-6.35985335011,14.5553786911,7.)) ;
#2957=CARTESIAN_POINT('Axis2P3D Location',(7.97369553905,15.6651588849,7.8)) ;
#2962=CARTESIAN_POINT('Axis2P3D Location',(7.97369553905,19.1736955402,7.8)) ;
#2974=CARTESIAN_POINT('Axis2P3D Location',(6.87950881622,10.4295088177,12.7713209868)) ;
#2979=CARTESIAN_POINT('Axis2P3D Location',(6.88340050275,10.4334005042,12.5483664149)) ;
#2983=CARTESIAN_POINT('Vertex',(7.1833548113,10.4334005024,12.5536021368)) ;
#2986=CARTESIAN_POINT('Line Origine',(7.17946312477,10.4295088177,12.7765567088)) ;
#2998=CARTESIAN_POINT('Axis2P3D Location',(6.88340050275,10.4334005042,12.5483664149)) ;
#3004=CARTESIAN_POINT('Control Point',(7.14320812388,10.4334005042,12.6983664149)) ;
#3005=CARTESIAN_POINT('Control Point',(7.16851416071,10.4334005042,12.6545350734)) ;
#3006=CARTESIAN_POINT('Control Point',(7.18247144163,10.4334005042,12.604210351)) ;
#3007=CARTESIAN_POINT('Control Point',(7.1833548113,10.4334005042,12.5536021368)) ;
#3015=CARTESIAN_POINT('Axis2P3D Location',(6.88340050275,8.25,12.5483664149)) ;
#3020=CARTESIAN_POINT('Line Origine',(7.1833548113,8.25,12.5536021368)) ;
#3032=CARTESIAN_POINT('Axis2P3D Location',(5.23506728001,-0.399939078063,-11.6)) ;
#3037=CARTESIAN_POINT('Axis2P3D Location',(5.23506728001,5.74452805728,-11.6)) ;
#3041=CARTESIAN_POINT('Vertex',(5.23506728001,5.74452805728,-12.4)) ;
#3044=CARTESIAN_POINT('Axis2P3D Location',(5.23506728001,-5.7445280597,-11.6)) ;
#3048=CARTESIAN_POINT('Vertex',(5.23506728001,-5.7445280597,-12.4)) ;
#3051=CARTESIAN_POINT('Line Origine',(5.23506728001,-0.399939078063,-12.4)) ;
#3063=CARTESIAN_POINT('Axis2P3D Location',(5.41054765247,5.92000842974,-1.54673619468)) ;
#3068=CARTESIAN_POINT('Axis2P3D Location',(5.23506728001,5.74452805728,-11.6)) ;
#3072=CARTESIAN_POINT('Vertex',(5.23506728001,6.54440621341,-11.6139619251)) ;
#3075=CARTESIAN_POINT('Line Origine',(5.41054765247,6.71988658587,-1.56069811983)) ;
#3079=CARTESIAN_POINT('Vertex',(5.39066106418,6.7,-2.7)) ;
#3083=CARTESIAN_POINT('Control Point',(5.39066106418,6.69999999758,-2.7)) ;
#3084=CARTESIAN_POINT('Control Point',(5.39523406564,6.69999999758,-2.7)) ;
#3085=CARTESIAN_POINT('Control Point',(5.39980706713,6.69996079195,-2.70000000003)) ;
#3086=CARTESIAN_POINT('Control Point',(5.40437939793,6.6998823858,-2.7000000001)) ;
#3087=CARTESIAN_POINT('Vertex',(5.40438140981,6.7,-2.7)) ;
#3091=CARTESIAN_POINT('Control Point',(5.40437939793,6.6998823858,-2.7000000001)) ;
#3092=CARTESIAN_POINT('Control Point',(5.50956383193,6.69807868712,-2.7000000001)) ;
#3093=CARTESIAN_POINT('Control Point',(5.61445634826,6.67929451893,-2.6827129055)) ;
#3094=CARTESIAN_POINT('Control Point',(5.71140440469,6.64377647014,-2.6482573656)) ;
#3095=CARTESIAN_POINT('Control Point',(5.95428746931,6.51325051573,-2.51965123593)) ;
#3096=CARTESIAN_POINT('Control Point',(6.1063539166,6.32084587777,-2.32648688194)) ;
#3097=CARTESIAN_POINT('Control Point',(6.16892577947,6.18830826542,-2.19262636686)) ;
#3098=CARTESIAN_POINT('Control Point',(6.20182261839,6.05106040137,-2.05357455638)) ;
#3099=CARTESIAN_POINT('Control Point',(6.20425956594,5.91384218709,-1.91396192515)) ;
#3109=CARTESIAN_POINT('Axis2P3D Location',(5.40438140981,-0.399939078063,-1.9)) ;
#3114=CARTESIAN_POINT('Line Origine',(5.40438140981,-0.399939078063,-2.7)) ;
#3118=CARTESIAN_POINT('Vertex',(5.40438140981,17.5445280597,-2.7)) ;
#3121=CARTESIAN_POINT('Axis2P3D Location',(5.40438140981,17.5445280597,-1.9)) ;
#3133=CARTESIAN_POINT('Axis2P3D Location',(5.41073438884,17.5508810387,-1.53603807485)) ;
#3138=CARTESIAN_POINT('Line Origine',(5.41073438884,18.3507591949,-1.55)) ;
#3142=CARTESIAN_POINT('Vertex',(5.40438140981,18.3444062158,-1.91396192515)) ;
#3145=CARTESIAN_POINT('Axis2P3D Location',(5.40438140981,17.5445280597,-1.9)) ;
#3157=CARTESIAN_POINT('Axis2P3D Location',(5.41759456166,-17.5577412116,-1.14301903743)) ;
#3162=CARTESIAN_POINT('Line Origine',(5.41759456166,-18.3576193677,-1.15698096257)) ;
#3166=CARTESIAN_POINT('Vertex',(5.40438140981,-18.3444062158,-1.91396192515)) ;
#3169=CARTESIAN_POINT('Axis2P3D Location',(5.40438140981,-17.5445280597,-1.9)) ;
#3181=CARTESIAN_POINT('Axis2P3D Location',(5.40438140981,1.7763568394E-015,-1.9)) ;
#3186=CARTESIAN_POINT('Axis2P3D Location',(5.40438140981,-17.5445280597,-1.9)) ;
#3190=CARTESIAN_POINT('Vertex',(5.40438140981,-17.5445280597,-2.7)) ;
#3193=CARTESIAN_POINT('Line Origine',(5.40438140981,0.,-2.7)) ;
#3197=CARTESIAN_POINT('Vertex',(5.40438140981,-6.69988235277,-2.7)) ;
#3201=CARTESIAN_POINT('Control Point',(5.40438140981,-6.69988235016,-2.7)) ;
#3202=CARTESIAN_POINT('Control Point',(5.48100869522,-6.69856815514,-2.7)) ;
#3203=CARTESIAN_POINT('Control Point',(5.55748103226,-6.68824213767,-2.69082540489)) ;
#3204=CARTESIAN_POINT('Control Point',(5.63077233484,-6.66901667532,-2.67253750508)) ;
#3205=CARTESIAN_POINT('Control Point',(5.89794741667,-6.56634477367,-2.57270699434)) ;
#3206=CARTESIAN_POINT('Control Point',(6.07844237127,-6.37897229349,-2.38515371873)) ;
#3207=CARTESIAN_POINT('Control Point',(6.15876808792,-6.22776442862,-2.23308138335)) ;
#3208=CARTESIAN_POINT('Control Point',(6.20147014426,-6.07090731086,-2.07376778606)) ;
#3209=CARTESIAN_POINT('Control Point',(6.20425956594,-5.91384218951,-1.91396192515)) ;
#3218=CARTESIAN_POINT('Axis2P3D Location',(5.41054765247,-5.92000843217,-1.54673619468)) ;
#3223=CARTESIAN_POINT('Line Origine',(5.41054765247,-6.71988658829,-1.56069811983)) ;
#3227=CARTESIAN_POINT('Vertex',(5.23506728001,-6.54440621583,-11.6139619251)) ;
#3229=CARTESIAN_POINT('Vertex',(5.39066106418,-6.7,-2.7)) ;
#3232=CARTESIAN_POINT('Axis2P3D Location',(5.23506728001,-5.7445280597,-11.6)) ;
#3238=CARTESIAN_POINT('Control Point',(5.39066106418,-6.7,-2.7)) ;
#3239=CARTESIAN_POINT('Control Point',(5.39523473803,-6.7,-2.7)) ;
#3240=CARTESIAN_POINT('Control Point',(5.3998084119,-6.69996078284,-2.70000000003)) ;
#3241=CARTESIAN_POINT('Control Point',(5.40438141477,-6.69988235363,-2.7000000001)) ;
#3251=CARTESIAN_POINT('Axis2P3D Location',(7.19999999851,0.,11.6)) ;
#3263=CARTESIAN_POINT('Axis2P3D Location',(7.19999999851,0.,11.6)) ;
#3275=CARTESIAN_POINT('Axis2P3D Location',(0.,-18.5,7.)) ;
#3280=CARTESIAN_POINT('Line Origine',(0.,-18.3444062158,-1.91396192515)) ;
#3284=CARTESIAN_POINT('Vertex',(3.63923377034,-18.3444062158,-1.91396192515)) ;
#3288=CARTESIAN_POINT('Control Point',(-5.40438140981,-18.3444062158,-1.91396192515)) ;
#3289=CARTESIAN_POINT('Control Point',(-5.55997519398,-18.5,7.)) ;
#3290=CARTESIAN_POINT('Vertex',(-5.40438140981,-18.3444062158,-1.91396192515)) ;
#3293=CARTESIAN_POINT('Line Origine',(0.,-18.3444062158,-1.91396192515)) ;
#3297=CARTESIAN_POINT('Vertex',(-3.63923377034,-18.3444062158,-1.91396192515)) ;
#3301=CARTESIAN_POINT('Control Point',(-3.44789835322,-18.4400447764,3.56516754169)) ;
#3302=CARTESIAN_POINT('Control Point',(-3.63923377034,-18.3444062158,-1.91396192515)) ;
#3303=CARTESIAN_POINT('Vertex',(-3.44789835153,-18.4400447775,3.56516760615)) ;
#3307=CARTESIAN_POINT('Control Point',(3.44789835322,-18.4400447764,3.56516754169)) ;
#3308=CARTESIAN_POINT('Control Point',(3.43294219733,-18.4475205759,3.99345580964)) ;
#3309=CARTESIAN_POINT('Control Point',(3.35148507934,-18.4549558412,4.41942187205)) ;
#3310=CARTESIAN_POINT('Control Point',(3.20401066999,-18.4621090547,4.82922919881)) ;
#3311=CARTESIAN_POINT('Control Point',(2.65552227811,-18.4795537922,5.82863753759)) ;
#3312=CARTESIAN_POINT('Control Point',(1.7426056133,-18.4921039406,6.54763505745)) ;
#3313=CARTESIAN_POINT('Control Point',(1.07318659856,-18.4971692276,6.8378251584)) ;
#3314=CARTESIAN_POINT('Control Point',(-0.651369697705,-18.5017469919,7.10008509732)) ;
#3315=CARTESIAN_POINT('Control Point',(-2.27573525499,-18.4883227816,6.33101260698)) ;
#3316=CARTESIAN_POINT('Control Point',(-3.02162058771,-18.4744675322,5.53724589772)) ;
#3317=CARTESIAN_POINT('Control Point',(-3.41324656193,-18.4573653853,4.55746455746)) ;
#3318=CARTESIAN_POINT('Control Point',(-3.44789835153,-18.4400447775,3.56516760615)) ;
#3319=CARTESIAN_POINT('Vertex',(3.44789835322,-18.4400447764,3.56516754169)) ;
#3323=CARTESIAN_POINT('Control Point',(3.44789835322,-18.4400447764,3.56516754169)) ;
#3324=CARTESIAN_POINT('Control Point',(3.63923377034,-18.3444062158,-1.91396192515)) ;
#3337=CARTESIAN_POINT('Axis2P3D Location',(-5.41759456166,-17.5577412116,-1.14301903743)) ;
#3342=CARTESIAN_POINT('Line Origine',(-6.21747271779,-17.5577412116,-1.15698096257)) ;
#3346=CARTESIAN_POINT('Vertex',(-6.20425956594,-17.5445280597,-1.91396192515)) ;
#3349=CARTESIAN_POINT('Axis2P3D Location',(-5.40438140981,-17.5445280597,-1.9)) ;
#3361=CARTESIAN_POINT('Axis2P3D Location',(-6.39999999944,0.,9.3)) ;
#3366=CARTESIAN_POINT('Line Origine',(-6.20425956594,0.,-1.91396192515)) ;
#3370=CARTESIAN_POINT('Vertex',(-6.20425956594,-5.91384218951,-1.91396192515)) ;
#3373=CARTESIAN_POINT('Line Origine',(-6.39999999944,0.,9.3)) ;
#3377=CARTESIAN_POINT('Vertex',(-6.4,-5.25,9.3)) ;
#3380=CARTESIAN_POINT('Line Origine',(-6.39999999944,0.,9.3)) ;
#3384=CARTESIAN_POINT('Vertex',(-6.4,-5.16968223033,9.3)) ;
#3388=CARTESIAN_POINT('Control Point',(-6.39999999944,-5.1696822301,9.3)) ;
#3389=CARTESIAN_POINT('Control Point',(-6.35985335011,-5.08936446028,7.)) ;
#3390=CARTESIAN_POINT('Vertex',(-6.35985335242,-5.08936446053,7.)) ;
#3393=CARTESIAN_POINT('Line Origine',(-6.35985335011,0.,7.)) ;
#3397=CARTESIAN_POINT('Vertex',(-6.35985335242,5.08936446053,7.)) ;
#3401=CARTESIAN_POINT('Control Point',(-6.39999999944,5.16968222987,9.3)) ;
#3402=CARTESIAN_POINT('Control Point',(-6.35985335011,5.08936446076,7.)) ;
#3403=CARTESIAN_POINT('Vertex',(-6.4,5.16968222987,9.3)) ;
#3406=CARTESIAN_POINT('Line Origine',(-6.39999999944,0.,9.3)) ;
#3410=CARTESIAN_POINT('Vertex',(-6.4,5.25,9.3)) ;
#3413=CARTESIAN_POINT('Line Origine',(-6.39999999944,0.,9.3)) ;
#3419=CARTESIAN_POINT('Control Point',(-6.20425956594,17.5445280597,-1.91396192515)) ;
#3420=CARTESIAN_POINT('Control Point',(-6.35985335011,17.7001218439,7.)) ;
#3421=CARTESIAN_POINT('Vertex',(-6.20425956594,17.5445280597,-1.91396192515)) ;
#3424=CARTESIAN_POINT('Line Origine',(-6.20425956594,0.,-1.91396192515)) ;
#3428=CARTESIAN_POINT('Vertex',(-6.20425956594,5.91384218709,-1.91396192515)) ;
#3432=CARTESIAN_POINT('Control Point',(-6.03494543613,5.74452805728,-11.6139619251)) ;
#3433=CARTESIAN_POINT('Control Point',(-6.20425956594,5.91384218709,-1.91396192515)) ;
#3434=CARTESIAN_POINT('Vertex',(-6.03494543613,5.74452805728,-11.6139619251)) ;
#3437=CARTESIAN_POINT('Line Origine',(-6.03494543613,0.,-11.6139619251)) ;
#3441=CARTESIAN_POINT('Vertex',(-6.03494543613,-5.7445280597,-11.6139619251)) ;
#3445=CARTESIAN_POINT('Control Point',(-6.03494543613,-5.7445280597,-11.6139619251)) ;
#3446=CARTESIAN_POINT('Control Point',(-6.20425956594,-5.91384218951,-1.91396192515)) ;
#3469=CARTESIAN_POINT('Axis2P3D Location',(-7.97369553905,-15.6651588849,7.8)) ;
#3474=CARTESIAN_POINT('Axis2P3D Location',(-7.97369553905,-19.1736955402,7.8)) ;
#3486=CARTESIAN_POINT('Axis2P3D Location',(-0.459252206764,-19.1736955402,7.8)) ;
#3491=CARTESIAN_POINT('Axis2P3D Location',(7.97369553905,-19.1736955402,7.8)) ;
#3496=CARTESIAN_POINT('Axis2P3D Location',(-7.97369553905,-19.1736955402,7.8)) ;
#3508=CARTESIAN_POINT('Axis2P3D Location',(7.97369553905,-19.1736955402,7.8)) ;
#3520=CARTESIAN_POINT('Control Point',(-6.40041474004,-17.5005670449,15.0052357219)) ;
#3521=CARTESIAN_POINT('Control Point',(-6.3987881656,-17.5005670449,15.0984221091)) ;
#3522=CARTESIAN_POINT('Control Point',(-6.36097398482,-17.5005670449,15.1909768392)) ;
#3523=CARTESIAN_POINT('Control Point',(-6.28686159561,-17.5005670449,15.2638068813)) ;
#3524=CARTESIAN_POINT('Control Point',(-6.19366101355,-17.5005670449,15.3)) ;
#3525=CARTESIAN_POINT('Control Point',(-6.1004604315,-17.5005670449,15.3)) ;
#3526=CARTESIAN_POINT('Control Point',(-6.40038604386,-17.8146792541,15.0068797251)) ;
#3527=CARTESIAN_POINT('Control Point',(-6.39825446848,-17.8141683584,15.0997283966)) ;
#3528=CARTESIAN_POINT('Control Point',(-6.36019411841,-17.8022911903,15.19175153)) ;
#3529=CARTESIAN_POINT('Control Point',(-6.28620389416,-17.7790129962,15.2640622901)) ;
#3530=CARTESIAN_POINT('Control Point',(-6.19333216283,-17.7497393374,15.3)) ;
#3531=CARTESIAN_POINT('Control Point',(-6.1004604315,-17.7204656787,15.3)) ;
#3532=CARTESIAN_POINT('Control Point',(-6.277031755,-18.1287898742,15.0078782602)) ;
#3533=CARTESIAN_POINT('Control Point',(-6.27479857081,-18.1273698168,15.1005183401)) ;
#3534=CARTESIAN_POINT('Control Point',(-6.24125659553,-18.1034170283,15.1922186128)) ;
#3535=CARTESIAN_POINT('Control Point',(-6.17648194834,-18.0569482959,15.2642163234)) ;
#3536=CARTESIAN_POINT('Control Point',(-6.09530328844,-17.998649732,15.3000000012)) ;
#3537=CARTESIAN_POINT('Control Point',(-6.01412462862,-17.9403517773,15.3)) ;
#3538=CARTESIAN_POINT('Control Point',(-6.02878262836,-18.3770663285,15.0078783657)) ;
#3539=CARTESIAN_POINT('Control Point',(-6.02736353772,-18.3748331483,15.1005184308)) ;
#3540=CARTESIAN_POINT('Control Point',(-6.00341182272,-18.3412899378,15.1922186689)) ;
#3541=CARTESIAN_POINT('Control Point',(-5.95694407172,-18.2765128004,15.2642163418)) ;
#3542=CARTESIAN_POINT('Control Point',(-5.8986462007,-18.1953309613,15.3000000012)) ;
#3543=CARTESIAN_POINT('Control Point',(-5.84034860999,-18.1141490792,15.3)) ;
#3544=CARTESIAN_POINT('Control Point',(-5.71463498937,-18.5003860424,15.0068794989)) ;
#3545=CARTESIAN_POINT('Control Point',(-5.71412408195,-18.4982544834,15.0997282162)) ;
#3546=CARTESIAN_POINT('Control Point',(-5.70224851402,-18.4601941194,15.191751423)) ;
#3547=CARTESIAN_POINT('Control Point',(-5.67897355445,-18.3862038469,15.2640622551)) ;
#3548=CARTESIAN_POINT('Control Point',(-5.64970401331,-18.2933320632,15.3000000003)) ;
#3549=CARTESIAN_POINT('Control Point',(-5.62043450467,-18.2004603013,15.3)) ;
#3550=CARTESIAN_POINT('Control Point',(-5.40056735773,-18.5004147509,15.0052357168)) ;
#3551=CARTESIAN_POINT('Control Point',(-5.40056753256,-18.4987881732,15.0984221059)) ;
#3552=CARTESIAN_POINT('Control Point',(-5.40056767555,-18.4609739898,15.1909768374)) ;
#3553=CARTESIAN_POINT('Control Point',(-5.40056775049,-18.3868615993,15.2638068804)) ;
#3554=CARTESIAN_POINT('Control Point',(-5.40056773998,-18.2936610171,15.2999999997)) ;
#3555=CARTESIAN_POINT('Control Point',(-5.40056766103,-18.2004604356,15.3)) ;
#3557=CARTESIAN_POINT('Control Point',(-6.40041474004,-17.5005670449,15.0052357219)) ;
#3558=CARTESIAN_POINT('Control Point',(-6.398381522,-17.5005670449,15.1217187059)) ;
#3559=CARTESIAN_POINT('Control Point',(-6.33489907561,-17.5005670449,15.2385664974)) ;
#3560=CARTESIAN_POINT('Control Point',(-6.21696115907,-17.5005670449,15.3)) ;
#3561=CARTESIAN_POINT('Control Point',(-6.1004604315,-17.5005670449,15.3)) ;
#3564=CARTESIAN_POINT('Control Point',(-5.40056735773,-18.5004147509,15.0052357168)) ;
#3565=CARTESIAN_POINT('Control Point',(-5.40056757627,-18.4983815288,15.1217187031)) ;
#3566=CARTESIAN_POINT('Control Point',(-5.40056774345,-18.4348990794,15.2385664962)) ;
#3567=CARTESIAN_POINT('Control Point',(-5.40056775972,-18.3169611625,15.2999999997)) ;
#3568=CARTESIAN_POINT('Control Point',(-5.40056766103,-18.2004604356,15.3)) ;
#3577=CARTESIAN_POINT('Axis2P3D Location',(-6.68516517922,-10.427407243,12.8917200671)) ;
#3582=CARTESIAN_POINT('Line Origine',(-6.94497280036,-10.427407243,13.0417200671)) ;
#3586=CARTESIAN_POINT('Vertex',(-7.14320812542,-10.4334005034,12.6983664122)) ;
#3589=CARTESIAN_POINT('Axis2P3D Location',(-6.88340050429,-10.4334005034,12.5483664122)) ;
#3593=CARTESIAN_POINT('Vertex',(-6.88340050429,-10.7333548119,12.5536021342)) ;
#3596=CARTESIAN_POINT('Line Origine',(-6.68516517922,-10.7273615516,12.896955789)) ;
#3608=CARTESIAN_POINT('Axis2P3D Location',(-6.5,0.,13.8124355653)) ;
#3613=CARTESIAN_POINT('Line Origine',(-6.78099386477,-6.07755034094,13.3257399149)) ;
#3617=CARTESIAN_POINT('Vertex',(-7.14320812542,-6.06659949571,12.6983664122)) ;
#3620=CARTESIAN_POINT('Line Origine',(-7.14320812542,-8.24999999953,12.6983664122)) ;
#3632=CARTESIAN_POINT('Axis2P3D Location',(-6.68516517922,-6.07259275605,12.8917200671)) ;
#3637=CARTESIAN_POINT('Line Origine',(-6.68516517922,-5.77263844751,12.896955789)) ;
#3641=CARTESIAN_POINT('Vertex',(-6.88340050429,-5.76664518717,12.5536021342)) ;
#3644=CARTESIAN_POINT('Axis2P3D Location',(-6.88340050429,-6.06659949571,12.5483664122)) ;
#3656=CARTESIAN_POINT('Axis2P3D Location',(-7.2,-5.75,11.6)) ;
#3661=CARTESIAN_POINT('Line Origine',(-1.67640479276E-009,-5.75,11.6)) ;
#3665=CARTESIAN_POINT('Vertex',(-6.50000000075,-5.75,11.6)) ;
#3668=CARTESIAN_POINT('Line Origine',(-1.67640479276E-009,-5.75,11.6)) ;
#3672=CARTESIAN_POINT('Vertex',(-6.90004569071,-5.75,11.6)) ;
#3676=CARTESIAN_POINT('Control Point',(-6.88340050429,-5.76664518717,12.5536021342)) ;
#3677=CARTESIAN_POINT('Control Point',(-6.90004569145,-5.75,11.6)) ;
#3687=CARTESIAN_POINT('Axis2P3D Location',(-6.45985335372,0.,11.6)) ;
#3692=CARTESIAN_POINT('Line Origine',(-6.42992667686,-5.20984111493,10.45)) ;
#3697=CARTESIAN_POINT('Line Origine',(-6.45985335372,-8.25,11.6)) ;
#3713=CARTESIAN_POINT('Control Point',(-7.97369553905,-5.08936446034,7.)) ;
#3714=CARTESIAN_POINT('Control Point',(-8.28444160624,-5.08936446034,7.)) ;
#3715=CARTESIAN_POINT('Control Point',(-8.59898264628,-5.09508787552,7.16389716666)) ;
#3716=CARTESIAN_POINT('Control Point',(-8.7681537316,-5.10597028313,7.47552854748)) ;
#3717=CARTESIAN_POINT('Control Point',(-8.77357369556,-5.11681351476,7.78603807485)) ;
#3718=CARTESIAN_POINT('Vertex',(-7.97369553905,-5.08936446051,7.)) ;
#3720=CARTESIAN_POINT('Vertex',(-8.77357369518,-5.11681351492,7.78603807485)) ;
#3723=CARTESIAN_POINT('Line Origine',(-8.20484728878,-5.08936446034,7.)) ;
#3727=CARTESIAN_POINT('Vertex',(-6.39999999944,-5.08936446053,7.)) ;
#3730=CARTESIAN_POINT('Line Origine',(-8.20484728878,-5.08936446034,7.)) ;
#3735=CARTESIAN_POINT('Line Origine',(-8.20484728878,-5.16968223017,9.3)) ;
#3739=CARTESIAN_POINT('Vertex',(-8.8,-5.16968223017,9.3)) ;
#3743=CARTESIAN_POINT('Control Point',(-8.8,-5.16968223017,9.3)) ;
#3744=CARTESIAN_POINT('Control Point',(-8.77357369556,-5.11681351476,7.78603807485)) ;
#3757=CARTESIAN_POINT('Line Origine',(-7.65,5.16968223017,9.3)) ;
#3761=CARTESIAN_POINT('Vertex',(-8.8,5.16968223017,9.3)) ;
#3764=CARTESIAN_POINT('Line Origine',(-8.8,8.881784197E-016,9.3)) ;
#3777=CARTESIAN_POINT('Control Point',(-8.8,5.16968223017,9.3)) ;
#3778=CARTESIAN_POINT('Control Point',(-8.77357369556,5.11681351476,7.78603807485)) ;
#3779=CARTESIAN_POINT('Vertex',(-8.77357369518,5.11681351476,7.78603807485)) ;
#3783=CARTESIAN_POINT('Control Point',(-6.4,5.16968223017,9.3)) ;
#3784=CARTESIAN_POINT('Control Point',(-6.45985335372,5.25,11.6)) ;
#3786=CARTESIAN_POINT('Line Origine',(-8.20484728878,5.08936446034,7.)) ;
#3790=CARTESIAN_POINT('Vertex',(-6.39999999944,5.08936446053,7.)) ;
#3793=CARTESIAN_POINT('Line Origine',(-8.20484728878,5.08936446034,7.)) ;
#3797=CARTESIAN_POINT('Vertex',(-7.97369553905,5.08936446051,7.)) ;
#3801=CARTESIAN_POINT('Control Point',(-7.97369553905,5.08936446034,7.)) ;
#3802=CARTESIAN_POINT('Control Point',(-8.28444160624,5.08936446034,7.)) ;
#3803=CARTESIAN_POINT('Control Point',(-8.59898264628,5.09508787551,7.16389716665)) ;
#3804=CARTESIAN_POINT('Control Point',(-8.7681537316,5.10597028313,7.47552854748)) ;
#3805=CARTESIAN_POINT('Control Point',(-8.77357369556,5.11681351476,7.78603807485)) ;
#3818=CARTESIAN_POINT('Line Origine',(-6.45985335372,8.24999999933,11.6)) ;
#3833=CARTESIAN_POINT('Axis2P3D Location',(-7.2,5.75,11.6)) ;
#3839=CARTESIAN_POINT('Control Point',(-6.88340050429,5.76664518717,12.5536021342)) ;
#3840=CARTESIAN_POINT('Control Point',(-6.42948490656,5.78036844435,13.3398070118)) ;
#3841=CARTESIAN_POINT('Vertex',(-6.88340050429,5.76664518717,12.5536021342)) ;
#3845=CARTESIAN_POINT('Control Point',(-6.88340050429,5.76664518717,12.5536021342)) ;
#3846=CARTESIAN_POINT('Control Point',(-6.90004569145,5.75,11.6)) ;
#3847=CARTESIAN_POINT('Vertex',(-6.90004569071,5.75,11.6)) ;
#3850=CARTESIAN_POINT('Line Origine',(-1.67640479276E-009,5.75,11.6)) ;
#3854=CARTESIAN_POINT('Vertex',(-6.49999999981,5.75,11.6)) ;
#3857=CARTESIAN_POINT('Line Origine',(-1.67640479276E-009,5.75,11.6)) ;
#3870=CARTESIAN_POINT('Axis2P3D Location',(-6.68516517892,6.07259275606,12.8917200676)) ;
#3875=CARTESIAN_POINT('Line Origine',(-6.94497280006,6.07259275606,13.0417200676)) ;
#3879=CARTESIAN_POINT('Vertex',(-7.14320812542,6.06659949571,12.6983664122)) ;
#3882=CARTESIAN_POINT('Axis2P3D Location',(-6.88340050429,6.06659949571,12.5483664122)) ;
#3894=CARTESIAN_POINT('Line Origine',(-6.78099386431,10.422449659,13.3257399157)) ;
#3898=CARTESIAN_POINT('Vertex',(-7.14320812542,10.4334005024,12.6983664122)) ;
#3901=CARTESIAN_POINT('Line Origine',(-7.14320812542,8.25,12.6983664122)) ;
#3913=CARTESIAN_POINT('Axis2P3D Location',(-6.68516517892,10.4274072439,12.8917200676)) ;
#3918=CARTESIAN_POINT('Line Origine',(-6.68516517892,10.7273615525,12.8969557896)) ;
#3922=CARTESIAN_POINT('Vertex',(-6.88340050429,10.7333548128,12.5536021342)) ;
#3925=CARTESIAN_POINT('Axis2P3D Location',(-6.88340050429,10.4334005043,12.5483664122)) ;
#3937=CARTESIAN_POINT('Axis2P3D Location',(-7.2,10.75,11.6)) ;
#3942=CARTESIAN_POINT('Line Origine',(-1.67640479276E-009,10.75,11.6)) ;
#3946=CARTESIAN_POINT('Vertex',(-6.49999999981,10.75,11.6)) ;
#3949=CARTESIAN_POINT('Line Origine',(-1.67640479276E-009,10.75,11.6)) ;
#3953=CARTESIAN_POINT('Vertex',(-6.90004569071,10.75,11.6)) ;
#3957=CARTESIAN_POINT('Control Point',(-6.88340050429,10.7333548128,12.5536021342)) ;
#3958=CARTESIAN_POINT('Control Point',(-6.90004569145,10.75,11.6)) ;
#3968=CARTESIAN_POINT('Axis2P3D Location',(-6.1004604315,1.85433890465E-011,15.)) ;
#3973=CARTESIAN_POINT('Axis2P3D Location',(-6.1004604315,17.5005670449,15.)) ;
#3985=CARTESIAN_POINT('Axis2P3D Location',(-7.2,-10.7499999991,11.6)) ;
#3991=CARTESIAN_POINT('Control Point',(-6.88340050429,-10.7333548119,12.5536021342)) ;
#3992=CARTESIAN_POINT('Control Point',(-6.90004569145,-10.7499999991,11.6)) ;
#3993=CARTESIAN_POINT('Vertex',(-6.90004569071,-10.75,11.6)) ;
#3996=CARTESIAN_POINT('Line Origine',(-1.67640479276E-009,-10.7499999991,11.6)) ;
#4000=CARTESIAN_POINT('Vertex',(-6.50000000075,-10.75,11.6)) ;
#4003=CARTESIAN_POINT('Line Origine',(-1.67640479276E-009,-10.7499999991,11.6)) ;
#4016=CARTESIAN_POINT('Axis2P3D Location',(-7.97369553905,-19.1736955402,7.8)) ;
#4027=CARTESIAN_POINT('Axis2P3D Location',(0.012261790061,-18.2004604315,15.)) ;
#4039=CARTESIAN_POINT('Axis2P3D Location',(0.012261790061,18.2004604315,15.)) ;
#4044=CARTESIAN_POINT('Axis2P3D Location',(-5.40056704489,18.2004604315,15.)) ;
#4057=CARTESIAN_POINT('Control Point',(-5.40056704489,18.50041474,15.0052357219)) ;
#4058=CARTESIAN_POINT('Control Point',(-5.40056704489,18.4987881656,15.0984221091)) ;
#4059=CARTESIAN_POINT('Control Point',(-5.40056704489,18.4609739848,15.1909768392)) ;
#4060=CARTESIAN_POINT('Control Point',(-5.40056704489,18.3868615956,15.2638068813)) ;
#4061=CARTESIAN_POINT('Control Point',(-5.40056704489,18.2936610136,15.3)) ;
#4062=CARTESIAN_POINT('Control Point',(-5.40056704489,18.2004604315,15.3)) ;
#4063=CARTESIAN_POINT('Control Point',(-5.71467925414,18.5003860439,15.0068797251)) ;
#4064=CARTESIAN_POINT('Control Point',(-5.71416835835,18.4982544685,15.0997283966)) ;
#4065=CARTESIAN_POINT('Control Point',(-5.70229119025,18.4601941184,15.19175153)) ;
#4066=CARTESIAN_POINT('Control Point',(-5.67901299619,18.3862038942,15.2640622901)) ;
#4067=CARTESIAN_POINT('Control Point',(-5.64973933744,18.2933321628,15.3)) ;
#4068=CARTESIAN_POINT('Control Point',(-5.62046567869,18.2004604315,15.3)) ;
#4069=CARTESIAN_POINT('Control Point',(-6.02878987425,18.377031755,15.0078782602)) ;
#4070=CARTESIAN_POINT('Control Point',(-6.02736981677,18.3747985708,15.1005183401)) ;
#4071=CARTESIAN_POINT('Control Point',(-6.0034170283,18.3412565955,15.1922186128)) ;
#4072=CARTESIAN_POINT('Control Point',(-5.95694829592,18.2764819483,15.2642163234)) ;
#4073=CARTESIAN_POINT('Control Point',(-5.898649732,18.1953032884,15.3000000012)) ;
#4074=CARTESIAN_POINT('Control Point',(-5.84035177731,18.1141246286,15.3)) ;
#4075=CARTESIAN_POINT('Control Point',(-6.27706632845,18.1287826284,15.0078783657)) ;
#4076=CARTESIAN_POINT('Control Point',(-6.27483314827,18.1273635377,15.1005184308)) ;
#4077=CARTESIAN_POINT('Control Point',(-6.24128993781,18.1034118227,15.1922186689)) ;
#4078=CARTESIAN_POINT('Control Point',(-6.17651280046,18.0569440717,15.2642163418)) ;
#4079=CARTESIAN_POINT('Control Point',(-6.09533096127,17.9986462007,15.3000000012)) ;
#4080=CARTESIAN_POINT('Control Point',(-6.01414907916,17.94034861,15.3)) ;
#4081=CARTESIAN_POINT('Control Point',(-6.40038604245,17.8146349894,15.0068794989)) ;
#4082=CARTESIAN_POINT('Control Point',(-6.3982544834,17.814124082,15.0997282162)) ;
#4083=CARTESIAN_POINT('Control Point',(-6.36019411945,17.802248514,15.191751423)) ;
#4084=CARTESIAN_POINT('Control Point',(-6.28620384694,17.7789735545,15.2640622551)) ;
#4085=CARTESIAN_POINT('Control Point',(-6.19333206322,17.7497040133,15.3000000003)) ;
#4086=CARTESIAN_POINT('Control Point',(-6.10046030128,17.7204345047,15.3)) ;
#4087=CARTESIAN_POINT('Control Point',(-6.4004147509,17.5005673577,15.0052357168)) ;
#4088=CARTESIAN_POINT('Control Point',(-6.39878817323,17.5005675326,15.0984221059)) ;
#4089=CARTESIAN_POINT('Control Point',(-6.36097398984,17.5005676756,15.1909768374)) ;
#4090=CARTESIAN_POINT('Control Point',(-6.28686159932,17.5005677505,15.2638068804)) ;
#4091=CARTESIAN_POINT('Control Point',(-6.19366101714,17.50056774,15.2999999997)) ;
#4092=CARTESIAN_POINT('Control Point',(-6.10046043558,17.500567661,15.3)) ;
#4100=CARTESIAN_POINT('Axis2P3D Location',(-4.525,0.,-10.5)) ;
#4105=CARTESIAN_POINT('Line Origine',(-4.58957882165,0.0964705711128,-3.1)) ;
#4109=CARTESIAN_POINT('Vertex',(-4.58957882015,4.9,-3.1)) ;
#4111=CARTESIAN_POINT('Vertex',(-4.58957881926,3.55585195386,-3.1)) ;
#4115=CARTESIAN_POINT('Control Point',(-4.58957882165,4.9,-3.1)) ;
#4116=CARTESIAN_POINT('Control Point',(-4.68251996362,4.99294114197,7.55)) ;
#4117=CARTESIAN_POINT('Vertex',(-4.68251996336,4.99294114197,7.55)) ;
#4120=CARTESIAN_POINT('Line Origine',(-4.68251996362,0.0964705711128,7.55)) ;
#4124=CARTESIAN_POINT('Vertex',(-4.68251996362,2.5,7.55)) ;
#4128=CARTESIAN_POINT('Control Point',(-4.68251996362,2.5,7.55)) ;
#4129=CARTESIAN_POINT('Control Point',(-4.750153189,2.43236677462,15.3)) ;
#4132=CARTESIAN_POINT('Control Point',(-4.750153189,1.1,15.3)) ;
#4133=CARTESIAN_POINT('Control Point',(-4.72789967614,0.371817169477,12.75)) ;
#4134=CARTESIAN_POINT('Vertex',(-4.72789967614,0.371817169477,12.75)) ;
#4138=CARTESIAN_POINT('Control Point',(-4.72789967614,0.371817169477,12.75)) ;
#4139=CARTESIAN_POINT('Control Point',(-4.70608250666,0.35,10.25)) ;
#4140=CARTESIAN_POINT('Vertex',(-4.70608250666,0.35,10.25)) ;
#4143=CARTESIAN_POINT('Line Origine',(-4.70608250666,0.0964705711128,10.25)) ;
#4147=CARTESIAN_POINT('Vertex',(-4.70608250666,-0.35,10.25)) ;
#4151=CARTESIAN_POINT('Control Point',(-4.72789967614,-0.371817169477,12.75)) ;
#4152=CARTESIAN_POINT('Control Point',(-4.70608250666,-0.35,10.25)) ;
#4153=CARTESIAN_POINT('Vertex',(-4.72789967614,-0.371817169477,12.75)) ;
#4157=CARTESIAN_POINT('Control Point',(-4.750153189,-1.1,15.3)) ;
#4158=CARTESIAN_POINT('Control Point',(-4.72789967614,-0.371817169477,12.75)) ;
#4161=CARTESIAN_POINT('Control Point',(-4.68251996362,-2.5,7.55)) ;
#4162=CARTESIAN_POINT('Control Point',(-4.750153189,-2.43236677462,15.3)) ;
#4163=CARTESIAN_POINT('Vertex',(-4.682519964,-2.5,7.55)) ;
#4166=CARTESIAN_POINT('Line Origine',(-4.68251996362,0.0964705711128,7.55)) ;
#4170=CARTESIAN_POINT('Vertex',(-4.68251996348,-4.95053846939,7.55)) ;
#4174=CARTESIAN_POINT('Control Point',(-4.68251996362,-4.95053847768,7.54999999993)) ;
#4175=CARTESIAN_POINT('Control Point',(-4.525,-4.79301850614,-10.5)) ;
#4176=CARTESIAN_POINT('Vertex',(-4.52499999821,-4.79301850614,-10.5)) ;
#4179=CARTESIAN_POINT('Line Origine',(-4.525,0.0964705711128,-10.5)) ;
#4183=CARTESIAN_POINT('Vertex',(-4.525,-2.99095766795,-10.5)) ;
#4187=CARTESIAN_POINT('Control Point',(-4.53198149423,-2.97379362211,-9.70000000002)) ;
#4188=CARTESIAN_POINT('Control Point',(-4.52965433541,-2.97954263753,-9.96666598803)) ;
#4189=CARTESIAN_POINT('Control Point',(-4.52732717058,-2.98526372075,-10.2333326648)) ;
#4190=CARTESIAN_POINT('Control Point',(-4.525,-2.99095766795,-10.5)) ;
#4191=CARTESIAN_POINT('Vertex',(-4.53198149423,-2.97379362211,-9.70000000002)) ;
#4194=CARTESIAN_POINT('Line Origine',(-4.53198149423,0.0964705711128,-9.7)) ;
#4198=CARTESIAN_POINT('Vertex',(-4.53198149242,0.2,-9.7)) ;
#4202=CARTESIAN_POINT('Control Point',(-4.53198149423,0.2,-9.7)) ;
#4203=CARTESIAN_POINT('Control Point',(-4.5293634339,0.5,-10.)) ;
#4204=CARTESIAN_POINT('Vertex',(-4.52936343327,0.5,-10.)) ;
#4207=CARTESIAN_POINT('Line Origine',(-4.6375765945,0.5,2.4)) ;
#4211=CARTESIAN_POINT('Vertex',(-4.525,0.5,-10.5)) ;
#4214=CARTESIAN_POINT('Line Origine',(-4.525,0.0964705711128,-10.5)) ;
#4218=CARTESIAN_POINT('Vertex',(-4.525,1.3,-10.5)) ;
#4222=CARTESIAN_POINT('Control Point',(-4.525,1.3,-10.5)) ;
#4223=CARTESIAN_POINT('Control Point',(-4.66070279415,1.43570279415,5.05)) ;
#4224=CARTESIAN_POINT('Vertex',(-4.66070279442,1.43570279415,5.05)) ;
#4227=CARTESIAN_POINT('Line Origine',(-4.66070279415,0.0964705711128,5.05)) ;
#4231=CARTESIAN_POINT('Vertex',(-4.66070279444,2.20138639434,5.05)) ;
#4235=CARTESIAN_POINT('Control Point',(-4.56208918811,2.3,-6.25)) ;
#4236=CARTESIAN_POINT('Control Point',(-4.66070279415,2.20138639413,5.05)) ;
#4237=CARTESIAN_POINT('Vertex',(-4.56208918677,2.3,-6.25)) ;
#4240=CARTESIAN_POINT('Line Origine',(-4.56208918811,0.0964705711128,-6.25)) ;
#4244=CARTESIAN_POINT('Vertex',(-4.56208918712,3.52836232074,-6.25)) ;
#4248=CARTESIAN_POINT('Control Point',(-4.56208918811,3.52836232074,-6.25)) ;
#4249=CARTESIAN_POINT('Control Point',(-4.58957882165,3.55585195386,-3.1)) ;
#4279=CARTESIAN_POINT('Axis2P3D Location',(0.,-2.5,7.55)) ;
#4285=CARTESIAN_POINT('Control Point',(-5.39999999963,-2.5,7.55)) ;
#4286=CARTESIAN_POINT('Control Point',(-5.46763322547,-2.43236677462,15.3)) ;
#4287=CARTESIAN_POINT('Vertex',(-5.4,-2.5,7.55)) ;
#4290=CARTESIAN_POINT('Line Origine',(0.,-2.5,7.55)) ;
#4302=CARTESIAN_POINT('Axis2P3D Location',(-5.40000000019,7.15827810764,7.55)) ;
#4308=CARTESIAN_POINT('Control Point',(-5.40000000019,-13.1728693452,7.55)) ;
#4309=CARTESIAN_POINT('Control Point',(-5.46763322556,-13.240502571,15.3)) ;
#4310=CARTESIAN_POINT('Vertex',(-5.4,-13.1728693452,7.55)) ;
#4313=CARTESIAN_POINT('Line Origine',(-5.40000000019,0.,7.55)) ;
#4325=CARTESIAN_POINT('Axis2P3D Location',(0.,-13.0999999998,-0.8)) ;
#4331=CARTESIAN_POINT('Control Point',(-4.52499999963,-13.0999999998,-0.8)) ;
#4332=CARTESIAN_POINT('Control Point',(-4.59786934592,-13.1728693459,7.55)) ;
#4333=CARTESIAN_POINT('Vertex',(-4.525,-13.1,-0.8)) ;
#4335=CARTESIAN_POINT('Vertex',(-4.59786934624,-13.1728693458,7.55)) ;
#4338=CARTESIAN_POINT('Line Origine',(0.,-13.1728693459,7.55)) ;
#4344=CARTESIAN_POINT('Control Point',(-3.24987624996,-13.1368416831,3.42163875963)) ;
#4345=CARTESIAN_POINT('Control Point',(-3.353537138,-13.2405025712,15.3)) ;
#4346=CARTESIAN_POINT('Vertex',(-3.24987624996,-13.1368416831,3.42163875963)) ;
#4350=CARTESIAN_POINT('Control Point',(-3.24987624996,-13.1368416831,3.42163875963)) ;
#4351=CARTESIAN_POINT('Control Point',(-3.24366327349,-13.1306287067,2.70970217273)) ;
#4352=CARTESIAN_POINT('Control Point',(-3.04249915905,-13.1244305947,1.99946888978)) ;
#4353=CARTESIAN_POINT('Control Point',(-2.64629044081,-13.1188710617,1.36240951101)) ;
#4354=CARTESIAN_POINT('Control Point',(-1.82399411028,-13.1123972021,0.620578680697)) ;
#4355=CARTESIAN_POINT('Control Point',(-0.804241572486,-13.1093432999,0.270636148568)) ;
#4356=CARTESIAN_POINT('Control Point',(-0.450188378159,-13.1087403073,0.201540033489)) ;
#4357=CARTESIAN_POINT('Control Point',(0.878833387446,-13.108102984,0.128510018292)) ;
#4358=CARTESIAN_POINT('Control Point',(2.15356419745,-13.113283303,0.722115780597)) ;
#4359=CARTESIAN_POINT('Control Point',(2.87677588008,-13.1200701475,1.49981112873)) ;
#4360=CARTESIAN_POINT('Control Point',(3.2414768986,-13.1284423318,2.45916842585)) ;
#4361=CARTESIAN_POINT('Control Point',(3.24987624996,-13.1368416831,3.42163875963)) ;
#4362=CARTESIAN_POINT('Vertex',(3.24987624996,-13.1368416831,3.42163875963)) ;
#4366=CARTESIAN_POINT('Control Point',(3.35353713813,-13.2405025712,15.3)) ;
#4367=CARTESIAN_POINT('Control Point',(3.24987624996,-13.1368416831,3.42163875963)) ;
#4370=CARTESIAN_POINT('Control Point',(5.40000000021,-13.1728693459,7.55)) ;
#4371=CARTESIAN_POINT('Control Point',(5.46763322557,-13.2405025712,15.3)) ;
#4372=CARTESIAN_POINT('Vertex',(5.4,-13.172869347,7.55)) ;
#4375=CARTESIAN_POINT('Line Origine',(0.,-13.1728693459,7.55)) ;
#4379=CARTESIAN_POINT('Vertex',(4.59786934717,-13.1728693462,7.55)) ;
#4383=CARTESIAN_POINT('Control Point',(4.52500000037,-13.0999999998,-0.8)) ;
#4384=CARTESIAN_POINT('Control Point',(4.59786934675,-13.1728693459,7.55)) ;
#4385=CARTESIAN_POINT('Vertex',(4.525,-13.1,-0.8)) ;
#4388=CARTESIAN_POINT('Line Origine',(0.,-13.0999999998,-0.8)) ;
#4408=CARTESIAN_POINT('Axis2P3D Location',(-3.24987624996,13.1,3.42163875963)) ;
#4413=CARTESIAN_POINT('Line Origine',(-3.30183044641,-14.2482933084,9.375)) ;
#4417=CARTESIAN_POINT('Vertex',(-3.25012375475,-14.3,3.45)) ;
#4420=CARTESIAN_POINT('Line Origine',(-3.25012375475,-14.8,3.45)) ;
#4424=CARTESIAN_POINT('Vertex',(-3.25012375475,-15.3,3.45)) ;
#4427=CARTESIAN_POINT('Line Origine',(-3.25012375475,-15.3141811601,3.45)) ;
#4431=CARTESIAN_POINT('Vertex',(-3.25012375475,-15.3283623201,3.45)) ;
#4434=CARTESIAN_POINT('Line Origine',(-3.25000000236,-15.3282385677,3.43581937982)) ;
#4438=CARTESIAN_POINT('Vertex',(-3.24987624996,-15.3281148153,3.42163875963)) ;
#4441=CARTESIAN_POINT('Line Origine',(-3.24987624996,-14.2324782492,3.42163875963)) ;
#4456=CARTESIAN_POINT('Axis2P3D Location',(9.31322574615E-010,-14.3000000002,3.45)) ;
#4462=CARTESIAN_POINT('Control Point',(-5.,-14.3000000002,3.45)) ;
#4463=CARTESIAN_POINT('Control Point',(-5.10341338332,-14.1965866169,15.3)) ;
#4464=CARTESIAN_POINT('Vertex',(-5.,-14.3,3.45)) ;
#4467=CARTESIAN_POINT('Line Origine',(9.31322574615E-010,-14.3000000002,3.45)) ;
#4479=CARTESIAN_POINT('Axis2P3D Location',(-5.,13.1,3.45)) ;
#4485=CARTESIAN_POINT('Control Point',(-5.,-16.6399995757,3.45)) ;
#4486=CARTESIAN_POINT('Control Point',(-5.10341338332,-17.0538106945,15.3)) ;
#4487=CARTESIAN_POINT('Vertex',(-5.,-16.6399995761,3.45)) ;
#4490=CARTESIAN_POINT('Line Origine',(-5.,-5.58799229111E-010,3.45)) ;
#4502=CARTESIAN_POINT('Axis2P3D Location',(9.31322574615E-010,-16.75,6.59999999981)) ;
#4508=CARTESIAN_POINT('Control Point',(5.,-16.6399995761,3.45)) ;
#4509=CARTESIAN_POINT('Control Point',(5.10341338332,-17.0538106946,15.3)) ;
#4510=CARTESIAN_POINT('Vertex',(5.,-16.6399995761,3.45)) ;
#4513=CARTESIAN_POINT('Line Origine',(9.31322574615E-010,-16.6399995761,3.45)) ;
#4517=CARTESIAN_POINT('Vertex',(3.15192006498,-16.6399995761,3.45)) ;
#4521=CARTESIAN_POINT('Control Point',(3.15192006454,-16.6399995761,3.45)) ;
#4522=CARTESIAN_POINT('Control Point',(3.14808110511,-16.6438385355,3.55993341461)) ;
#4523=CARTESIAN_POINT('Vertex',(3.14808110511,-16.643838536,3.55993341461)) ;
#4527=CARTESIAN_POINT('Control Point',(3.14808110511,-16.6438385355,3.55993341461)) ;
#4528=CARTESIAN_POINT('Control Point',(3.11432295914,-16.6775966815,4.52664023285)) ;
#4529=CARTESIAN_POINT('Control Point',(2.71046999899,-16.7109320785,5.48124110488)) ;
#4530=CARTESIAN_POINT('Control Point',(1.93662808222,-16.7370515861,6.2292059391)) ;
#4531=CARTESIAN_POINT('Control Point',(0.967884960758,-16.75,6.59999999981)) ;
#4532=CARTESIAN_POINT('Control Point',(-5.3290705182E-015,-16.75,6.59999999981)) ;
#4533=CARTESIAN_POINT('Vertex',(-2.99064389292E-015,-16.75,6.6)) ;
#4537=CARTESIAN_POINT('Control Point',(-3.14807789387,-16.6438385355,3.55993341461)) ;
#4538=CARTESIAN_POINT('Control Point',(-3.11431954678,-16.6775968826,4.5266459924)) ;
#4539=CARTESIAN_POINT('Control Point',(-2.71049919817,-16.7109300426,5.48118280402)) ;
#4540=CARTESIAN_POINT('Control Point',(-1.93663337828,-16.7370521404,6.22922181185)) ;
#4541=CARTESIAN_POINT('Control Point',(-0.967890727327,-16.75,6.59999999981)) ;
#4542=CARTESIAN_POINT('Control Point',(-5.3290705182E-015,-16.75,6.59999999981)) ;
#4543=CARTESIAN_POINT('Vertex',(-3.14808110511,-16.6438385449,3.55993341461)) ;
#4547=CARTESIAN_POINT('Control Point',(-3.15191673718,-16.6399995761,3.45)) ;
#4548=CARTESIAN_POINT('Control Point',(-3.14807789387,-16.6438385355,3.55993341461)) ;
#4549=CARTESIAN_POINT('Vertex',(-3.15191673718,-16.6399995761,3.45)) ;
#4552=CARTESIAN_POINT('Line Origine',(9.31322574615E-010,-16.6399995761,3.45)) ;
#4569=CARTESIAN_POINT('Axis2P3D Location',(5.,13.1,3.45)) ;
#4575=CARTESIAN_POINT('Control Point',(5.,-14.2999999996,3.45)) ;
#4576=CARTESIAN_POINT('Control Point',(5.10341338332,-14.1965866168,15.3)) ;
#4577=CARTESIAN_POINT('Vertex',(5.,-14.3,3.45)) ;
#4580=CARTESIAN_POINT('Line Origine',(5.,-5.58799229111E-010,3.45)) ;
#4592=CARTESIAN_POINT('Axis2P3D Location',(9.31322574615E-010,-14.3000000002,3.45)) ;
#4598=CARTESIAN_POINT('Control Point',(3.25012375475,-14.3000000002,3.45)) ;
#4599=CARTESIAN_POINT('Control Point',(3.35353713807,-14.1965866169,15.3)) ;
#4600=CARTESIAN_POINT('Vertex',(3.25012375475,-14.3,3.45)) ;
#4603=CARTESIAN_POINT('Line Origine',(9.31322574615E-010,-14.3000000002,3.45)) ;
#4615=CARTESIAN_POINT('Axis2P3D Location',(3.41801112719,13.1,22.6879873811)) ;
#4620=CARTESIAN_POINT('Line Origine',(3.25012375475,-14.8,3.45)) ;
#4624=CARTESIAN_POINT('Vertex',(3.25012375475,-15.3,3.45)) ;
#4627=CARTESIAN_POINT('Line Origine',(3.24987624996,-14.2324782497,3.42163875963)) ;
#4631=CARTESIAN_POINT('Vertex',(3.24987624996,-15.3281148164,3.42163875963)) ;
#4634=CARTESIAN_POINT('Line Origine',(3.25000000236,-15.3282385684,3.43581937982)) ;
#4638=CARTESIAN_POINT('Vertex',(3.25012375475,-15.3283623208,3.45)) ;
#4641=CARTESIAN_POINT('Line Origine',(3.25012375475,-15.3141811604,3.45)) ;
#4656=CARTESIAN_POINT('Axis2P3D Location',(5.40000000019,7.15827810764,7.55)) ;
#4662=CARTESIAN_POINT('Control Point',(5.40000000019,-2.5,7.55)) ;
#4663=CARTESIAN_POINT('Control Point',(5.46763322556,-2.43236677462,15.3)) ;
#4664=CARTESIAN_POINT('Vertex',(5.4,-2.5,7.55)) ;
#4667=CARTESIAN_POINT('Line Origine',(5.40000000019,0.,7.55)) ;
#4679=CARTESIAN_POINT('Axis2P3D Location',(0.,-2.5,7.55)) ;
#4685=CARTESIAN_POINT('Control Point',(4.682519964,-2.5,7.55)) ;
#4686=CARTESIAN_POINT('Control Point',(4.750153189,-2.43236677462,15.3)) ;
#4687=CARTESIAN_POINT('Vertex',(4.68251996362,-2.5,7.55)) ;
#4690=CARTESIAN_POINT('Line Origine',(0.,-2.5,7.55)) ;
#4702=CARTESIAN_POINT('Axis2P3D Location',(4.525,0.,-10.5)) ;
#4708=CARTESIAN_POINT('Control Point',(4.56208918811,3.5283623226,-6.25)) ;
#4709=CARTESIAN_POINT('Control Point',(4.58957882165,3.55585195587,-3.1)) ;
#4710=CARTESIAN_POINT('Vertex',(4.58957844584,3.5558519537,-3.10000001789)) ;
#4712=CARTESIAN_POINT('Vertex',(4.56208918745,3.5283623226,-6.25)) ;
#4715=CARTESIAN_POINT('Line Origine',(4.56208918811,0.096470571056,-6.25)) ;
#4719=CARTESIAN_POINT('Vertex',(4.56208918741,2.3,-6.25)) ;
#4723=CARTESIAN_POINT('Control Point',(4.56208918811,2.3,-6.25)) ;
#4724=CARTESIAN_POINT('Control Point',(4.66070279415,2.20138639413,5.05)) ;
#4725=CARTESIAN_POINT('Vertex',(4.66070279383,2.20138639434,5.05)) ;
#4728=CARTESIAN_POINT('Line Origine',(4.66070279415,0.096470571056,5.05)) ;
#4732=CARTESIAN_POINT('Vertex',(4.66070279415,1.43570279415,5.05)) ;
#4736=CARTESIAN_POINT('Control Point',(4.525,1.3,-10.5)) ;
#4737=CARTESIAN_POINT('Control Point',(4.66070279415,1.43570279415,5.05)) ;
#4738=CARTESIAN_POINT('Vertex',(4.525,1.3,-10.5)) ;
#4741=CARTESIAN_POINT('Line Origine',(4.525,0.096470571056,-10.5)) ;
#4745=CARTESIAN_POINT('Vertex',(4.525,0.5,-10.5)) ;
#4748=CARTESIAN_POINT('Line Origine',(4.6375765945,0.5,2.4)) ;
#4752=CARTESIAN_POINT('Vertex',(4.52936343439,0.5,-10.)) ;
#4756=CARTESIAN_POINT('Control Point',(4.53198149423,0.2,-9.7)) ;
#4757=CARTESIAN_POINT('Control Point',(4.5293634339,0.5,-10.)) ;
#4758=CARTESIAN_POINT('Vertex',(4.53198149614,0.2,-9.7)) ;
#4761=CARTESIAN_POINT('Line Origine',(4.53198149423,0.096470571056,-9.7)) ;
#4765=CARTESIAN_POINT('Vertex',(4.53198149616,-2.97379361757,-9.7)) ;
#4769=CARTESIAN_POINT('Control Point',(4.53198149423,-2.97379361832,-9.69999999998)) ;
#4770=CARTESIAN_POINT('Control Point',(4.52965433541,-2.97954263376,-9.966665988)) ;
#4771=CARTESIAN_POINT('Control Point',(4.52732717058,-2.98526371695,-10.2333326648)) ;
#4772=CARTESIAN_POINT('Control Point',(4.525,-2.99095766417,-10.5)) ;
#4773=CARTESIAN_POINT('Vertex',(4.52500000192,-2.99095766417,-10.5)) ;
#4776=CARTESIAN_POINT('Line Origine',(4.525,0.096470571056,-10.5)) ;
#4780=CARTESIAN_POINT('Vertex',(4.52500000192,-4.79301850614,-10.5)) ;
#4784=CARTESIAN_POINT('Control Point',(4.68251996362,-4.95053847817,7.54999999992)) ;
#4785=CARTESIAN_POINT('Control Point',(4.525,-4.79301850614,-10.5)) ;
#4786=CARTESIAN_POINT('Vertex',(4.68251996385,-4.95053846939,7.55)) ;
#4789=CARTESIAN_POINT('Line Origine',(4.68251996362,0.096470571056,7.55)) ;
#4795=CARTESIAN_POINT('Control Point',(4.750153189,-1.1,15.3)) ;
#4796=CARTESIAN_POINT('Control Point',(4.72789967614,-0.371817169477,12.75)) ;
#4797=CARTESIAN_POINT('Vertex',(4.72789967614,-0.371817169477,12.75)) ;
#4801=CARTESIAN_POINT('Control Point',(4.72789967614,-0.371817169477,12.75)) ;
#4802=CARTESIAN_POINT('Control Point',(4.70608250666,-0.35,10.25)) ;
#4803=CARTESIAN_POINT('Vertex',(4.70608250666,-0.35,10.25)) ;
#4806=CARTESIAN_POINT('Line Origine',(4.70608250666,0.096470571056,10.25)) ;
#4810=CARTESIAN_POINT('Vertex',(4.70608250666,0.35,10.25)) ;
#4814=CARTESIAN_POINT('Control Point',(4.72789967614,0.371817169477,12.75)) ;
#4815=CARTESIAN_POINT('Control Point',(4.70608250666,0.35,10.25)) ;
#4816=CARTESIAN_POINT('Vertex',(4.72789967614,0.371817169477,12.75)) ;
#4820=CARTESIAN_POINT('Control Point',(4.750153189,1.1,15.3)) ;
#4821=CARTESIAN_POINT('Control Point',(4.72789967614,0.371817169477,12.75)) ;
#4824=CARTESIAN_POINT('Control Point',(4.68251996362,2.5,7.55)) ;
#4825=CARTESIAN_POINT('Control Point',(4.750153189,2.43236677462,15.3)) ;
#4826=CARTESIAN_POINT('Vertex',(4.68251996325,2.5,7.55)) ;
#4829=CARTESIAN_POINT('Line Origine',(4.68251996362,0.096470571056,7.55)) ;
#4833=CARTESIAN_POINT('Vertex',(4.68251996404,4.99294114197,7.55)) ;
#4837=CARTESIAN_POINT('Control Point',(4.58957882165,4.9,-3.1)) ;
#4838=CARTESIAN_POINT('Control Point',(4.68251996362,4.99294114197,7.55)) ;
#4839=CARTESIAN_POINT('Vertex',(4.58957882157,4.9,-3.1)) ;
#4842=CARTESIAN_POINT('Line Origine',(4.58957882165,0.096470571056,-3.1)) ;
#4875=CARTESIAN_POINT('Axis2P3D Location',(0.,-1.1,15.3)) ;
#4880=CARTESIAN_POINT('Line Origine',(5.73182590463,-0.735908584738,14.025)) ;
#4884=CARTESIAN_POINT('Vertex',(5.68730192352,-0.371817169477,12.75)) ;
#4887=CARTESIAN_POINT('Line Origine',(5.64365096157,-0.371817169477,12.75)) ;
#4891=CARTESIAN_POINT('Vertex',(5.59999999963,-0.371817169477,12.75)) ;
#4894=CARTESIAN_POINT('Line Origine',(5.16394983807,-0.371817169477,12.75)) ;
#4908=CARTESIAN_POINT('Axis2P3D Location',(5.59999999981,0.35,10.25)) ;
#4914=CARTESIAN_POINT('Control Point',(5.59999999981,-0.349999999627,10.25)) ;
#4915=CARTESIAN_POINT('Control Point',(5.68730192354,-0.371817169255,12.75)) ;
#4916=CARTESIAN_POINT('Vertex',(5.6,-0.35,10.25)) ;
#4920=CARTESIAN_POINT('Control Point',(5.68730192354,0.371817169699,12.75)) ;
#4921=CARTESIAN_POINT('Control Point',(5.77634988575,1.10000000007,15.3)) ;
#4922=CARTESIAN_POINT('Vertex',(5.68730192352,0.371817169477,12.75)) ;
#4926=CARTESIAN_POINT('Control Point',(5.59999999981,0.350000000373,10.25)) ;
#4927=CARTESIAN_POINT('Control Point',(5.68730192354,0.371817169699,12.75)) ;
#4928=CARTESIAN_POINT('Vertex',(5.6,0.35,10.25)) ;
#4931=CARTESIAN_POINT('Line Origine',(5.59999999981,-1.49012180373E-009,10.25)) ;
#4945=CARTESIAN_POINT('Axis2P3D Location',(0.,1.1,15.3)) ;
#4950=CARTESIAN_POINT('Line Origine',(5.16394983807,0.371817169477,12.75)) ;
#4954=CARTESIAN_POINT('Vertex',(5.59999999963,0.371817169477,12.75)) ;
#4957=CARTESIAN_POINT('Line Origine',(5.64365096157,0.371817169477,12.75)) ;
#4971=CARTESIAN_POINT('Axis2P3D Location',(0.,2.5,7.55)) ;
#4977=CARTESIAN_POINT('Control Point',(5.40000000037,2.5,7.55)) ;
#4978=CARTESIAN_POINT('Control Point',(5.4676332256,2.43236677462,15.3)) ;
#4979=CARTESIAN_POINT('Vertex',(5.4,2.5,7.55)) ;
#4982=CARTESIAN_POINT('Line Origine',(0.,2.5,7.55)) ;
#4994=CARTESIAN_POINT('Axis2P3D Location',(5.40000000019,7.15827810764,7.55)) ;
#5000=CARTESIAN_POINT('Control Point',(5.40000000019,13.172869347,7.55)) ;
#5001=CARTESIAN_POINT('Control Point',(5.46763322556,13.2405025716,15.3)) ;
#5002=CARTESIAN_POINT('Vertex',(5.4,13.172869347,7.55)) ;
#5005=CARTESIAN_POINT('Line Origine',(5.40000000019,0.,7.55)) ;
#5017=CARTESIAN_POINT('Axis2P3D Location',(0.,13.0999999998,-0.8)) ;
#5022=CARTESIAN_POINT('Line Origine',(0.,13.0999999998,-0.8)) ;
#5026=CARTESIAN_POINT('Vertex',(4.525,13.1,-0.8)) ;
#5028=CARTESIAN_POINT('Vertex',(-4.525,13.1,-0.8)) ;
#5032=CARTESIAN_POINT('Control Point',(4.52500000037,13.0999999998,-0.8)) ;
#5033=CARTESIAN_POINT('Control Point',(4.59786934675,13.1728693459,7.55)) ;
#5034=CARTESIAN_POINT('Vertex',(4.59786934717,13.1728693458,7.55)) ;
#5037=CARTESIAN_POINT('Line Origine',(0.,13.1728693459,7.55)) ;
#5043=CARTESIAN_POINT('Control Point',(3.35353713813,13.2405025712,15.3)) ;
#5044=CARTESIAN_POINT('Control Point',(3.24987624996,13.1368416831,3.42163875963)) ;
#5045=CARTESIAN_POINT('Vertex',(3.24987624996,13.1368416831,3.42163875963)) ;
#5049=CARTESIAN_POINT('Control Point',(3.24987624996,13.1368416831,3.42163875963)) ;
#5050=CARTESIAN_POINT('Control Point',(3.24366327349,13.1306287067,2.70970217273)) ;
#5051=CARTESIAN_POINT('Control Point',(3.04249915905,13.1244305947,1.99946888979)) ;
#5052=CARTESIAN_POINT('Control Point',(2.64629044081,13.1188710617,1.362409511)) ;
#5053=CARTESIAN_POINT('Control Point',(1.82399411027,13.1123972021,0.620578680702)) ;
#5054=CARTESIAN_POINT('Control Point',(0.804241572493,13.1093432999,0.270636148568)) ;
#5055=CARTESIAN_POINT('Control Point',(0.450188378154,13.1087403073,0.201540033489)) ;
#5056=CARTESIAN_POINT('Control Point',(-0.878833387457,13.108102984,0.128510018293)) ;
#5057=CARTESIAN_POINT('Control Point',(-2.15356419746,13.113283303,0.722115780605)) ;
#5058=CARTESIAN_POINT('Control Point',(-2.87677588007,13.1200701475,1.49981112871)) ;
#5059=CARTESIAN_POINT('Control Point',(-3.2414768986,13.1284423318,2.45916842584)) ;
#5060=CARTESIAN_POINT('Control Point',(-3.24987624996,13.1368416831,3.42163875963)) ;
#5061=CARTESIAN_POINT('Vertex',(-3.24987624996,13.1368416831,3.42163875963)) ;
#5065=CARTESIAN_POINT('Control Point',(-3.24987624996,13.1368416831,3.42163875963)) ;
#5066=CARTESIAN_POINT('Control Point',(-3.353537138,13.2405025712,15.3)) ;
#5069=CARTESIAN_POINT('Control Point',(-5.39999999979,13.1728693459,7.55)) ;
#5070=CARTESIAN_POINT('Control Point',(-5.46763322545,13.2405025712,15.3)) ;
#5071=CARTESIAN_POINT('Vertex',(-5.4,13.172869347,7.55)) ;
#5074=CARTESIAN_POINT('Line Origine',(0.,13.1728693459,7.55)) ;
#5078=CARTESIAN_POINT('Vertex',(-4.59786934624,13.1728693462,7.55)) ;
#5082=CARTESIAN_POINT('Control Point',(-4.52499999963,13.0999999998,-0.8)) ;
#5083=CARTESIAN_POINT('Control Point',(-4.59786934592,13.1728693459,7.55)) ;
#5100=CARTESIAN_POINT('Line Origine',(3.30183044641,14.2482933086,9.375)) ;
#5104=CARTESIAN_POINT('Vertex',(3.25012375475,14.3,3.45)) ;
#5107=CARTESIAN_POINT('Line Origine',(3.25012375475,14.8,3.45)) ;
#5111=CARTESIAN_POINT('Vertex',(3.25012375475,15.3,3.45)) ;
#5114=CARTESIAN_POINT('Line Origine',(3.25012375475,15.3141811606,3.45)) ;
#5118=CARTESIAN_POINT('Vertex',(3.25012375475,15.3283623212,3.45)) ;
#5121=CARTESIAN_POINT('Line Origine',(3.25000000236,15.3282385688,3.43581937982)) ;
#5125=CARTESIAN_POINT('Vertex',(3.24987624996,15.3281148164,3.42163875963)) ;
#5128=CARTESIAN_POINT('Line Origine',(3.24987624996,14.2324782498,3.42163875963)) ;
#5143=CARTESIAN_POINT('Axis2P3D Location',(9.31322574615E-010,14.3000000006,3.45)) ;
#5148=CARTESIAN_POINT('Line Origine',(9.31322574615E-010,14.3000000006,3.45)) ;
#5152=CARTESIAN_POINT('Vertex',(5.,14.3,3.45)) ;
#5156=CARTESIAN_POINT('Control Point',(5.,14.3000000006,3.45)) ;
#5157=CARTESIAN_POINT('Control Point',(5.10341338332,14.1965866172,15.3)) ;
#5166=CARTESIAN_POINT('Axis2P3D Location',(5.,13.1,3.45)) ;
#5172=CARTESIAN_POINT('Control Point',(5.,16.6399995765,3.45)) ;
#5173=CARTESIAN_POINT('Control Point',(5.10341338332,17.0538106946,15.3)) ;
#5174=CARTESIAN_POINT('Vertex',(5.,16.6399995761,3.45)) ;
#5177=CARTESIAN_POINT('Line Origine',(5.,-5.58799229111E-010,3.45)) ;
#5189=CARTESIAN_POINT('Axis2P3D Location',(9.31322574615E-010,16.75,6.59999999981)) ;
#5195=CARTESIAN_POINT('Control Point',(-5.,16.6399995761,3.45)) ;
#5196=CARTESIAN_POINT('Control Point',(-5.10341338332,17.0538106946,15.3)) ;
#5197=CARTESIAN_POINT('Vertex',(-5.,16.6399995761,3.45)) ;
#5200=CARTESIAN_POINT('Line Origine',(9.31322574615E-010,16.6399995761,3.45)) ;
#5204=CARTESIAN_POINT('Vertex',(-3.15191673718,16.6399995761,3.45)) ;
#5208=CARTESIAN_POINT('Control Point',(-3.15192006454,16.6399995761,3.45)) ;
#5209=CARTESIAN_POINT('Control Point',(-3.14808110511,16.6438385355,3.55993341461)) ;
#5210=CARTESIAN_POINT('Vertex',(-3.14808110511,16.6438385453,3.55993341461)) ;
#5214=CARTESIAN_POINT('Control Point',(-3.14808110511,16.6438385355,3.55993341461)) ;
#5215=CARTESIAN_POINT('Control Point',(-3.11432295914,16.6775966815,4.52664023284)) ;
#5216=CARTESIAN_POINT('Control Point',(-2.71046999897,16.7109320785,5.48124110489)) ;
#5217=CARTESIAN_POINT('Control Point',(-1.93662808225,16.7370515861,6.22920593909)) ;
#5218=CARTESIAN_POINT('Control Point',(-0.967884960752,16.75,6.59999999981)) ;
#5219=CARTESIAN_POINT('Control Point',(-5.77315972805E-015,16.75,6.59999999981)) ;
#5220=CARTESIAN_POINT('Vertex',(-2.99064389292E-015,16.75,6.6)) ;
#5224=CARTESIAN_POINT('Control Point',(3.14808110554,16.6438385355,3.55993341461)) ;
#5225=CARTESIAN_POINT('Control Point',(3.1143229596,16.6775966815,4.52664023208)) ;
#5226=CARTESIAN_POINT('Control Point',(2.71046999511,16.7109320788,5.48124111262)) ;
#5227=CARTESIAN_POINT('Control Point',(1.93662808151,16.737051586,6.22920593699)) ;
#5228=CARTESIAN_POINT('Control Point',(0.967884959992,16.75,6.59999999981)) ;
#5229=CARTESIAN_POINT('Control Point',(-5.77315972805E-015,16.75,6.59999999981)) ;
#5230=CARTESIAN_POINT('Vertex',(3.14808110511,16.6438385353,3.55993341461)) ;
#5234=CARTESIAN_POINT('Control Point',(3.15192006498,16.6399995761,3.45)) ;
#5235=CARTESIAN_POINT('Control Point',(3.14808110554,16.6438385355,3.55993341461)) ;
#5236=CARTESIAN_POINT('Vertex',(3.15192006498,16.6399995761,3.45)) ;
#5239=CARTESIAN_POINT('Line Origine',(9.31322574615E-010,16.6399995761,3.45)) ;
#5256=CARTESIAN_POINT('Axis2P3D Location',(-5.,13.1,3.45)) ;
#5261=CARTESIAN_POINT('Line Origine',(-5.,-5.58799229111E-010,3.45)) ;
#5265=CARTESIAN_POINT('Vertex',(-5.,14.3,3.45)) ;
#5269=CARTESIAN_POINT('Control Point',(-5.,14.3000000004,3.45)) ;
#5270=CARTESIAN_POINT('Control Point',(-5.10341338332,14.1965866172,15.3)) ;
#5279=CARTESIAN_POINT('Axis2P3D Location',(9.31322574615E-010,14.3000000006,3.45)) ;
#5284=CARTESIAN_POINT('Line Origine',(9.31322574615E-010,14.3000000006,3.45)) ;
#5288=CARTESIAN_POINT('Vertex',(-3.25012375475,14.3,3.45)) ;
#5292=CARTESIAN_POINT('Control Point',(-3.25012375475,14.3000000006,3.45)) ;
#5293=CARTESIAN_POINT('Control Point',(-3.35353713807,14.1965866172,15.3)) ;
#5302=CARTESIAN_POINT('Line Origine',(-3.25012375475,14.8,3.45)) ;
#5306=CARTESIAN_POINT('Vertex',(-3.25012375475,15.3,3.45)) ;
#5309=CARTESIAN_POINT('Line Origine',(-3.24987624996,14.2324782492,3.42163875963)) ;
#5313=CARTESIAN_POINT('Vertex',(-3.24987624996,15.3281148153,3.42163875963)) ;
#5316=CARTESIAN_POINT('Line Origine',(-3.25000000236,15.3282385677,3.43581937982)) ;
#5320=CARTESIAN_POINT('Vertex',(-3.25012375475,15.3283623201,3.45)) ;
#5323=CARTESIAN_POINT('Line Origine',(-3.25012375475,15.3141811601,3.45)) ;
#5338=CARTESIAN_POINT('Axis2P3D Location',(-5.40000000019,7.15827810764,7.55)) ;
#5344=CARTESIAN_POINT('Control Point',(-5.40000000019,2.5,7.55)) ;
#5345=CARTESIAN_POINT('Control Point',(-5.46763322556,2.43236677462,15.3)) ;
#5346=CARTESIAN_POINT('Vertex',(-5.4,2.5,7.55)) ;
#5349=CARTESIAN_POINT('Line Origine',(-5.40000000019,0.,7.55)) ;
#5361=CARTESIAN_POINT('Axis2P3D Location',(0.,2.5,7.55)) ;
#5366=CARTESIAN_POINT('Line Origine',(0.,2.5,7.55)) ;
#5378=CARTESIAN_POINT('Line Origine',(-5.73182590463,0.735908584738,14.025)) ;
#5382=CARTESIAN_POINT('Vertex',(-5.68730192352,0.371817169477,12.75)) ;
#5385=CARTESIAN_POINT('Line Origine',(-5.64365096157,0.371817169477,12.75)) ;
#5389=CARTESIAN_POINT('Vertex',(-5.59999999963,0.371817169477,12.75)) ;
#5392=CARTESIAN_POINT('Line Origine',(-5.16394983807,0.371817169477,12.75)) ;
#5406=CARTESIAN_POINT('Axis2P3D Location',(-5.59999999981,0.35,10.25)) ;
#5411=CARTESIAN_POINT('Line Origine',(-5.59999999981,-1.49012180373E-009,10.25)) ;
#5415=CARTESIAN_POINT('Vertex',(-5.6,0.35,10.25)) ;
#5417=CARTESIAN_POINT('Vertex',(-5.6,-0.35,10.25)) ;
#5421=CARTESIAN_POINT('Control Point',(-5.59999999981,0.350000000373,10.25)) ;
#5422=CARTESIAN_POINT('Control Point',(-5.68730192354,0.371817169699,12.75)) ;
#5425=CARTESIAN_POINT('Control Point',(-5.68730192354,-0.371817169255,12.75)) ;
#5426=CARTESIAN_POINT('Control Point',(-5.77634988575,-1.09999999993,15.3)) ;
#5427=CARTESIAN_POINT('Vertex',(-5.68730192352,-0.371817169477,12.75)) ;
#5431=CARTESIAN_POINT('Control Point',(-5.59999999981,-0.349999999627,10.25)) ;
#5432=CARTESIAN_POINT('Control Point',(-5.68730192354,-0.371817169255,12.75)) ;
#5443=CARTESIAN_POINT('Line Origine',(-5.16394983807,-0.371817169477,12.75)) ;
#5447=CARTESIAN_POINT('Vertex',(-5.59999999963,-0.371817169477,12.75)) ;
#5450=CARTESIAN_POINT('Line Origine',(-5.64365096157,-0.371817169477,12.75)) ;
#5464=CARTESIAN_POINT('Axis2P3D Location',(7.97369553905,19.1736955402,7.8)) ;
#5469=CARTESIAN_POINT('Axis2P3D Location',(7.97369553905,19.1736955402,7.8)) ;
#5480=CARTESIAN_POINT('Axis2P3D Location',(0.399939078621,19.1736955402,7.8)) ;
#5485=CARTESIAN_POINT('Axis2P3D Location',(-7.97369553905,19.1736955402,7.8)) ;
#5497=CARTESIAN_POINT('Axis2P3D Location',(-7.97369553905,19.1736955402,7.8)) ;
#5502=CARTESIAN_POINT('Axis2P3D Location',(-7.97369553905,19.1736955402,7.8)) ;
#5513=CARTESIAN_POINT('Axis2P3D Location',(-7.97369553905,15.6961790863,7.8)) ;
#5525=CARTESIAN_POINT('Axis2P3D Location',(-5.41073438884,17.5508810387,-1.53603807485)) ;
#5530=CARTESIAN_POINT('Line Origine',(-5.41073438884,18.3507591949,-1.55)) ;
#5534=CARTESIAN_POINT('Vertex',(-5.40438140981,18.3444062158,-1.91396192515)) ;
#5537=CARTESIAN_POINT('Axis2P3D Location',(-5.40438140981,17.5445280597,-1.9)) ;
#5549=CARTESIAN_POINT('Axis2P3D Location',(0.,18.5,7.)) ;
#5555=CARTESIAN_POINT('Control Point',(3.44789835322,18.4400447764,3.56516754169)) ;
#5556=CARTESIAN_POINT('Control Point',(3.63923377034,18.3444062158,-1.91396192515)) ;
#5557=CARTESIAN_POINT('Vertex',(3.44789835322,18.4400447764,3.56516754169)) ;
#5559=CARTESIAN_POINT('Vertex',(3.63923377034,18.3444062158,-1.91396192515)) ;
#5563=CARTESIAN_POINT('Control Point',(3.44789835322,18.4400447764,3.56516754169)) ;
#5564=CARTESIAN_POINT('Control Point',(3.43294219733,18.4475205759,3.99345580964)) ;
#5565=CARTESIAN_POINT('Control Point',(3.35148507934,18.4549558412,4.41942187205)) ;
#5566=CARTESIAN_POINT('Control Point',(3.20401066999,18.4621090547,4.82922919881)) ;
#5567=CARTESIAN_POINT('Control Point',(2.65552227811,18.4795537922,5.82863753759)) ;
#5568=CARTESIAN_POINT('Control Point',(1.7426056133,18.4921039406,6.54763505745)) ;
#5569=CARTESIAN_POINT('Control Point',(1.07318659856,18.4971692276,6.8378251584)) ;
#5570=CARTESIAN_POINT('Control Point',(-0.651369697704,18.5017469919,7.10008509732)) ;
#5571=CARTESIAN_POINT('Control Point',(-2.27573525499,18.4883227816,6.33101260698)) ;
#5572=CARTESIAN_POINT('Control Point',(-3.02162058771,18.4744675322,5.53724589773)) ;
#5573=CARTESIAN_POINT('Control Point',(-3.41324656193,18.4573653853,4.55746455746)) ;
#5574=CARTESIAN_POINT('Control Point',(-3.44789835153,18.4400447775,3.56516760615)) ;
#5575=CARTESIAN_POINT('Vertex',(-3.44789835153,18.4400447775,3.56516760615)) ;
#5579=CARTESIAN_POINT('Control Point',(-3.44789835322,18.4400447764,3.56516754169)) ;
#5580=CARTESIAN_POINT('Control Point',(-3.63923377034,18.3444062158,-1.91396192515)) ;
#5581=CARTESIAN_POINT('Vertex',(-3.63923377034,18.3444062158,-1.91396192515)) ;
#5584=CARTESIAN_POINT('Line Origine',(0.,18.3444062158,-1.91396192515)) ;
#5589=CARTESIAN_POINT('Line Origine',(0.,18.3444062158,-1.91396192515)) ;
#5605=CARTESIAN_POINT('Axis2P3D Location',(5.23506728001,5.74452805728,-11.6)) ;
#5611=CARTESIAN_POINT('Control Point',(5.23506728001,5.74452805728,-12.4)) ;
#5612=CARTESIAN_POINT('Control Point',(5.23506728001,6.05514987926,-12.4)) ;
#5613=CARTESIAN_POINT('Control Point',(5.23506728001,6.36961663257,-12.2362564071)) ;
#5614=CARTESIAN_POINT('Control Point',(5.23506728001,6.53898346393,-11.9246310347)) ;
#5615=CARTESIAN_POINT('Control Point',(5.23506728001,6.54440621341,-11.6139619251)) ;
#5623=CARTESIAN_POINT('Axis2P3D Location',(5.23506728001,-5.7445280597,-11.6)) ;
#5629=CARTESIAN_POINT('Control Point',(5.23506728001,-6.54440621583,-11.6139619251)) ;
#5630=CARTESIAN_POINT('Control Point',(5.23506728001,-6.53898346635,-11.9246310347)) ;
#5631=CARTESIAN_POINT('Control Point',(5.23506728001,-6.36961663499,-12.2362564071)) ;
#5632=CARTESIAN_POINT('Control Point',(5.23506728001,-6.05514988168,-12.4)) ;
#5633=CARTESIAN_POINT('Control Point',(5.23506728001,-5.7445280597,-12.4)) ;
#5641=CARTESIAN_POINT('Axis2P3D Location',(0.,6.7,-12.4)) ;
#5646=CARTESIAN_POINT('Line Origine',(-3.65638942936,5.01502913429,-12.4)) ;
#5650=CARTESIAN_POINT('Vertex',(-3.65638942936,4.2855302113,-12.4)) ;
#5652=CARTESIAN_POINT('Vertex',(-3.65638942953,5.74452805728,-12.4)) ;
#5655=CARTESIAN_POINT('Line Origine',(-3.10862446895E-015,4.2855302113,-12.4)) ;
#5659=CARTESIAN_POINT('Vertex',(3.65638942936,4.2855302113,-12.4)) ;
#5662=CARTESIAN_POINT('Line Origine',(3.65638942936,5.01502913429,-12.4)) ;
#5666=CARTESIAN_POINT('Vertex',(3.65638942972,5.74452805728,-12.4)) ;
#5669=CARTESIAN_POINT('Line Origine',(4.44572835468,5.74452805728,-12.4)) ;
#5674=CARTESIAN_POINT('Line Origine',(-1.15463194561E-014,-5.7445280597,-12.4)) ;
#5678=CARTESIAN_POINT('Vertex',(-5.23506728001,-5.7445280597,-12.4)) ;
#5681=CARTESIAN_POINT('Line Origine',(-5.23506728001,-1.21073551185E-009,-12.4)) ;
#5685=CARTESIAN_POINT('Vertex',(-5.23506728001,5.74452805728,-12.4)) ;
#5688=CARTESIAN_POINT('Line Origine',(-4.44572835468,5.74452805728,-12.4)) ;
#5703=CARTESIAN_POINT('Line Origine',(-0.760300767232,2.55,-12.4)) ;
#5707=CARTESIAN_POINT('Vertex',(-0.760300767232,1.3,-12.4)) ;
#5709=CARTESIAN_POINT('Vertex',(-0.760300767232,3.8,-12.4)) ;
#5712=CARTESIAN_POINT('Line Origine',(-0.645558267232,1.3,-12.4)) ;
#5716=CARTESIAN_POINT('Vertex',(-0.530815767232,1.3,-12.4)) ;
#5719=CARTESIAN_POINT('Line Origine',(-0.530815767232,2.4474305,-12.4)) ;
#5723=CARTESIAN_POINT('Vertex',(-0.530815767232,3.594861,-12.4)) ;
#5726=CARTESIAN_POINT('Line Origine',(0.110701732768,3.594861,-12.4)) ;
#5730=CARTESIAN_POINT('Vertex',(0.752219232768,3.594861,-12.4)) ;
#5733=CARTESIAN_POINT('Line Origine',(0.752219232768,3.6974305,-12.4)) ;
#5737=CARTESIAN_POINT('Vertex',(0.752219232768,3.8,-12.4)) ;
#5740=CARTESIAN_POINT('Line Origine',(-0.00404076723194,3.8,-12.4)) ;
#5753=CARTESIAN_POINT('Axis2P3D Location',(2.7,-1.2,-12.4)) ;
#5757=CARTESIAN_POINT('Vertex',(0.415767079196,-1.20007144747,-12.4)) ;
#5759=CARTESIAN_POINT('Vertex',(4.98423291994,-1.19990497094,-12.4)) ;
#5762=CARTESIAN_POINT('Axis2P3D Location',(2.7,-1.2,-12.4)) ;
#5771=CARTESIAN_POINT('Axis2P3D Location',(-2.7,-1.2,-12.4)) ;
#5775=CARTESIAN_POINT('Vertex',(-4.98423292061,-1.20007750223,-12.4)) ;
#5777=CARTESIAN_POINT('Vertex',(-0.415767078079,-1.20000133579,-12.4)) ;
#5780=CARTESIAN_POINT('Axis2P3D Location',(-2.7,-1.2,-12.4)) ;
#5790=CARTESIAN_POINT('Axis2P3D Location',(0.,6.69999999758,-2.7)) ;
#5795=CARTESIAN_POINT('Line Origine',(0.,6.54440621341,-11.6139619251)) ;
#5799=CARTESIAN_POINT('Vertex',(-5.23506728001,6.54440621341,-11.6139619251)) ;
#5801=CARTESIAN_POINT('Vertex',(-3.63923377034,6.54440621341,-11.6139619251)) ;
#5805=CARTESIAN_POINT('Control Point',(-5.23506728001,6.54440621341,-11.6139619251)) ;
#5806=CARTESIAN_POINT('Control Point',(-5.39066106418,6.69999999758,-2.7)) ;
#5807=CARTESIAN_POINT('Vertex',(-5.39066106418,6.7,-2.7)) ;
#5810=CARTESIAN_POINT('Line Origine',(0.,6.69999999758,-2.7)) ;
#5815=CARTESIAN_POINT('Line Origine',(0.,6.54440621341,-11.6139619251)) ;
#5819=CARTESIAN_POINT('Vertex',(3.63923377034,6.54440621341,-11.6139619251)) ;
#5823=CARTESIAN_POINT('Control Point',(3.44789835322,6.640044774,-6.13483245831)) ;
#5824=CARTESIAN_POINT('Control Point',(3.63923377034,6.54440621341,-11.6139619251)) ;
#5825=CARTESIAN_POINT('Vertex',(3.44789835322,6.640044774,-6.13483245831)) ;
#5829=CARTESIAN_POINT('Control Point',(-3.44789835738,6.64004477257,-6.1348325405)) ;
#5830=CARTESIAN_POINT('Control Point',(-3.41324664555,6.65736536622,-5.14253639477)) ;
#5831=CARTESIAN_POINT('Control Point',(-3.02162145306,6.67446746381,-4.16275787989)) ;
#5832=CARTESIAN_POINT('Control Point',(-2.2757431833,6.68832276369,-3.36898828126)) ;
#5833=CARTESIAN_POINT('Control Point',(-0.651364609452,6.70174699816,-2.59991440379)) ;
#5834=CARTESIAN_POINT('Control Point',(1.0731826274,6.69716921936,-2.86217517547)) ;
#5835=CARTESIAN_POINT('Control Point',(1.74260347594,6.69210398812,-3.15236207885)) ;
#5836=CARTESIAN_POINT('Control Point',(2.65552369198,6.67955375676,-3.87136435223)) ;
#5837=CARTESIAN_POINT('Control Point',(3.20400974143,6.66210907392,-4.87076956255)) ;
#5838=CARTESIAN_POINT('Control Point',(3.3514850532,6.65495586149,-5.28057682809)) ;
#5839=CARTESIAN_POINT('Control Point',(3.43294219949,6.64752057245,-5.70654425215)) ;
#5840=CARTESIAN_POINT('Control Point',(3.44789835322,6.640044774,-6.13483245831)) ;
#5841=CARTESIAN_POINT('Vertex',(-3.44789835738,6.64004477257,-6.1348325405)) ;
#5845=CARTESIAN_POINT('Control Point',(-3.63923377034,6.54440621341,-11.6139619251)) ;
#5846=CARTESIAN_POINT('Control Point',(-3.44789835322,6.640044774,-6.13483245831)) ;
#5859=CARTESIAN_POINT('Axis2P3D Location',(0.,-6.7,-2.7)) ;
#5864=CARTESIAN_POINT('Line Origine',(-3.65638942936,16.8400291355,-2.7)) ;
#5868=CARTESIAN_POINT('Vertex',(-3.65638942936,16.1355302113,-2.7)) ;
#5870=CARTESIAN_POINT('Vertex',(-3.65638942936,17.5445280597,-2.7)) ;
#5873=CARTESIAN_POINT('Line Origine',(-8.881784197E-016,16.1355302113,-2.7)) ;
#5877=CARTESIAN_POINT('Vertex',(3.65638942936,16.1355302113,-2.7)) ;
#5880=CARTESIAN_POINT('Line Origine',(3.65638942936,16.8400291355,-2.7)) ;
#5884=CARTESIAN_POINT('Vertex',(3.65638942936,17.5445280597,-2.7)) ;
#5887=CARTESIAN_POINT('Line Origine',(4.53038541958,17.5445280597,-2.7)) ;
#5893=CARTESIAN_POINT('Control Point',(-5.39066106418,6.7,-2.7)) ;
#5894=CARTESIAN_POINT('Control Point',(-5.39340486506,6.7,-2.7)) ;
#5895=CARTESIAN_POINT('Control Point',(-5.39614866542,6.6999882386,-2.7)) ;
#5896=CARTESIAN_POINT('Control Point',(-5.39889239822,6.69996471563,-2.7)) ;
#5897=CARTESIAN_POINT('Control Point',(-5.40163599643,6.69992943155,-2.7)) ;
#5898=CARTESIAN_POINT('Control Point',(-5.40437939297,6.69988238735,-2.7)) ;
#5899=CARTESIAN_POINT('Vertex',(-5.40438140981,6.7,-2.7)) ;
#5902=CARTESIAN_POINT('Line Origine',(-5.40438140981,12.1222640299,-2.7)) ;
#5906=CARTESIAN_POINT('Vertex',(-5.40438140981,17.5445280597,-2.7)) ;
#5909=CARTESIAN_POINT('Line Origine',(-4.53038541958,17.5445280597,-2.7)) ;
#5926=CARTESIAN_POINT('Line Origine',(-0.11814761062,14.362104,-2.7)) ;
#5930=CARTESIAN_POINT('Vertex',(-0.11814761062,13.393743,-2.7)) ;
#5932=CARTESIAN_POINT('Vertex',(-0.11814761062,15.330465,-2.7)) ;
#5935=CARTESIAN_POINT('Line Origine',(-0.23115261062,13.445898,-2.7)) ;
#5939=CARTESIAN_POINT('Vertex',(-0.34415761062,13.498053,-2.7)) ;
#5942=CARTESIAN_POINT('Line Origine',(-0.51453311062,13.5137005,-2.7)) ;
#5946=CARTESIAN_POINT('Vertex',(-0.68490861062,13.529348,-2.7)) ;
#5949=CARTESIAN_POINT('Line Origine',(-0.70229411062,13.529348,-2.7)) ;
#5953=CARTESIAN_POINT('Vertex',(-0.71967961062,13.529348,-2.7)) ;
#5956=CARTESIAN_POINT('Line Origine',(-0.71967961062,13.4545955,-2.7)) ;
#5960=CARTESIAN_POINT('Vertex',(-0.71967961062,13.379843,-2.7)) ;
#5963=CARTESIAN_POINT('Line Origine',(-0.71272561062,13.379843,-2.7)) ;
#5967=CARTESIAN_POINT('Vertex',(-0.705771610621,13.379843,-2.7)) ;
#5970=CARTESIAN_POINT('Line Origine',(-0.57712111062,13.367674,-2.7)) ;
#5974=CARTESIAN_POINT('Vertex',(-0.44847061062,13.355505,-2.7)) ;
#5977=CARTESIAN_POINT('Line Origine',(-0.35285111062,13.3120405,-2.7)) ;
#5981=CARTESIAN_POINT('Vertex',(-0.257231610621,13.268576,-2.7)) ;
#5984=CARTESIAN_POINT('Line Origine',(-0.199860610621,13.1938155,-2.7)) ;
#5988=CARTESIAN_POINT('Vertex',(-0.142489610621,13.119055,-2.7)) ;
#5991=CARTESIAN_POINT('Line Origine',(-0.11641061062,13.0095275,-2.7)) ;
#5995=CARTESIAN_POINT('Vertex',(-0.0903316106205,12.9,-2.7)) ;
#5998=CARTESIAN_POINT('Line Origine',(0.0105023893795,12.9,-2.7)) ;
#6002=CARTESIAN_POINT('Vertex',(0.11133638938,12.9,-2.7)) ;
#6005=CARTESIAN_POINT('Line Origine',(0.11133638938,14.1152325,-2.7)) ;
#6009=CARTESIAN_POINT('Vertex',(0.11133638938,15.330465,-2.7)) ;
#6012=CARTESIAN_POINT('Line Origine',(-0.0034056106205,15.330465,-2.7)) ;
#6032=CARTESIAN_POINT('Axis2P3D Location',(-2.7,10.4,-2.7)) ;
#6036=CARTESIAN_POINT('Vertex',(-0.415767079196,10.4000714475,-2.7)) ;
#6038=CARTESIAN_POINT('Vertex',(-4.98423291994,10.3999049709,-2.7)) ;
#6041=CARTESIAN_POINT('Axis2P3D Location',(-2.7,10.4,-2.7)) ;
#6050=CARTESIAN_POINT('Axis2P3D Location',(2.7,10.4,-2.7)) ;
#6054=CARTESIAN_POINT('Vertex',(4.98423292061,10.4000775021,-2.7)) ;
#6056=CARTESIAN_POINT('Vertex',(0.415767078079,10.4000013358,-2.7)) ;
#6059=CARTESIAN_POINT('Axis2P3D Location',(2.7,10.4,-2.7)) ;
#6069=CARTESIAN_POINT('Axis2P3D Location',(5.40438140981,17.5445280597,-1.9)) ;
#6074=CARTESIAN_POINT('Axis2P3D Location',(5.40438140981,17.5445280597,-1.9)) ;
#6085=CARTESIAN_POINT('Axis2P3D Location',(5.40438140981,-17.5445280597,-1.9)) ;
#6090=CARTESIAN_POINT('Axis2P3D Location',(5.40438140981,-17.5445280597,-1.9)) ;
#6101=CARTESIAN_POINT('Line Origine',(3.65638942936,-16.8400291355,-2.7)) ;
#6105=CARTESIAN_POINT('Vertex',(3.65638942936,-16.1355302113,-2.7)) ;
#6107=CARTESIAN_POINT('Vertex',(3.65638942936,-17.5445280597,-2.7)) ;
#6110=CARTESIAN_POINT('Line Origine',(-8.881784197E-016,-16.1355302113,-2.7)) ;
#6114=CARTESIAN_POINT('Vertex',(-3.65638942936,-16.1355302113,-2.7)) ;
#6117=CARTESIAN_POINT('Line Origine',(-3.65638942936,-16.8400291355,-2.7)) ;
#6121=CARTESIAN_POINT('Vertex',(-3.65638942993,-17.5445280597,-2.7)) ;
#6124=CARTESIAN_POINT('Line Origine',(-4.53038541958,-17.5445280597,-2.7)) ;
#6128=CARTESIAN_POINT('Vertex',(-5.40438141038,-17.5445280597,-2.7)) ;
#6131=CARTESIAN_POINT('Line Origine',(-5.40438140981,-12.1222052062,-2.7)) ;
#6135=CARTESIAN_POINT('Vertex',(-5.40438140981,-6.69988235277,-2.7)) ;
#6139=CARTESIAN_POINT('Control Point',(-5.39066106418,-6.7,-2.7)) ;
#6140=CARTESIAN_POINT('Control Point',(-5.39340526849,-6.7,-2.7)) ;
#6141=CARTESIAN_POINT('Control Point',(-5.39614947228,-6.69998823514,-2.7)) ;
#6142=CARTESIAN_POINT('Control Point',(-5.39889360848,-6.69996470526,-2.7)) ;
#6143=CARTESIAN_POINT('Control Point',(-5.40163761002,-6.69992941079,-2.7)) ;
#6144=CARTESIAN_POINT('Control Point',(-5.40438140981,-6.69988235277,-2.7)) ;
#6145=CARTESIAN_POINT('Vertex',(-5.39066106418,-6.7,-2.7)) ;
#6148=CARTESIAN_POINT('Line Origine',(-1.7763568394E-014,-6.7,-2.7)) ;
#6153=CARTESIAN_POINT('Line Origine',(4.53038541958,-17.5445280597,-2.7)) ;
#6170=CARTESIAN_POINT('Line Origine',(-0.823085124494,-12.9365065,-2.7)) ;
#6174=CARTESIAN_POINT('Vertex',(-0.824824624494,-12.973013,-2.7)) ;
#6176=CARTESIAN_POINT('Vertex',(-0.821345624494,-12.9,-2.7)) ;
#6179=CARTESIAN_POINT('Line Origine',(-0.807441124494,-13.099928,-2.7)) ;
#6183=CARTESIAN_POINT('Vertex',(-0.790057624494,-13.226843,-2.7)) ;
#6186=CARTESIAN_POINT('Line Origine',(-0.734424124494,-13.33811,-2.7)) ;
#6190=CARTESIAN_POINT('Vertex',(-0.678790624494,-13.449377,-2.7)) ;
#6193=CARTESIAN_POINT('Line Origine',(-0.584910624494,-13.550207,-2.7)) ;
#6197=CARTESIAN_POINT('Vertex',(-0.491030624494,-13.651037,-2.7)) ;
#6200=CARTESIAN_POINT('Line Origine',(-0.358901124494,-13.7466565,-2.7)) ;
#6204=CARTESIAN_POINT('Vertex',(-0.226771624494,-13.842276,-2.7)) ;
#6207=CARTESIAN_POINT('Line Origine',(-0.0494416244936,-13.948332,-2.7)) ;
#6211=CARTESIAN_POINT('Vertex',(0.127888375506,-14.054388,-2.7)) ;
#6214=CARTESIAN_POINT('Line Origine',(0.254799875506,-14.148268,-2.7)) ;
#6218=CARTESIAN_POINT('Vertex',(0.381711375506,-14.242148,-2.7)) ;
#6221=CARTESIAN_POINT('Line Origine',(0.437344875506,-14.3290695,-2.7)) ;
#6225=CARTESIAN_POINT('Vertex',(0.492978375506,-14.415991,-2.7)) ;
#6228=CARTESIAN_POINT('Line Origine',(0.512101375506,-14.518568,-2.7)) ;
#6232=CARTESIAN_POINT('Vertex',(0.531224375506,-14.621145,-2.7)) ;
#6235=CARTESIAN_POINT('Line Origine',(0.512101375506,-14.727194,-2.7)) ;
#6239=CARTESIAN_POINT('Vertex',(0.492978375506,-14.833243,-2.7)) ;
#6242=CARTESIAN_POINT('Line Origine',(0.442559375506,-14.913214,-2.7)) ;
#6246=CARTESIAN_POINT('Vertex',(0.392140375506,-14.993185,-2.7)) ;
#6249=CARTESIAN_POINT('Line Origine',(0.310429375506,-15.0418605,-2.7)) ;
#6253=CARTESIAN_POINT('Vertex',(0.228718375506,-15.090536,-2.7)) ;
#6256=CARTESIAN_POINT('Line Origine',(0.122669875506,-15.1079235,-2.7)) ;
#6260=CARTESIAN_POINT('Vertex',(0.0166213755064,-15.125311,-2.7)) ;
#6263=CARTESIAN_POINT('Line Origine',(-0.101599624494,-15.1044525,-2.7)) ;
#6267=CARTESIAN_POINT('Vertex',(-0.219820624494,-15.083594,-2.7)) ;
#6270=CARTESIAN_POINT('Line Origine',(-0.306746124494,-15.02796,-2.7)) ;
#6274=CARTESIAN_POINT('Vertex',(-0.393671624494,-14.972326,-2.7)) ;
#6277=CARTESIAN_POINT('Line Origine',(-0.447566124494,-14.8784465,-2.7)) ;
#6281=CARTESIAN_POINT('Vertex',(-0.501460624494,-14.784567,-2.7)) ;
#6284=CARTESIAN_POINT('Line Origine',(-0.518844124494,-14.654173,-2.7)) ;
#6288=CARTESIAN_POINT('Vertex',(-0.536227624494,-14.523779,-2.7)) ;
#6291=CARTESIAN_POINT('Line Origine',(-0.650969624494,-14.523779,-2.7)) ;
#6295=CARTESIAN_POINT('Vertex',(-0.765711624494,-14.523779,-2.7)) ;
#6298=CARTESIAN_POINT('Line Origine',(-0.736159124494,-14.695898,-2.7)) ;
#6302=CARTESIAN_POINT('Vertex',(-0.706606624494,-14.868017,-2.7)) ;
#6305=CARTESIAN_POINT('Line Origine',(-0.628371124494,-14.993185,-2.7)) ;
#6309=CARTESIAN_POINT('Vertex',(-0.550135624494,-15.118353,-2.7)) ;
#6312=CARTESIAN_POINT('Line Origine',(-0.428439124494,-15.1965925,-2.7)) ;
#6316=CARTESIAN_POINT('Vertex',(-0.306742624494,-15.274832,-2.7)) ;
#6319=CARTESIAN_POINT('Line Origine',(-0.141581624494,-15.3026485,-2.7)) ;
#6323=CARTESIAN_POINT('Vertex',(0.0235793755064,-15.330465,-2.7)) ;
#6326=CARTESIAN_POINT('Line Origine',(0.174828375506,-15.3043805,-2.7)) ;
#6330=CARTESIAN_POINT('Vertex',(0.326077375506,-15.278296,-2.7)) ;
#6333=CARTESIAN_POINT('Line Origine',(0.442559375506,-15.2087615,-2.7)) ;
#6337=CARTESIAN_POINT('Vertex',(0.559041375506,-15.139227,-2.7)) ;
#6340=CARTESIAN_POINT('Line Origine',(0.633797875506,-15.02796,-2.7)) ;
#6344=CARTESIAN_POINT('Vertex',(0.708554375506,-14.916693,-2.7)) ;
#6347=CARTESIAN_POINT('Line Origine',(0.734631375506,-14.7723905,-2.7)) ;
#6351=CARTESIAN_POINT('Vertex',(0.760708375506,-14.628088,-2.7)) ;
#6354=CARTESIAN_POINT('Line Origine',(0.736370875506,-14.492483,-2.7)) ;
#6358=CARTESIAN_POINT('Vertex',(0.712033375506,-14.356878,-2.7)) ;
#6361=CARTESIAN_POINT('Line Origine',(0.639016375506,-14.24214,-2.7)) ;
#6365=CARTESIAN_POINT('Vertex',(0.565999375506,-14.127402,-2.7)) ;
#6368=CARTESIAN_POINT('Line Origine',(0.426915375506,-14.0196135,-2.7)) ;
#6372=CARTESIAN_POINT('Vertex',(0.287831375506,-13.911825,-2.7)) ;
#6375=CARTESIAN_POINT('Line Origine',(0.107025875506,-13.809248,-2.7)) ;
#6379=CARTESIAN_POINT('Vertex',(-0.0737796244936,-13.706671,-2.7)) ;
#6382=CARTESIAN_POINT('Line Origine',(-0.183307124494,-13.635397,-2.7)) ;
#6386=CARTESIAN_POINT('Vertex',(-0.292834624494,-13.564123,-2.7)) ;
#6389=CARTESIAN_POINT('Line Origine',(-0.371070124494,-13.4928415,-2.7)) ;
#6393=CARTESIAN_POINT('Vertex',(-0.449305624494,-13.42156,-2.7)) ;
#6396=CARTESIAN_POINT('Line Origine',(-0.501460124494,-13.3433285,-2.7)) ;
#6400=CARTESIAN_POINT('Vertex',(-0.553614624494,-13.265097,-2.7)) ;
#6403=CARTESIAN_POINT('Line Origine',(-0.574477124494,-13.179907,-2.7)) ;
#6407=CARTESIAN_POINT('Vertex',(-0.595339624494,-13.094717,-2.7)) ;
#6410=CARTESIAN_POINT('Line Origine',(0.0757303755064,-13.094717,-2.7)) ;
#6414=CARTESIAN_POINT('Vertex',(0.746800375506,-13.094717,-2.7)) ;
#6417=CARTESIAN_POINT('Line Origine',(0.746800375506,-12.9973585,-2.7)) ;
#6421=CARTESIAN_POINT('Vertex',(0.746800375506,-12.9,-2.7)) ;
#6424=CARTESIAN_POINT('Line Origine',(-0.0372726244936,-12.9,-2.7)) ;
#6468=CARTESIAN_POINT('Axis2P3D Location',(2.7,-10.4,-2.7)) ;
#6472=CARTESIAN_POINT('Vertex',(4.9842329208,-10.4000717227,-2.7)) ;
#6474=CARTESIAN_POINT('Vertex',(0.415767078143,-10.3999828268,-2.7)) ;
#6477=CARTESIAN_POINT('Axis2P3D Location',(2.7,-10.4,-2.7)) ;
#6486=CARTESIAN_POINT('Axis2P3D Location',(-2.7,-10.4,-2.7)) ;
#6490=CARTESIAN_POINT('Vertex',(-0.415767079196,-10.4000714475,-2.7)) ;
#6492=CARTESIAN_POINT('Vertex',(-4.98423291995,-10.3999049857,-2.7)) ;
#6495=CARTESIAN_POINT('Axis2P3D Location',(-2.7,-10.4,-2.7)) ;
#6505=CARTESIAN_POINT('Axis2P3D Location',(0.,-6.7,-2.7)) ;
#6511=CARTESIAN_POINT('Control Point',(-5.23506728001,-6.54440621583,-11.6139619251)) ;
#6512=CARTESIAN_POINT('Control Point',(-5.39066106418,-6.7,-2.7)) ;
#6513=CARTESIAN_POINT('Vertex',(-5.23506728001,-6.54440621583,-11.6139619251)) ;
#6516=CARTESIAN_POINT('Line Origine',(0.,-6.54440621583,-11.6139619251)) ;
#6528=CARTESIAN_POINT('Axis2P3D Location',(-0.0254105053748,-17.5445280597,-1.9)) ;
#6534=CARTESIAN_POINT('Control Point',(3.65638942936,-17.5445280597,-2.7)) ;
#6535=CARTESIAN_POINT('Control Point',(3.65638943334,-17.8552552473,-2.7)) ;
#6536=CARTESIAN_POINT('Control Point',(3.65281231039,-18.1698028749,-2.53610298242)) ;
#6537=CARTESIAN_POINT('Control Point',(3.64601143122,-18.3389857414,-2.22450070888)) ;
#6538=CARTESIAN_POINT('Control Point',(3.63923379093,-18.3444062158,-1.9139619247)) ;
#6547=CARTESIAN_POINT('Axis2P3D Location',(-0.399939078272,-17.5445280597,-1.9)) ;
#6552=CARTESIAN_POINT('Axis2P3D Location',(-5.40438140981,-17.5445280597,-1.9)) ;
#6558=CARTESIAN_POINT('Control Point',(-3.63923376233,-18.3444062158,-1.91396192532)) ;
#6559=CARTESIAN_POINT('Control Point',(-3.64601161872,-18.3389855994,-2.22450882693)) ;
#6560=CARTESIAN_POINT('Control Point',(-3.65281233199,-18.1697786258,-2.53610547441)) ;
#6561=CARTESIAN_POINT('Control Point',(-3.65638942899,-17.855261814,-2.7)) ;
#6562=CARTESIAN_POINT('Control Point',(-3.65638942936,-17.5445280597,-2.7)) ;
#6571=CARTESIAN_POINT('Axis2P3D Location',(-3.48840592094,-18.1198428549,2.41041829436)) ;
#6576=CARTESIAN_POINT('Axis2P3D Location',(-3.44789835322,-18.1400904679,3.57040326362)) ;
#6580=CARTESIAN_POINT('Vertex',(-3.14808110511,-18.140090469,3.55993341461)) ;
#6583=CARTESIAN_POINT('Axis2P3D Location',(-3.63923377034,-18.0444519073,-1.90872620322)) ;
#6587=CARTESIAN_POINT('Vertex',(-3.33941652224,-18.0444519073,-1.91919605223)) ;
#6590=CARTESIAN_POINT('Line Origine',(-3.18858867284,-18.1198428549,2.39994844535)) ;
#6603=CARTESIAN_POINT('Control Point',(3.44789835322,-18.4400447764,3.56516754169)) ;
#6604=CARTESIAN_POINT('Control Point',(3.3537444919,-18.439987403,3.56188061786)) ;
#6605=CARTESIAN_POINT('Control Point',(3.25959063058,-18.4029533422,3.55923912451)) ;
#6606=CARTESIAN_POINT('Control Point',(3.18515559082,-18.3284842748,3.55793965805)) ;
#6607=CARTESIAN_POINT('Control Point',(3.14813845236,-18.2342873713,3.55829120416)) ;
#6608=CARTESIAN_POINT('Control Point',(3.14808110511,-18.1400904679,3.55993341461)) ;
#6609=CARTESIAN_POINT('Control Point',(3.4085847536,-18.4596955872,4.69096173777)) ;
#6610=CARTESIAN_POINT('Control Point',(3.31584561926,-18.4591019684,4.65695333982)) ;
#6611=CARTESIAN_POINT('Control Point',(3.22310648492,-18.421799889,4.62358569043)) ;
#6612=CARTESIAN_POINT('Control Point',(3.14964173127,-18.3474524405,4.5979841097)) ;
#6613=CARTESIAN_POINT('Control Point',(3.11277877304,-18.2535968596,4.5862336529)) ;
#6614=CARTESIAN_POINT('Control Point',(3.11218607937,-18.1597412787,4.58783246321)) ;
#6615=CARTESIAN_POINT('Control Point',(2.9113254396,-18.4790872297,5.80190819141)) ;
#6616=CARTESIAN_POINT('Control Point',(2.83250480314,-18.4779692918,5.73786157609)) ;
#6617=CARTESIAN_POINT('Control Point',(2.75368416668,-18.4404063685,5.67445111035)) ;
#6618=CARTESIAN_POINT('Control Point',(2.69107606231,-18.3661780654,5.62496707182)) ;
#6619=CARTESIAN_POINT('Control Point',(2.65928588518,-18.2726554933,5.60105601893)) ;
#6620=CARTESIAN_POINT('Control Point',(2.65816664766,-18.1791329211,5.60217563829)) ;
#6621=CARTESIAN_POINT('Control Point',(1.9539911902,-18.4937149897,6.63993200313)) ;
#6622=CARTESIAN_POINT('Control Point',(1.90122947909,-18.4922073544,6.55355963267)) ;
#6623=CARTESIAN_POINT('Control Point',(1.84846776798,-18.454452014,6.46781996826)) ;
#6624=CARTESIAN_POINT('Control Point',(1.80649775134,-18.380312536,6.40044051797)) ;
#6625=CARTESIAN_POINT('Control Point',(1.78505178919,-18.2870366086,6.3670960388)) ;
#6626=CARTESIAN_POINT('Control Point',(1.78407840352,-18.1937606812,6.36732663206)) ;
#6627=CARTESIAN_POINT('Control Point',(-0.239825687884,-18.5051294087,7.29386363041)) ;
#6628=CARTESIAN_POINT('Control Point',(-0.233382648875,-18.5033166247,7.19000930134)) ;
#6629=CARTESIAN_POINT('Control Point',(-0.226939609866,-18.4654103411,7.08678498664)) ;
#6630=CARTESIAN_POINT('Control Point',(-0.221800103347,-18.3913403651,7.0054198773)) ;
#6631=CARTESIAN_POINT('Control Point',(-0.219142222185,-18.2982577326,6.96476241674)) ;
#6632=CARTESIAN_POINT('Control Point',(-0.218970831356,-18.2051751002,6.96439543214)) ;
#6633=CARTESIAN_POINT('Control Point',(-2.27559661304,-18.488340408,6.33202242097)) ;
#6634=CARTESIAN_POINT('Control Point',(-2.21407178235,-18.4869763495,6.2538755616)) ;
#6635=CARTESIAN_POINT('Control Point',(-2.15254695167,-18.4492920021,6.17636267524)) ;
#6636=CARTESIAN_POINT('Control Point',(-2.10364076819,-18.375119817,6.11556645013)) ;
#6637=CARTESIAN_POINT('Control Point',(-2.07872712278,-18.2817529582,6.0856703076)) ;
#6638=CARTESIAN_POINT('Control Point',(-2.07771904235,-18.1883860994,6.08619189015)) ;
#6639=CARTESIAN_POINT('Control Point',(-3.02238673798,-18.474477794,5.53783379518)) ;
#6640=CARTESIAN_POINT('Control Point',(-2.94044766218,-18.4734845369,5.48093013866)) ;
#6641=CARTESIAN_POINT('Control Point',(-2.85850858638,-18.4359836536,5.42466372513)) ;
#6642=CARTESIAN_POINT('Control Point',(-2.79347214506,-18.3617270205,5.38085759332)) ;
#6643=CARTESIAN_POINT('Control Point',(-2.76055657911,-18.268125253,5.35983488981)) ;
#6644=CARTESIAN_POINT('Control Point',(-2.75957037155,-18.1745234854,5.36106386152)) ;
#6645=CARTESIAN_POINT('Control Point',(-3.41324656193,-18.4573653853,4.55746455746)) ;
#6646=CARTESIAN_POINT('Control Point',(-3.32033968183,-18.456835352,4.5270989723)) ;
#6647=CARTESIAN_POINT('Control Point',(-3.22743280174,-18.419565053,4.49737469085)) ;
#6648=CARTESIAN_POINT('Control Point',(-3.15385300082,-18.3452031835,4.47465474432)) ;
#6649=CARTESIAN_POINT('Control Point',(-3.11697176302,-18.2513071301,4.46433928786)) ;
#6650=CARTESIAN_POINT('Control Point',(-3.11644254831,-18.1574110767,4.46594324413)) ;
#6651=CARTESIAN_POINT('Control Point',(-3.44789835153,-18.4400447775,3.56516760615)) ;
#6652=CARTESIAN_POINT('Control Point',(-3.35374449121,-18.4399874037,3.56188065953)) ;
#6653=CARTESIAN_POINT('Control Point',(-3.25959063088,-18.4029533428,3.55923914339)) ;
#6654=CARTESIAN_POINT('Control Point',(-3.1851555918,-18.3284842754,3.55793965891)) ;
#6655=CARTESIAN_POINT('Control Point',(-3.14813845343,-18.2342873722,3.55829119604)) ;
#6656=CARTESIAN_POINT('Control Point',(-3.14808110578,-18.140090469,3.55993340646)) ;
#6658=CARTESIAN_POINT('Control Point',(3.44789835322,-18.4400447764,3.56516754169)) ;
#6659=CARTESIAN_POINT('Control Point',(3.33020602657,-18.4399730596,3.5610588869)) ;
#6660=CARTESIAN_POINT('Control Point',(3.2110073917,-18.3770897233,3.55799401157)) ;
#6661=CARTESIAN_POINT('Control Point',(3.14815278918,-18.2578365972,3.55788065154)) ;
#6662=CARTESIAN_POINT('Control Point',(3.14808110511,-18.1400904679,3.55993341461)) ;
#6663=CARTESIAN_POINT('Vertex',(3.14808110511,-18.1400904679,3.55993341461)) ;
#6667=CARTESIAN_POINT('Control Point',(3.14808110511,-18.1400904679,3.55993341461)) ;
#6668=CARTESIAN_POINT('Control Point',(3.13442548452,-18.1475662674,3.95097922448)) ;
#6669=CARTESIAN_POINT('Control Point',(3.0600515715,-18.1550015327,4.33990540947)) ;
#6670=CARTESIAN_POINT('Control Point',(2.92540065006,-18.1621547462,4.71407718218)) ;
#6671=CARTESIAN_POINT('Control Point',(2.57973112664,-18.1741958841,5.34392681118)) ;
#6672=CARTESIAN_POINT('Control Point',(2.07553093603,-18.183905055,5.85179707356)) ;
#6673=CARTESIAN_POINT('Control Point',(1.82144213933,-18.1876898408,6.04977233479)) ;
#6674=CARTESIAN_POINT('Control Point',(1.26873361052,-18.1939488024,6.37716717039)) ;
#6675=CARTESIAN_POINT('Control Point',(0.651908617427,-18.1973805532,6.55667630892)) ;
#6676=CARTESIAN_POINT('Control Point',(0.333754093314,-18.1983377275,6.60674418446)) ;
#6677=CARTESIAN_POINT('Control Point',(-0.308325530572,-18.1986935227,6.62535528255)) ;
#6678=CARTESIAN_POINT('Control Point',(-0.934824308826,-18.195982839,6.4835641442)) ;
#6679=CARTESIAN_POINT('Control Point',(-1.23738441795,-18.1938735599,6.37323129395)) ;
#6680=CARTESIAN_POINT('Control Point',(-1.80808834211,-18.1882380743,6.07844953184)) ;
#6681=CARTESIAN_POINT('Control Point',(-2.2874430996,-18.1800646725,5.65091289414)) ;
#6682=CARTESIAN_POINT('Control Point',(-2.49867641834,-18.1754171656,5.40780991061)) ;
#6683=CARTESIAN_POINT('Control Point',(-2.8275795217,-18.1659908939,4.91473907247)) ;
#6684=CARTESIAN_POINT('Control Point',(-3.03368420668,-18.155394597,4.36046497871)) ;
#6685=CARTESIAN_POINT('Control Point',(-3.10049906157,-18.1503648179,4.09736605339)) ;
#6686=CARTESIAN_POINT('Control Point',(-3.13867970709,-18.1452372883,3.82915426812)) ;
#6687=CARTESIAN_POINT('Control Point',(-3.14808110578,-18.140090469,3.55993340646)) ;
#6696=CARTESIAN_POINT('Axis2P3D Location',(3.48840592094,-18.1198428549,2.41041829436)) ;
#6701=CARTESIAN_POINT('Axis2P3D Location',(3.63923377034,-18.0444519073,-1.90872620322)) ;
#6705=CARTESIAN_POINT('Vertex',(3.33941652224,-18.0444519073,-1.91919605223)) ;
#6708=CARTESIAN_POINT('Line Origine',(3.18858867284,-18.1198428549,2.39994844535)) ;
#6720=CARTESIAN_POINT('Axis2P3D Location',(-5.40438140981,-17.5445280597,-1.9)) ;
#6725=CARTESIAN_POINT('Axis2P3D Location',(-5.40438140981,-17.5445280597,-1.9)) ;
#6736=CARTESIAN_POINT('Axis2P3D Location',(-5.41054765247,-5.92000843217,-1.54673619468)) ;
#6741=CARTESIAN_POINT('Axis2P3D Location',(-5.23506728001,-5.7445280597,-11.6)) ;
#6747=CARTESIAN_POINT('Control Point',(-5.40438141477,-6.69988235363,-2.7000000001)) ;
#6748=CARTESIAN_POINT('Control Point',(-5.48100870073,-6.6985681586,-2.7000000001)) ;
#6749=CARTESIAN_POINT('Control Point',(-5.55748103796,-6.68824212022,-2.69082542527)) ;
#6750=CARTESIAN_POINT('Control Point',(-5.63077232837,-6.6690163561,-2.67253781947)) ;
#6751=CARTESIAN_POINT('Control Point',(-5.89794743225,-6.56634570853,-2.57270607656)) ;
#6752=CARTESIAN_POINT('Control Point',(-6.07844232425,-6.37896956129,-2.38515640357)) ;
#6753=CARTESIAN_POINT('Control Point',(-6.15877522228,-6.22818041337,-2.23267265892)) ;
#6754=CARTESIAN_POINT('Control Point',(-6.20147014423,-6.07090731073,-2.07376778782)) ;
#6755=CARTESIAN_POINT('Control Point',(-6.2042595659,-5.91384218947,-1.91396192701)) ;
#6765=CARTESIAN_POINT('Axis2P3D Location',(-5.23506728001,-0.399939078382,-11.6)) ;
#6770=CARTESIAN_POINT('Axis2P3D Location',(-5.23506728001,-5.7445280597,-11.6)) ;
#6775=CARTESIAN_POINT('Axis2P3D Location',(-5.23506728001,5.74452805728,-11.6)) ;
#6787=CARTESIAN_POINT('Axis2P3D Location',(-5.41054765247,5.92000842974,-1.54673619468)) ;
#6792=CARTESIAN_POINT('Axis2P3D Location',(-5.23506728001,5.74452805728,-11.6)) ;
#6798=CARTESIAN_POINT('Control Point',(-5.4043793979,6.69988238576,-2.70000000196)) ;
#6799=CARTESIAN_POINT('Control Point',(-5.5095638319,6.69807868709,-2.70000000196)) ;
#6800=CARTESIAN_POINT('Control Point',(-5.61445634823,6.6792945189,-2.68271290736)) ;
#6801=CARTESIAN_POINT('Control Point',(-5.71140440467,6.64377647014,-2.64825736561)) ;
#6802=CARTESIAN_POINT('Control Point',(-5.95428746909,6.51325051585,-2.51965123605)) ;
#6803=CARTESIAN_POINT('Control Point',(-6.10635391634,6.32084587811,-2.32648688228)) ;
#6804=CARTESIAN_POINT('Control Point',(-6.16892577953,6.18830826535,-2.19262636803)) ;
#6805=CARTESIAN_POINT('Control Point',(-6.20182261836,6.05106040116,-2.05357455806)) ;
#6806=CARTESIAN_POINT('Control Point',(-6.2042595659,5.91384218705,-1.91396192701)) ;
#6816=CARTESIAN_POINT('Axis2P3D Location',(-5.40438140981,-0.399939078382,-1.9)) ;
#6821=CARTESIAN_POINT('Axis2P3D Location',(-5.40438140981,17.5445280597,-1.9)) ;
#6833=CARTESIAN_POINT('Line Origine',(-7.97369553905,0.,7.)) ;
#6847=CARTESIAN_POINT('Axis2P3D Location',(-5.40438140981,-0.399939078382,-1.9)) ;
#6859=CARTESIAN_POINT('Axis2P3D Location',(-6.88340050429,-10.4334005034,12.5483664122)) ;
#6864=CARTESIAN_POINT('Axis2P3D Location',(-6.88340050429,-10.4334005034,12.5483664122)) ;
#6868=CARTESIAN_POINT('Vertex',(-7.18335481283,-10.4334005015,12.5536021342)) ;
#6872=CARTESIAN_POINT('Control Point',(-7.18335481283,-10.4334005034,12.5536021342)) ;
#6873=CARTESIAN_POINT('Control Point',(-7.18247144317,-10.4334005034,12.6042103483)) ;
#6874=CARTESIAN_POINT('Control Point',(-7.16851416225,-10.4334005034,12.6545350707)) ;
#6875=CARTESIAN_POINT('Control Point',(-7.14320812542,-10.4334005034,12.6983664122)) ;
#6883=CARTESIAN_POINT('Axis2P3D Location',(-6.88340050429,-8.25,12.5483664122)) ;
#6888=CARTESIAN_POINT('Axis2P3D Location',(-6.88340050429,-6.06659949571,12.5483664122)) ;
#6892=CARTESIAN_POINT('Vertex',(-7.18335481283,-6.06659949385,12.5536021342)) ;
#6895=CARTESIAN_POINT('Line Origine',(-7.18335481283,-8.25,12.5536021342)) ;
#6907=CARTESIAN_POINT('Axis2P3D Location',(-6.88340050429,-6.06659949571,12.5483664122)) ;
#6912=CARTESIAN_POINT('Axis2P3D Location',(-6.88340050429,-6.06659949571,12.5483664122)) ;
#6924=CARTESIAN_POINT('Control Point',(-6.90004569071,-10.75,11.6)) ;
#6925=CARTESIAN_POINT('Control Point',(-6.9189233744,-10.75,11.6)) ;
#6926=CARTESIAN_POINT('Control Point',(-6.93780088316,-10.7485153637,11.6)) ;
#6927=CARTESIAN_POINT('Control Point',(-6.95671547537,-10.7455090982,11.6)) ;
#6928=CARTESIAN_POINT('Control Point',(-6.99355845526,-10.7366189652,11.6)) ;
#6929=CARTESIAN_POINT('Control Point',(-7.0285561293,-10.7220733254,11.6)) ;
#6930=CARTESIAN_POINT('Control Point',(-7.04562996255,-10.713332163,11.6)) ;
#6931=CARTESIAN_POINT('Control Point',(-7.07791569555,-10.6934282171,11.6)) ;
#6932=CARTESIAN_POINT('Control Point',(-7.10668519568,-10.6687138967,11.6)) ;
#6933=CARTESIAN_POINT('Control Point',(-7.12019893294,-10.6551023613,11.6)) ;
#6934=CARTESIAN_POINT('Control Point',(-7.14470509169,-10.6261550615,11.6)) ;
#6935=CARTESIAN_POINT('Control Point',(-7.16437494034,-10.5937275702,11.6)) ;
#6936=CARTESIAN_POINT('Control Point',(-7.17299261261,-10.5765916452,11.6)) ;
#6937=CARTESIAN_POINT('Control Point',(-7.18712301575,-10.5418890643,11.6)) ;
#6938=CARTESIAN_POINT('Control Point',(-7.19571273802,-10.505424162,11.6)) ;
#6939=CARTESIAN_POINT('Control Point',(-7.19858219047,-10.4869413805,11.6)) ;
#6940=CARTESIAN_POINT('Control Point',(-7.2,-10.4684936191,11.6)) ;
#6941=CARTESIAN_POINT('Control Point',(-7.2,-10.4500456905,11.6)) ;
#6942=CARTESIAN_POINT('Vertex',(-7.2,-10.4500456905,11.6)) ;
#6945=CARTESIAN_POINT('Line Origine',(-7.2,-8.24999999953,11.6)) ;
#6949=CARTESIAN_POINT('Vertex',(-7.2,-6.04995430855,11.6)) ;
#6953=CARTESIAN_POINT('Control Point',(-7.2,-6.04995430855,11.6)) ;
#6954=CARTESIAN_POINT('Control Point',(-7.2,-6.03107662486,11.6)) ;
#6955=CARTESIAN_POINT('Control Point',(-7.19851536367,-6.01219911612,11.6)) ;
#6956=CARTESIAN_POINT('Control Point',(-7.1955090991,-5.99328452423,11.6)) ;
#6957=CARTESIAN_POINT('Control Point',(-7.186618966,-5.95644154436,11.6)) ;
#6958=CARTESIAN_POINT('Control Point',(-7.1720733262,-5.92144387036,11.6)) ;
#6959=CARTESIAN_POINT('Control Point',(-7.16333216375,-5.90437003712,11.6)) ;
#6960=CARTESIAN_POINT('Control Point',(-7.14342821785,-5.87208430415,11.6)) ;
#6961=CARTESIAN_POINT('Control Point',(-7.11871389739,-5.84331480404,11.6)) ;
#6962=CARTESIAN_POINT('Control Point',(-7.10510236198,-5.82980106681,11.6)) ;
#6963=CARTESIAN_POINT('Control Point',(-7.07615506214,-5.80529490808,11.6)) ;
#6964=CARTESIAN_POINT('Control Point',(-7.04372757078,-5.78562505948,11.6)) ;
#6965=CARTESIAN_POINT('Control Point',(-7.02659164574,-5.77700738723,11.6)) ;
#6966=CARTESIAN_POINT('Control Point',(-6.99188906486,-5.76287698414,11.6)) ;
#6967=CARTESIAN_POINT('Control Point',(-6.95542416252,-5.75428726191,11.6)) ;
#6968=CARTESIAN_POINT('Control Point',(-6.93694138071,-5.75141780953,11.6)) ;
#6969=CARTESIAN_POINT('Control Point',(-6.91849361924,-5.75,11.6)) ;
#6970=CARTESIAN_POINT('Control Point',(-6.90004569071,-5.75,11.6)) ;
#6983=CARTESIAN_POINT('Axis2P3D Location',(-6.87950881771,-6.07049118229,12.7713209868)) ;
#6988=CARTESIAN_POINT('Line Origine',(-7.17946312626,-6.07049118229,12.7765567087)) ;
#7000=CARTESIAN_POINT('Axis2P3D Location',(-8.79999999888,0.,9.3)) ;
#7005=CARTESIAN_POINT('Line Origine',(-8.77357369518,0.,7.78603807485)) ;
#7017=CARTESIAN_POINT('Axis2P3D Location',(-7.97369553905,1.33226762955E-015,7.8)) ;
#7030=CARTESIAN_POINT('Control Point',(-6.90004569071,5.75,11.6)) ;
#7031=CARTESIAN_POINT('Control Point',(-6.91892337439,5.75,11.6)) ;
#7032=CARTESIAN_POINT('Control Point',(-6.93780088313,5.75148463633,11.6)) ;
#7033=CARTESIAN_POINT('Control Point',(-6.95671547541,5.75449090084,11.6)) ;
#7034=CARTESIAN_POINT('Control Point',(-6.99355845529,5.76338103389,11.6)) ;
#7035=CARTESIAN_POINT('Control Point',(-7.02855612931,5.77792667365,11.6)) ;
#7036=CARTESIAN_POINT('Control Point',(-7.04562996257,5.78666783607,11.6)) ;
#7037=CARTESIAN_POINT('Control Point',(-7.07791569556,5.80657178194,11.6)) ;
#7038=CARTESIAN_POINT('Control Point',(-7.10668519569,5.83128610236,11.6)) ;
#7039=CARTESIAN_POINT('Control Point',(-7.12019893295,5.84489763776,11.6)) ;
#7040=CARTESIAN_POINT('Control Point',(-7.1447050917,5.87384493757,11.6)) ;
#7041=CARTESIAN_POINT('Control Point',(-7.16437494035,5.90627242891,11.6)) ;
#7042=CARTESIAN_POINT('Control Point',(-7.17299261262,5.92340835393,11.6)) ;
#7043=CARTESIAN_POINT('Control Point',(-7.18712301575,5.95811093479,11.6)) ;
#7044=CARTESIAN_POINT('Control Point',(-7.19571273802,5.99457583712,11.6)) ;
#7045=CARTESIAN_POINT('Control Point',(-7.19858219047,6.01305861855,11.6)) ;
#7046=CARTESIAN_POINT('Control Point',(-7.2,6.03150638002,11.6)) ;
#7047=CARTESIAN_POINT('Control Point',(-7.2,6.04995430855,11.6)) ;
#7048=CARTESIAN_POINT('Vertex',(-7.2,6.04995430855,11.6)) ;
#7051=CARTESIAN_POINT('Line Origine',(-7.2,8.25,11.6)) ;
#7055=CARTESIAN_POINT('Vertex',(-7.2,10.4500456915,11.6)) ;
#7059=CARTESIAN_POINT('Control Point',(-7.2,10.4500456915,11.6)) ;
#7060=CARTESIAN_POINT('Control Point',(-7.2,10.4689233751,11.6)) ;
#7061=CARTESIAN_POINT('Control Point',(-7.19851536367,10.4878008839,11.6)) ;
#7062=CARTESIAN_POINT('Control Point',(-7.1955090991,10.5067154758,11.6)) ;
#7063=CARTESIAN_POINT('Control Point',(-7.186618966,10.5435584556,11.6)) ;
#7064=CARTESIAN_POINT('Control Point',(-7.1720733262,10.5785561296,11.6)) ;
#7065=CARTESIAN_POINT('Control Point',(-7.16333216375,10.5956299629,11.6)) ;
#7066=CARTESIAN_POINT('Control Point',(-7.14342821785,10.6279156959,11.6)) ;
#7067=CARTESIAN_POINT('Control Point',(-7.11871389739,10.656685196,11.6)) ;
#7068=CARTESIAN_POINT('Control Point',(-7.10510236198,10.6701989332,11.6)) ;
#7069=CARTESIAN_POINT('Control Point',(-7.07615506214,10.6947050919,11.6)) ;
#7070=CARTESIAN_POINT('Control Point',(-7.04372757078,10.7143749405,11.6)) ;
#7071=CARTESIAN_POINT('Control Point',(-7.02659164574,10.7229926128,11.6)) ;
#7072=CARTESIAN_POINT('Control Point',(-6.99188906486,10.7371230159,11.6)) ;
#7073=CARTESIAN_POINT('Control Point',(-6.95542416252,10.7457127381,11.6)) ;
#7074=CARTESIAN_POINT('Control Point',(-6.93694138071,10.7485821905,11.6)) ;
#7075=CARTESIAN_POINT('Control Point',(-6.91849361924,10.75,11.6)) ;
#7076=CARTESIAN_POINT('Control Point',(-6.90004569071,10.75,11.6)) ;
#7089=CARTESIAN_POINT('Axis2P3D Location',(-6.8795088177,6.0704911823,12.7713209873)) ;
#7094=CARTESIAN_POINT('Axis2P3D Location',(-6.88340050429,6.06659949571,12.5483664122)) ;
#7098=CARTESIAN_POINT('Vertex',(-7.18335481283,6.06659949385,12.5536021342)) ;
#7101=CARTESIAN_POINT('Line Origine',(-7.17946312625,6.0704911823,12.7765567092)) ;
#7113=CARTESIAN_POINT('Axis2P3D Location',(-6.88340050429,6.06659949571,12.5483664122)) ;
#7119=CARTESIAN_POINT('Control Point',(-7.18335481283,6.06659949571,12.5536021342)) ;
#7120=CARTESIAN_POINT('Control Point',(-7.18247144317,6.06659949571,12.6042103483)) ;
#7121=CARTESIAN_POINT('Control Point',(-7.16851416225,6.06659949571,12.6545350707)) ;
#7122=CARTESIAN_POINT('Control Point',(-7.14320812542,6.06659949571,12.6983664122)) ;
#7130=CARTESIAN_POINT('Axis2P3D Location',(-6.88340050429,8.25,12.5483664122)) ;
#7135=CARTESIAN_POINT('Axis2P3D Location',(-6.88340050429,10.4334005043,12.5483664122)) ;
#7139=CARTESIAN_POINT('Vertex',(-7.18335481283,10.4334005043,12.5536021342)) ;
#7142=CARTESIAN_POINT('Line Origine',(-7.18335481283,8.25,12.5536021342)) ;
#7154=CARTESIAN_POINT('Axis2P3D Location',(-6.88340050429,10.4334005043,12.5483664122)) ;
#7159=CARTESIAN_POINT('Axis2P3D Location',(-6.88340050429,10.4334005043,12.5483664122)) ;
#7170=CARTESIAN_POINT('Axis2P3D Location',(-6.8795088177,10.4295088177,12.7713209872)) ;
#7175=CARTESIAN_POINT('Line Origine',(-7.17946312625,10.4295088177,12.7765567092)) ;
#7187=CARTESIAN_POINT('Axis2P3D Location',(-6.87950881771,-10.4295088168,12.771320987)) ;
#7192=CARTESIAN_POINT('Line Origine',(-7.17946312625,-10.4295088168,12.776556709)) ;
#7204=CARTESIAN_POINT('Axis2P3D Location',(0.,3.5,-9.5)) ;
#7210=CARTESIAN_POINT('Control Point',(3.24987581216,3.52811481534,-6.27836126124)) ;
#7211=CARTESIAN_POINT('Control Point',(3.25012331742,3.52836232014,-6.25000002085)) ;
#7212=CARTESIAN_POINT('Vertex',(3.25012375475,3.5283623226,-6.25)) ;
#7214=CARTESIAN_POINT('Vertex',(3.24987624996,3.52811481534,-6.27836124037)) ;
#7218=CARTESIAN_POINT('Control Point',(4.56208876189,3.52836232014,-6.25000002029)) ;
#7219=CARTESIAN_POINT('Control Point',(3.25012331742,3.52836232014,-6.25000002085)) ;
#7222=CARTESIAN_POINT('Control Point',(4.58957844584,3.5558519537,-3.10000001789)) ;
#7223=CARTESIAN_POINT('Control Point',(2.77759434866,3.55585195386,-3.1)) ;
#7224=CARTESIAN_POINT('Vertex',(2.7775943491,3.55585195386,-3.1)) ;
#7228=CARTESIAN_POINT('Control Point',(2.74989528843,3.52815289319,-6.27399797262)) ;
#7229=CARTESIAN_POINT('Control Point',(2.77759434866,3.55585195386,-3.1)) ;
#7230=CARTESIAN_POINT('Vertex',(2.74989528843,3.52815289319,-6.27399797262)) ;
#7234=CARTESIAN_POINT('Control Point',(2.74989528843,3.52815289319,-6.27399797262)) ;
#7235=CARTESIAN_POINT('Control Point',(2.74453020875,3.52278781351,-6.88877521051)) ;
#7236=CARTESIAN_POINT('Control Point',(2.56736267283,3.51743583628,-7.50205105655)) ;
#7237=CARTESIAN_POINT('Control Point',(2.21827098624,3.51265809505,-8.04952597524)) ;
#7238=CARTESIAN_POINT('Control Point',(1.48010053153,3.50704527884,-8.69269100766)) ;
#7239=CARTESIAN_POINT('Control Point',(0.568241524145,3.50461708252,-8.97093474703)) ;
#7240=CARTESIAN_POINT('Control Point',(0.238655413486,3.50419436255,-9.01937365764)) ;
#7241=CARTESIAN_POINT('Control Point',(-0.876994304397,3.50423642169,-9.01455415691)) ;
#7242=CARTESIAN_POINT('Control Point',(-1.90862548921,3.50905244497,-8.46269255096)) ;
#7243=CARTESIAN_POINT('Control Point',(-2.46314728292,3.51464225999,-7.82216319283)) ;
#7244=CARTESIAN_POINT('Control Point',(-2.74312955346,3.52138715821,-7.04927441046)) ;
#7245=CARTESIAN_POINT('Control Point',(-2.74989528843,3.52815289319,-6.2739979726)) ;
#7246=CARTESIAN_POINT('Vertex',(-2.74989528843,3.52815289319,-6.27399797262)) ;
#7250=CARTESIAN_POINT('Control Point',(-2.74989528843,3.52815289319,-6.2739979726)) ;
#7251=CARTESIAN_POINT('Control Point',(-2.7775943491,3.55585195386,-3.1)) ;
#7252=CARTESIAN_POINT('Vertex',(-2.7775943491,3.55585195386,-3.1)) ;
#7255=CARTESIAN_POINT('Line Origine',(0.,3.55585195386,-3.1)) ;
#7260=CARTESIAN_POINT('Line Origine',(0.,3.52836232032,-6.2500000003)) ;
#7264=CARTESIAN_POINT('Vertex',(-3.25012375475,3.52836232074,-6.25)) ;
#7268=CARTESIAN_POINT('Control Point',(-3.24987624935,3.52811481552,-6.27836124067)) ;
#7269=CARTESIAN_POINT('Control Point',(-3.25012375414,3.52836232032,-6.2500000003)) ;
#7270=CARTESIAN_POINT('Vertex',(-3.24987624996,3.52811481594,-6.27836124037)) ;
#7274=CARTESIAN_POINT('Control Point',(-3.24987624935,3.52811481552,-6.27836124067)) ;
#7275=CARTESIAN_POINT('Control Point',(-3.24677135187,3.52500991803,-6.63414725267)) ;
#7276=CARTESIAN_POINT('Control Point',(-3.19497857163,3.52190873287,-6.98950787468)) ;
#7277=CARTESIAN_POINT('Control Point',(-3.09455436755,3.51888855683,-7.33558577007)) ;
#7278=CARTESIAN_POINT('Control Point',(-2.67657808259,3.51072311072,-8.2712532172)) ;
#7279=CARTESIAN_POINT('Control Point',(-1.92185285049,3.50438418649,-8.99762198855)) ;
#7280=CARTESIAN_POINT('Control Point',(-1.31907501004,3.50146004653,-9.33269523908)) ;
#7281=CARTESIAN_POINT('Control Point',(0.355804441579,3.497752294,-9.75756159697)) ;
#7282=CARTESIAN_POINT('Control Point',(2.03069675756,3.50346028855,-9.10349020635)) ;
#7283=CARTESIAN_POINT('Control Point',(2.83564914188,3.51042409288,-8.3055172686)) ;
#7284=CARTESIAN_POINT('Control Point',(3.24101144814,3.51925461639,-7.29363949855)) ;
#7285=CARTESIAN_POINT('Control Point',(3.24987581216,3.52811481534,-6.27836126124)) ;
#7302=CARTESIAN_POINT('Axis2P3D Location',(-3.25012375475,3.5,-6.25)) ;
#7307=CARTESIAN_POINT('Line Origine',(-3.90610647076,2.3,-6.25)) ;
#7311=CARTESIAN_POINT('Vertex',(-3.25012375475,2.3,-6.25)) ;
#7314=CARTESIAN_POINT('Line Origine',(-3.25012375475,2.91418116074,-6.25)) ;
#7326=CARTESIAN_POINT('Axis2P3D Location',(-1.54124890628E-009,2.30000000037,-6.25)) ;
#7331=CARTESIAN_POINT('Line Origine',(-1.54125245899E-009,2.20138639434,5.05)) ;
#7335=CARTESIAN_POINT('Vertex',(-3.34873736054,2.20138639434,5.05)) ;
#7339=CARTESIAN_POINT('Control Point',(-3.25012375552,2.30000000037,-6.25)) ;
#7340=CARTESIAN_POINT('Control Point',(-3.34873736054,2.20138639434,5.05)) ;
#7349=CARTESIAN_POINT('Axis2P3D Location',(-4.525,1.3,5.05)) ;
#7354=CARTESIAN_POINT('Line Origine',(-4.0047200776,1.43570279415,5.05)) ;
#7358=CARTESIAN_POINT('Vertex',(-3.34873736079,1.43570279415,5.05)) ;
#7361=CARTESIAN_POINT('Line Origine',(-3.34873736079,1.81854459424,5.05)) ;
#7373=CARTESIAN_POINT('Axis2P3D Location',(0.,1.3,-10.5)) ;
#7378=CARTESIAN_POINT('Line Origine',(-6.88841872432E-010,1.3,-10.5)) ;
#7383=CARTESIAN_POINT('Line Origine',(-6.88841872432E-010,1.43570279415,5.05)) ;
#7387=CARTESIAN_POINT('Vertex',(3.34873736035,1.43570279415,5.05)) ;
#7391=CARTESIAN_POINT('Control Point',(3.34873736035,1.43570279415,5.05)) ;
#7392=CARTESIAN_POINT('Control Point',(3.24987624996,1.33684168332,-6.27836124037)) ;
#7393=CARTESIAN_POINT('Vertex',(3.24987624996,1.33684168332,-6.27836124037)) ;
#7397=CARTESIAN_POINT('Control Point',(3.24987624996,1.33684168332,-6.27836124037)) ;
#7398=CARTESIAN_POINT('Control Point',(3.24366327349,1.33062870685,-6.99029782727)) ;
#7399=CARTESIAN_POINT('Control Point',(3.04249915905,1.32443059489,-7.70053111023)) ;
#7400=CARTESIAN_POINT('Control Point',(2.64629044081,1.31887106191,-8.33759048899)) ;
#7401=CARTESIAN_POINT('Control Point',(1.82399411028,1.31239720233,-9.0794213193)) ;
#7402=CARTESIAN_POINT('Control Point',(0.80424157249,1.30934330012,-9.42936385143)) ;
#7403=CARTESIAN_POINT('Control Point',(0.450188378155,1.30874030746,-9.49845996651)) ;
#7404=CARTESIAN_POINT('Control Point',(-0.878833387458,1.30810298417,-9.57148998171)) ;
#7405=CARTESIAN_POINT('Control Point',(-2.15356419747,1.31328330318,-8.97788421939)) ;
#7406=CARTESIAN_POINT('Control Point',(-2.87677588007,1.32007014766,-8.20018887129)) ;
#7407=CARTESIAN_POINT('Control Point',(-3.2414768986,1.32844233196,-7.24083157416)) ;
#7408=CARTESIAN_POINT('Control Point',(-3.24987624996,1.33684168332,-6.27836124037)) ;
#7409=CARTESIAN_POINT('Vertex',(-3.24987624996,1.33684168332,-6.27836124037)) ;
#7413=CARTESIAN_POINT('Control Point',(-3.24987624996,1.33684168332,-6.27836124037)) ;
#7414=CARTESIAN_POINT('Control Point',(-3.34873736079,1.43570279415,5.05)) ;
#7427=CARTESIAN_POINT('Axis2P3D Location',(0.,0.,-10.5)) ;
#7432=CARTESIAN_POINT('Line Origine',(-1.5,0.286886960143,-10.5)) ;
#7436=CARTESIAN_POINT('Vertex',(-1.5,0.0737739202857,-10.5)) ;
#7438=CARTESIAN_POINT('Vertex',(-1.5,0.5,-10.5)) ;
#7441=CARTESIAN_POINT('Line Origine',(0.,0.5,-10.5)) ;
#7445=CARTESIAN_POINT('Vertex',(1.5,0.5,-10.5)) ;
#7448=CARTESIAN_POINT('Line Origine',(1.5,0.286886960143,-10.5)) ;
#7452=CARTESIAN_POINT('Vertex',(1.5,0.0737739202857,-10.5)) ;
#7455=CARTESIAN_POINT('Axis2P3D Location',(2.7,-1.2,-10.5)) ;
#7459=CARTESIAN_POINT('Vertex',(3.9,0.0737739202857,-10.5)) ;
#7462=CARTESIAN_POINT('Line Origine',(3.9,0.286886960143,-10.5)) ;
#7466=CARTESIAN_POINT('Vertex',(3.9,0.5,-10.5)) ;
#7469=CARTESIAN_POINT('Line Origine',(4.2125,0.5,-10.5)) ;
#7474=CARTESIAN_POINT('Line Origine',(-4.2125,0.5,-10.5)) ;
#7478=CARTESIAN_POINT('Vertex',(-3.9,0.5,-10.5)) ;
#7481=CARTESIAN_POINT('Line Origine',(-3.9,0.286886960143,-10.5)) ;
#7485=CARTESIAN_POINT('Vertex',(-3.9,0.0737739202857,-10.5)) ;
#7488=CARTESIAN_POINT('Axis2P3D Location',(-2.7,-1.2,-10.5)) ;
#7508=CARTESIAN_POINT('Axis2P3D Location',(4.525,0.5,-9.7)) ;
#7513=CARTESIAN_POINT('Line Origine',(-4.21468171701,0.5,-10.)) ;
#7517=CARTESIAN_POINT('Vertex',(-3.9,0.5,-10.)) ;
#7520=CARTESIAN_POINT('Line Origine',(-3.9,0.5,-10.25)) ;
#7532=CARTESIAN_POINT('Axis2P3D Location',(-6.335,0.5,-10.)) ;
#7537=CARTESIAN_POINT('Line Origine',(-7.9936057773E-015,0.2,-9.7)) ;
#7541=CARTESIAN_POINT('Vertex',(-3.9,0.2,-9.7)) ;
#7544=CARTESIAN_POINT('Line Origine',(-3.9,0.35,-9.85)) ;
#7556=CARTESIAN_POINT('Axis2P3D Location',(0.,0.,-9.7)) ;
#7561=CARTESIAN_POINT('Line Origine',(4.21599074826,0.2,-9.7)) ;
#7565=CARTESIAN_POINT('Vertex',(3.9,0.2,-9.7)) ;
#7568=CARTESIAN_POINT('Line Origine',(3.9,0.136886960143,-9.7)) ;
#7572=CARTESIAN_POINT('Vertex',(3.9,0.0737739202857,-9.7)) ;
#7575=CARTESIAN_POINT('Axis2P3D Location',(2.7,-1.2,-9.7)) ;
#7579=CARTESIAN_POINT('Vertex',(4.45,-1.2,-9.7)) ;
#7582=CARTESIAN_POINT('Axis2P3D Location',(2.7,-1.2,-9.7)) ;
#7586=CARTESIAN_POINT('Vertex',(0.95,-1.2,-9.7)) ;
#7589=CARTESIAN_POINT('Axis2P3D Location',(2.7,-1.2,-9.7)) ;
#7593=CARTESIAN_POINT('Vertex',(1.5,0.0737739202857,-9.7)) ;
#7596=CARTESIAN_POINT('Line Origine',(1.5,0.136886960143,-9.7)) ;
#7600=CARTESIAN_POINT('Vertex',(1.5,0.2,-9.7)) ;
#7603=CARTESIAN_POINT('Line Origine',(1.11022302463E-015,0.2,-9.7)) ;
#7607=CARTESIAN_POINT('Vertex',(-1.5,0.2,-9.7)) ;
#7610=CARTESIAN_POINT('Line Origine',(-1.5,0.136886960143,-9.7)) ;
#7614=CARTESIAN_POINT('Vertex',(-1.5,0.0737739202857,-9.7)) ;
#7617=CARTESIAN_POINT('Axis2P3D Location',(-2.7,-1.2,-9.7)) ;
#7621=CARTESIAN_POINT('Vertex',(-0.95,-1.2,-9.7)) ;
#7624=CARTESIAN_POINT('Axis2P3D Location',(-2.7,-1.2,-9.7)) ;
#7628=CARTESIAN_POINT('Vertex',(-4.45,-1.2,-9.7)) ;
#7631=CARTESIAN_POINT('Axis2P3D Location',(-2.7,-1.2,-9.7)) ;
#7635=CARTESIAN_POINT('Vertex',(-3.9,0.0737739202857,-9.7)) ;
#7638=CARTESIAN_POINT('Line Origine',(-3.9,0.136886960143,-9.7)) ;
#7643=CARTESIAN_POINT('Axis2P3D Location',(-2.7,-1.2,-9.7)) ;
#7647=CARTESIAN_POINT('Vertex',(-3.1,-3.71843205189,-9.7)) ;
#7650=CARTESIAN_POINT('Line Origine',(-3.1,-4.25921602595,-9.7)) ;
#7654=CARTESIAN_POINT('Vertex',(-3.09999999963,-4.8,-9.7)) ;
#7657=CARTESIAN_POINT('Line Origine',(-2.69999999972,-4.8,-9.7)) ;
#7661=CARTESIAN_POINT('Vertex',(-2.30000000037,-4.80000000017,-9.7)) ;
#7664=CARTESIAN_POINT('Line Origine',(-2.3,-4.25921602595,-9.7)) ;
#7668=CARTESIAN_POINT('Vertex',(-2.30000000037,-3.71843205206,-9.7)) ;
#7671=CARTESIAN_POINT('Axis2P3D Location',(-2.7,-1.2,-9.7)) ;
#7675=CARTESIAN_POINT('Vertex',(-0.221593253314,-1.80000000037,-9.7)) ;
#7678=CARTESIAN_POINT('Line Origine',(2.22044604925E-016,-1.8,-9.7)) ;
#7682=CARTESIAN_POINT('Vertex',(0.221593254128,-1.80000000037,-9.7)) ;
#7685=CARTESIAN_POINT('Axis2P3D Location',(2.7,-1.2,-9.7)) ;
#7689=CARTESIAN_POINT('Vertex',(2.3,-3.71843205189,-9.7)) ;
#7692=CARTESIAN_POINT('Line Origine',(2.3,-4.25921602595,-9.7)) ;
#7696=CARTESIAN_POINT('Vertex',(2.30000000037,-4.80000000075,-9.7)) ;
#7699=CARTESIAN_POINT('Line Origine',(2.69999999972,-4.8,-9.7)) ;
#7703=CARTESIAN_POINT('Vertex',(3.09999999981,-4.80000000017,-9.7)) ;
#7706=CARTESIAN_POINT('Line Origine',(3.1,-4.25921602595,-9.7)) ;
#7710=CARTESIAN_POINT('Vertex',(3.1,-3.71843205189,-9.7)) ;
#7713=CARTESIAN_POINT('Axis2P3D Location',(2.7,-1.2,-9.7)) ;
#7747=CARTESIAN_POINT('Axis2P3D Location',(-2.7,-1.2,-9.7)) ;
#7753=CARTESIAN_POINT('Control Point',(-3.10698149405,-3.72438515789,-10.5)) ;
#7754=CARTESIAN_POINT('Control Point',(-3.50769724904,-3.65978174499,-10.5)) ;
#7755=CARTESIAN_POINT('Control Point',(-3.89492960641,-3.51028405826,-10.5)) ;
#7756=CARTESIAN_POINT('Control Point',(-4.24070517053,-3.28065634106,-10.5)) ;
#7757=CARTESIAN_POINT('Control Point',(-4.52499999821,-2.99095766795,-10.5)) ;
#7758=CARTESIAN_POINT('Vertex',(-3.10698149405,-3.72438515789,-10.5)) ;
#7762=CARTESIAN_POINT('Control Point',(-3.1,-3.71843205189,-9.7)) ;
#7763=CARTESIAN_POINT('Control Point',(-3.1023271645,-3.72041876568,-9.96666663913)) ;
#7764=CARTESIAN_POINT('Control Point',(-3.10465432906,-3.72240312884,-10.2333333059)) ;
#7765=CARTESIAN_POINT('Control Point',(-3.10698149405,-3.72438515789,-10.5)) ;
#7774=CARTESIAN_POINT('Axis2P3D Location',(0.,0.,-10.5)) ;
#7779=CARTESIAN_POINT('Line Origine',(-3.81599074613,-4.79301850614,-10.5)) ;
#7783=CARTESIAN_POINT('Vertex',(-3.10698149405,-4.79301850614,-10.5)) ;
#7786=CARTESIAN_POINT('Line Origine',(-3.10698149405,-4.25870183201,-10.5)) ;
#7798=CARTESIAN_POINT('Axis2P3D Location',(-5000002.2625,-4.80000000037,-9.7)) ;
#7803=CARTESIAN_POINT('Line Origine',(0.,-4.79301850577,-10.5)) ;
#7807=CARTESIAN_POINT('Vertex',(3.10698149405,-4.79301850614,-10.5)) ;
#7811=CARTESIAN_POINT('Control Point',(3.10000000058,-4.8,-9.7)) ;
#7812=CARTESIAN_POINT('Control Point',(3.10698149444,-4.79301850577,-10.5)) ;
#7815=CARTESIAN_POINT('Control Point',(2.29999999981,-4.8,-9.7)) ;
#7816=CARTESIAN_POINT('Control Point',(2.29301850591,-4.79301850577,-10.5)) ;
#7817=CARTESIAN_POINT('Vertex',(2.29301850614,-4.79301850614,-10.5)) ;
#7820=CARTESIAN_POINT('Line Origine',(0.,-4.79301850577,-10.5)) ;
#7824=CARTESIAN_POINT('Vertex',(-2.29301850614,-4.79301850614,-10.5)) ;
#7828=CARTESIAN_POINT('Control Point',(-2.29999999984,-4.8,-9.7)) ;
#7829=CARTESIAN_POINT('Control Point',(-2.29301850588,-4.79301850577,-10.5)) ;
#7832=CARTESIAN_POINT('Control Point',(-3.09999999968,-4.8,-9.7)) ;
#7833=CARTESIAN_POINT('Control Point',(-3.10698149348,-4.79301850577,-10.5)) ;
#7835=CARTESIAN_POINT('Line Origine',(0.,-4.95053846939,7.55)) ;
#7855=CARTESIAN_POINT('Axis2P3D Location',(0.,7.15827810764,7.55)) ;
#7860=CARTESIAN_POINT('Line Origine',(-4.59786934561,-9.50349074671,7.55)) ;
#7864=CARTESIAN_POINT('Vertex',(-4.59786934594,-5.83411214825,7.55)) ;
#7867=CARTESIAN_POINT('Line Origine',(-3.81599074717,-5.83411214825,7.55)) ;
#7871=CARTESIAN_POINT('Vertex',(-3.03411214841,-5.83411214826,7.55)) ;
#7874=CARTESIAN_POINT('Line Origine',(-3.03411214857,-5.86705607413,7.55)) ;
#7878=CARTESIAN_POINT('Vertex',(-3.03411214874,-5.9,7.55)) ;
#7881=CARTESIAN_POINT('Line Origine',(-2.69999999972,-5.9,7.55)) ;
#7885=CARTESIAN_POINT('Vertex',(-2.3658878507,-5.9,7.55)) ;
#7888=CARTESIAN_POINT('Line Origine',(-2.36588785104,-5.86705607409,7.55)) ;
#7892=CARTESIAN_POINT('Vertex',(-2.36588785137,-5.83411214818,7.55)) ;
#7895=CARTESIAN_POINT('Line Origine',(-4.69269068049E-012,-5.83411214803,7.55)) ;
#7899=CARTESIAN_POINT('Vertex',(2.36588785136,-5.83411214789,7.55)) ;
#7902=CARTESIAN_POINT('Line Origine',(2.36588785103,-5.86705607413,7.55)) ;
#7906=CARTESIAN_POINT('Vertex',(2.3658878507,-5.9,7.55)) ;
#7909=CARTESIAN_POINT('Line Origine',(2.69999999972,-5.9,7.55)) ;
#7913=CARTESIAN_POINT('Vertex',(3.03411214874,-5.9,7.55)) ;
#7916=CARTESIAN_POINT('Line Origine',(3.03411214857,-5.86705607413,7.55)) ;
#7920=CARTESIAN_POINT('Vertex',(3.03411214841,-5.83411214826,7.55)) ;
#7923=CARTESIAN_POINT('Line Origine',(3.81599074769,-5.83411214825,7.55)) ;
#7927=CARTESIAN_POINT('Vertex',(4.59786934697,-5.83411214851,7.55)) ;
#7930=CARTESIAN_POINT('Line Origine',(4.59786934675,-9.50349074777,7.55)) ;
#7958=CARTESIAN_POINT('Axis2P3D Location',(0.,-0.371817169477,12.75)) ;
#7963=CARTESIAN_POINT('Line Origine',(-5.15304125333,-0.35,10.25)) ;
#7976=CARTESIAN_POINT('Axis2P3D Location',(0.,0.35,10.25)) ;
#7981=CARTESIAN_POINT('Line Origine',(-5.15304125333,0.35,10.25)) ;
#7993=CARTESIAN_POINT('Axis2P3D Location',(0.,0.371817169477,12.75)) ;
#8006=CARTESIAN_POINT('Line Origine',(4.59786934809,9.50349074671,7.55)) ;
#8010=CARTESIAN_POINT('Vertex',(4.59786934761,5.83411214825,7.55)) ;
#8013=CARTESIAN_POINT('Line Origine',(3.81599074801,5.83411214825,7.55)) ;
#8017=CARTESIAN_POINT('Vertex',(3.03411214841,5.83411214826,7.55)) ;
#8020=CARTESIAN_POINT('Line Origine',(3.03411214857,5.86705607413,7.55)) ;
#8024=CARTESIAN_POINT('Vertex',(3.03411214874,5.9,7.55)) ;
#8027=CARTESIAN_POINT('Line Origine',(2.69999999972,5.9,7.55)) ;
#8031=CARTESIAN_POINT('Vertex',(2.3658878507,5.9,7.55)) ;
#8034=CARTESIAN_POINT('Line Origine',(2.36588785103,5.86705607413,7.55)) ;
#8038=CARTESIAN_POINT('Vertex',(2.36588785136,5.83411214789,7.55)) ;
#8041=CARTESIAN_POINT('Line Origine',(-4.69224659128E-012,5.83411214803,7.55)) ;
#8045=CARTESIAN_POINT('Vertex',(-2.36588785137,5.83411214818,7.55)) ;
#8048=CARTESIAN_POINT('Line Origine',(-2.36588785104,5.86705607409,7.55)) ;
#8052=CARTESIAN_POINT('Vertex',(-2.3658878507,5.9,7.55)) ;
#8055=CARTESIAN_POINT('Line Origine',(-2.69999999972,5.9,7.55)) ;
#8059=CARTESIAN_POINT('Vertex',(-3.03411214874,5.9,7.55)) ;
#8062=CARTESIAN_POINT('Line Origine',(-3.03411214857,5.86705607413,7.55)) ;
#8066=CARTESIAN_POINT('Vertex',(-3.03411214841,5.83411214826,7.55)) ;
#8069=CARTESIAN_POINT('Line Origine',(-3.81599074731,5.83411214825,7.55)) ;
#8073=CARTESIAN_POINT('Vertex',(-4.59786934621,5.83411214796,7.55)) ;
#8076=CARTESIAN_POINT('Line Origine',(-4.59786934617,9.50349074657,7.55)) ;
#8081=CARTESIAN_POINT('Line Origine',(3.42471828674E-010,4.99294114197,7.55)) ;
#8109=CARTESIAN_POINT('Axis2P3D Location',(3.65129717455,4.9,-3.1)) ;
#8114=CARTESIAN_POINT('Line Origine',(-4.55844251235E-010,4.9,-3.1)) ;
#8118=CARTESIAN_POINT('Vertex',(-2.7775943491,4.9,-3.1)) ;
#8120=CARTESIAN_POINT('Vertex',(-4.5249999992,4.9,-3.1)) ;
#8123=CARTESIAN_POINT('Line Origine',(-4.55844251235E-010,4.9,-3.1)) ;
#8127=CARTESIAN_POINT('Vertex',(-8.9232237638E-016,4.9,-3.1)) ;
#8130=CARTESIAN_POINT('Line Origine',(-4.55844251235E-010,4.9,-3.1)) ;
#8134=CARTESIAN_POINT('Vertex',(2.7775943491,4.9,-3.1)) ;
#8137=CARTESIAN_POINT('Line Origine',(-4.55844251235E-010,4.9,-3.1)) ;
#8141=CARTESIAN_POINT('Vertex',(4.52499999969,4.9,-3.1)) ;
#8144=CARTESIAN_POINT('Line Origine',(-4.55844251235E-010,4.9,-3.1)) ;
#8149=CARTESIAN_POINT('Line Origine',(-4.55844251235E-010,4.9,-3.1)) ;
#8166=CARTESIAN_POINT('Axis2P3D Location',(-2.7775943491,1.5,-3.1)) ;
#8171=CARTESIAN_POINT('Line Origine',(-2.7775943491,4.22792597693,-3.1)) ;
#8184=CARTESIAN_POINT('Axis2P3D Location',(0.,0.,-0.8)) ;
#8189=CARTESIAN_POINT('Axis2P3D Location',(-2.7,-10.4,-0.8)) ;
#8193=CARTESIAN_POINT('Vertex',(-1.5,-11.6737739203,-0.8)) ;
#8195=CARTESIAN_POINT('Vertex',(-3.9,-11.6737739203,-0.8)) ;
#8198=CARTESIAN_POINT('Line Origine',(-3.9,-11.8868869601,-0.8)) ;
#8202=CARTESIAN_POINT('Vertex',(-3.9,-12.1,-0.8)) ;
#8205=CARTESIAN_POINT('Line Origine',(-4.2125,-12.1,-0.8)) ;
#8209=CARTESIAN_POINT('Vertex',(-4.525,-12.1,-0.8)) ;
#8212=CARTESIAN_POINT('Line Origine',(-4.525,-12.6,-0.8)) ;
#8217=CARTESIAN_POINT('Line Origine',(4.525,-12.6,-0.8)) ;
#8221=CARTESIAN_POINT('Vertex',(4.525,-12.1,-0.8)) ;
#8224=CARTESIAN_POINT('Line Origine',(4.2125,-12.1,-0.8)) ;
#8228=CARTESIAN_POINT('Vertex',(3.9,-12.1,-0.8)) ;
#8231=CARTESIAN_POINT('Line Origine',(3.9,-11.8868869601,-0.8)) ;
#8235=CARTESIAN_POINT('Vertex',(3.9,-11.6737739203,-0.8)) ;
#8238=CARTESIAN_POINT('Axis2P3D Location',(2.7,-10.4,-0.8)) ;
#8242=CARTESIAN_POINT('Vertex',(1.5,-11.6737739203,-0.8)) ;
#8245=CARTESIAN_POINT('Line Origine',(1.5,-11.8868869601,-0.8)) ;
#8249=CARTESIAN_POINT('Vertex',(1.5,-12.1,-0.8)) ;
#8252=CARTESIAN_POINT('Line Origine',(0.,-12.1,-0.8)) ;
#8256=CARTESIAN_POINT('Vertex',(-1.5,-12.1,-0.8)) ;
#8259=CARTESIAN_POINT('Line Origine',(-1.5,-11.8868869601,-0.8)) ;
#8279=CARTESIAN_POINT('Axis2P3D Location',(4.52500000112,0.,-0.8)) ;
#8285=CARTESIAN_POINT('Control Point',(4.59786934717,-5.83411214253,7.54999999995)) ;
#8286=CARTESIAN_POINT('Control Point',(4.52500000112,-5.90698149442,-0.799999999993)) ;
#8287=CARTESIAN_POINT('Vertex',(4.52500000187,-5.90698149442,-0.8)) ;
#8290=CARTESIAN_POINT('Line Origine',(4.52500000112,0.,-0.799999999993)) ;
#8294=CARTESIAN_POINT('Vertex',(4.52500000187,-8.60904233578,-0.8)) ;
#8298=CARTESIAN_POINT('Control Point',(4.52500000112,-8.60904233578,-0.799999999993)) ;
#8299=CARTESIAN_POINT('Control Point',(4.5273271717,-8.614736283,-0.533332664807)) ;
#8300=CARTESIAN_POINT('Control Point',(4.52965433653,-8.62045736652,-0.266665988012)) ;
#8301=CARTESIAN_POINT('Control Point',(4.53198149535,-8.62620638196,6.56374954389E-012)) ;
#8302=CARTESIAN_POINT('Vertex',(4.53198149606,-8.62620638233,5.55090375367E-017)) ;
#8305=CARTESIAN_POINT('Line Origine',(4.53198149535,0.,1.44328993201E-015)) ;
#8309=CARTESIAN_POINT('Vertex',(4.53198149614,-11.8,0.)) ;
#8313=CARTESIAN_POINT('Control Point',(4.52936343501,-12.1,-0.3)) ;
#8314=CARTESIAN_POINT('Control Point',(4.53198149535,-11.8,1.44328993201E-015)) ;
#8315=CARTESIAN_POINT('Vertex',(4.52936343532,-12.1,-0.3)) ;
#8319=CARTESIAN_POINT('Control Point',(4.52500000112,-12.1000000004,-0.8)) ;
#8320=CARTESIAN_POINT('Control Point',(4.52936343501,-12.1,-0.3)) ;
#8334=CARTESIAN_POINT('Axis2P3D Location',(0.,14.2,3.45)) ;
#8340=CARTESIAN_POINT('Control Point',(3.24987624996,-15.3281148164,3.42163875963)) ;
#8341=CARTESIAN_POINT('Control Point',(3.24677135249,-15.3250099189,3.06585275025)) ;
#8342=CARTESIAN_POINT('Control Point',(3.19497856837,-15.3219087337,2.71049160122)) ;
#8343=CARTESIAN_POINT('Control Point',(3.09455408564,-15.3188885568,2.36441377476)) ;
#8344=CARTESIAN_POINT('Control Point',(2.67658118422,-15.3107231612,1.42875340254)) ;
#8345=CARTESIAN_POINT('Control Point',(1.9218612271,-15.3043842649,0.702385452291)) ;
#8346=CARTESIAN_POINT('Control Point',(1.31909405715,-15.30146013,0.367314321149)) ;
#8347=CARTESIAN_POINT('Control Point',(-0.355785910474,-15.2977522715,-0.0575641757262)) ;
#8348=CARTESIAN_POINT('Control Point',(-2.03067743218,-15.3034601601,0.596495076101)) ;
#8349=CARTESIAN_POINT('Control Point',(-2.83567744795,-15.3104239837,1.39446648088)) ;
#8350=CARTESIAN_POINT('Control Point',(-3.24101599523,-15.3192545616,2.40635412998)) ;
#8351=CARTESIAN_POINT('Control Point',(-3.24987624996,-15.3281148153,3.42163875963)) ;
#8360=CARTESIAN_POINT('Axis2P3D Location',(-4.52500000019,0.,-0.8)) ;
#8366=CARTESIAN_POINT('Control Point',(-4.52500000019,-12.0999999996,-0.8)) ;
#8367=CARTESIAN_POINT('Control Point',(-4.52936343408,-12.0999999996,-0.3)) ;
#8368=CARTESIAN_POINT('Vertex',(-4.52936343327,-12.1,-0.3)) ;
#8372=CARTESIAN_POINT('Control Point',(-4.52936343408,-12.0999999996,-0.3)) ;
#8373=CARTESIAN_POINT('Control Point',(-4.53198149442,-11.7999999996,-2.22044604925E-016)) ;
#8374=CARTESIAN_POINT('Vertex',(-4.53198149428,-11.8,0.)) ;
#8377=CARTESIAN_POINT('Line Origine',(-4.53198149442,-9.31322574615E-010,-3.33066907388E-016)) ;
#8381=CARTESIAN_POINT('Vertex',(-4.53198149427,-8.62620638048,-1.11018075073E-016)) ;
#8385=CARTESIAN_POINT('Control Point',(-4.53198149442,-8.62620638011,-1.26559873692E-012)) ;
#8386=CARTESIAN_POINT('Control Point',(-4.5296543356,-8.62045736468,-0.26666598802)) ;
#8387=CARTESIAN_POINT('Control Point',(-4.52732717076,-8.61473628113,-0.533332664816)) ;
#8388=CARTESIAN_POINT('Control Point',(-4.52500000019,-8.60904233392,-0.800000000002)) ;
#8389=CARTESIAN_POINT('Vertex',(-4.52500000004,-8.60904233392,-0.800000000001)) ;
#8392=CARTESIAN_POINT('Line Origine',(-4.52500000019,-9.31322574615E-010,-0.800000000001)) ;
#8396=CARTESIAN_POINT('Vertex',(-4.52500000019,-5.90698149442,-0.800000000001)) ;
#8400=CARTESIAN_POINT('Control Point',(-4.59786934624,-5.83411214253,7.54999999995)) ;
#8401=CARTESIAN_POINT('Control Point',(-4.52500000019,-5.90698149442,-0.800000000001)) ;
#8415=CARTESIAN_POINT('Axis2P3D Location',(0.,-15.3,0.200000000186)) ;
#8421=CARTESIAN_POINT('Control Point',(-2.75,-15.3283623203,3.45)) ;
#8422=CARTESIAN_POINT('Control Point',(-3.25012331791,-15.3283623201,3.44999997917)) ;
#8423=CARTESIAN_POINT('Vertex',(-2.75,-15.3283623203,3.45)) ;
#8427=CARTESIAN_POINT('Control Point',(-2.75,-15.3283623203,3.45)) ;
#8428=CARTESIAN_POINT('Control Point',(-2.75,-15.3229970344,2.83519913427)) ;
#8429=CARTESIAN_POINT('Control Point',(-2.57819086162,-15.3176317678,2.22040047715)) ;
#8430=CARTESIAN_POINT('Control Point',(-2.23388994468,-15.3128276241,1.66990012457)) ;
#8431=CARTESIAN_POINT('Control Point',(-1.50136014187,-15.3071588064,1.020317959)) ;
#8432=CARTESIAN_POINT('Control Point',(-0.591963758606,-15.3046612603,0.734127523492)) ;
#8433=CARTESIAN_POINT('Control Point',(-0.262812793012,-15.304213457,0.682814349962)) ;
#8434=CARTESIAN_POINT('Control Point',(0.862542069839,-15.3041701809,0.677855396213)) ;
#8435=CARTESIAN_POINT('Control Point',(1.90727082983,-15.3089906185,1.23022283675)) ;
#8436=CARTESIAN_POINT('Control Point',(2.46996558877,-15.3146628291,1.88019379637)) ;
#8437=CARTESIAN_POINT('Control Point',(2.75,-15.321512559,2.66509509827)) ;
#8438=CARTESIAN_POINT('Control Point',(2.75,-15.3283623203,3.45000000001)) ;
#8439=CARTESIAN_POINT('Vertex',(2.75,-15.3283623203,3.45)) ;
#8443=CARTESIAN_POINT('Control Point',(3.25012375509,-15.3283623203,3.44999999785)) ;
#8444=CARTESIAN_POINT('Control Point',(2.75,-15.3283623203,3.45000000001)) ;
#8455=CARTESIAN_POINT('Axis2P3D Location',(-2.75,13.1,3.45)) ;
#8460=CARTESIAN_POINT('Line Origine',(-2.95095836859,-16.6399995761,3.45)) ;
#8464=CARTESIAN_POINT('Vertex',(-2.75,-16.6399995761,3.45)) ;
#8467=CARTESIAN_POINT('Line Origine',(-2.75,-15.9841809482,3.45)) ;
#8483=CARTESIAN_POINT('Line Origine',(2.75,-15.9841809482,3.45)) ;
#8487=CARTESIAN_POINT('Vertex',(2.75,-16.6399995761,3.45)) ;
#8490=CARTESIAN_POINT('Line Origine',(2.95096003249,-16.6399995761,3.45)) ;
#8506=CARTESIAN_POINT('Axis2P3D Location',(3.41207979725,20.15,-4.)) ;
#8511=CARTESIAN_POINT('Line Origine',(3.35657218125,-16.9899377594,-2.41046984901)) ;
#8515=CARTESIAN_POINT('Vertex',(3.35657218125,-16.4353474592,-2.41046984901)) ;
#8517=CARTESIAN_POINT('Vertex',(3.35657218125,-17.5445277461,-2.41046984906)) ;
#8521=CARTESIAN_POINT('Control Point',(3.35657218125,-17.5445277461,-2.41046984906)) ;
#8522=CARTESIAN_POINT('Control Point',(3.35657218213,-17.5875382297,-2.4104698743)) ;
#8523=CARTESIAN_POINT('Control Point',(3.35641068305,-17.6305475478,-2.40584514566)) ;
#8524=CARTESIAN_POINT('Control Point',(3.35608770188,-17.6728937736,-2.39659617491)) ;
#8525=CARTESIAN_POINT('Control Point',(3.35466822266,-17.794336766,-2.35594760859)) ;
#8526=CARTESIAN_POINT('Control Point',(3.35196248169,-17.8988684503,-2.27846532482)) ;
#8527=CARTESIAN_POINT('Control Point',(3.34968035315,-17.9560886158,-2.21311371391)) ;
#8528=CARTESIAN_POINT('Control Point',(3.34617272862,-18.0116717392,-2.1126684893)) ;
#8529=CARTESIAN_POINT('Control Point',(3.3423422287,-18.0370976468,-2.00297732345)) ;
#8530=CARTESIAN_POINT('Control Point',(3.34137239837,-18.0415104528,-1.97520501663)) ;
#8531=CARTESIAN_POINT('Control Point',(3.34039503633,-18.0439628189,-1.94721702969)) ;
#8532=CARTESIAN_POINT('Control Point',(3.33941652225,-18.0444519228,-1.9191960525)) ;
#8534=CARTESIAN_POINT('Line Origine',(3.14808110511,-17.3919645019,3.55993341461)) ;
#8539=CARTESIAN_POINT('Line Origine',(3.2542461229,-16.5376735175,0.519765075495)) ;
#8553=CARTESIAN_POINT('Axis2P3D Location',(0.,-18.95,3.45)) ;
#8558=CARTESIAN_POINT('Line Origine',(-3.14808110511,-18.95,3.55993341461)) ;
#8571=CARTESIAN_POINT('Axis2P3D Location',(-3.14808110511,20.15,3.55993341461)) ;
#8577=CARTESIAN_POINT('Control Point',(-3.33941652224,-18.0444519113,-1.9191960523)) ;
#8578=CARTESIAN_POINT('Control Point',(-3.34017746721,-18.0440715584,-1.94098666519)) ;
#8579=CARTESIAN_POINT('Control Point',(-3.34093771501,-18.0425039309,-1.96275731385)) ;
#8580=CARTESIAN_POINT('Control Point',(-3.3416942603,-18.0397503636,-1.98442193633)) ;
#8581=CARTESIAN_POINT('Control Point',(-3.34470097525,-18.023996289,-2.07052298704)) ;
#8582=CARTESIAN_POINT('Control Point',(-3.34755220929,-17.9896710206,-2.15217164736)) ;
#8583=CARTESIAN_POINT('Control Point',(-3.34952447285,-17.9539937095,-2.20864988629)) ;
#8584=CARTESIAN_POINT('Control Point',(-3.3529881004,-17.8654309538,-2.30783520198)) ;
#8585=CARTESIAN_POINT('Control Point',(-3.35528243814,-17.7498132424,-2.37353643847)) ;
#8586=CARTESIAN_POINT('Control Point',(-3.35608525141,-17.6870875328,-2.39652600284)) ;
#8587=CARTESIAN_POINT('Control Point',(-3.3565294273,-17.619426706,-2.40924553605)) ;
#8588=CARTESIAN_POINT('Control Point',(-3.3565707674,-17.5514982356,-2.41042936169)) ;
#8589=CARTESIAN_POINT('Control Point',(-3.35657170997,-17.5491749127,-2.41045635325)) ;
#8590=CARTESIAN_POINT('Control Point',(-3.35657218125,-17.546851488,-2.41046984905)) ;
#8591=CARTESIAN_POINT('Control Point',(-3.35657218126,-17.5445280673,-2.41046984918)) ;
#8592=CARTESIAN_POINT('Vertex',(-3.35657218126,-17.5445280673,-2.41046984918)) ;
#8595=CARTESIAN_POINT('Line Origine',(-3.35657218125,-16.9899377616,-2.41046984901)) ;
#8599=CARTESIAN_POINT('Vertex',(-3.35657218125,-16.4353474634,-2.41046984901)) ;
#8602=CARTESIAN_POINT('Line Origine',(-3.2542461229,-16.5376735248,0.519765075495)) ;
#8616=CARTESIAN_POINT('Line Origine',(3.25012375475,2.91418116121,-6.25)) ;
#8620=CARTESIAN_POINT('Vertex',(3.25012375475,2.3,-6.25)) ;
#8623=CARTESIAN_POINT('Line Origine',(3.90610647141,2.3,-6.25)) ;
#8635=CARTESIAN_POINT('Axis2P3D Location',(-1.54124890628E-009,2.30000000037,-6.25)) ;
#8641=CARTESIAN_POINT('Control Point',(3.25012375447,2.30000000037,-6.25)) ;
#8642=CARTESIAN_POINT('Control Point',(3.34873736035,2.20138639434,5.05)) ;
#8643=CARTESIAN_POINT('Vertex',(3.34873736035,2.20138639434,5.05)) ;
#8646=CARTESIAN_POINT('Line Origine',(-1.54125245899E-009,2.20138639434,5.05)) ;
#8658=CARTESIAN_POINT('Line Origine',(3.34873736079,1.81854459424,5.05)) ;
#8670=CARTESIAN_POINT('Line Origine',(3.9,0.5,-10.25)) ;
#8674=CARTESIAN_POINT('Vertex',(3.9,0.5,-10.)) ;
#8677=CARTESIAN_POINT('Line Origine',(4.21468171719,0.5,-10.)) ;
#8689=CARTESIAN_POINT('Axis2P3D Location',(-6.335,0.5,-10.)) ;
#8694=CARTESIAN_POINT('Line Origine',(3.9,0.35,-9.85)) ;
#8706=CARTESIAN_POINT('Axis2P3D Location',(2.7,-1.2,-9.7)) ;
#8712=CARTESIAN_POINT('Control Point',(3.10698149405,-3.72438515789,-10.5)) ;
#8713=CARTESIAN_POINT('Control Point',(3.10465432906,-3.72240312884,-10.2333333059)) ;
#8714=CARTESIAN_POINT('Control Point',(3.1023271645,-3.72041876568,-9.96666663913)) ;
#8715=CARTESIAN_POINT('Control Point',(3.1,-3.71843205189,-9.7)) ;
#8716=CARTESIAN_POINT('Vertex',(3.10698149405,-3.72438515789,-10.5)) ;
#8720=CARTESIAN_POINT('Control Point',(4.52500000192,-2.99095766417,-10.5)) ;
#8721=CARTESIAN_POINT('Control Point',(4.2407069892,-3.28065448902,-10.5)) ;
#8722=CARTESIAN_POINT('Control Point',(3.89492421158,-3.5102875688,-10.5)) ;
#8723=CARTESIAN_POINT('Control Point',(3.50769731002,-3.65978173516,-10.5)) ;
#8724=CARTESIAN_POINT('Control Point',(3.10698149405,-3.72438515789,-10.5)) ;
#8733=CARTESIAN_POINT('Line Origine',(3.10698149405,-4.25870183201,-10.5)) ;
#8745=CARTESIAN_POINT('Line Origine',(5.15304125333,-0.35,10.25)) ;
#8758=CARTESIAN_POINT('Line Origine',(5.15304125333,0.35,10.25)) ;
#8778=CARTESIAN_POINT('Line Origine',(2.7775943491,4.22792597693,-3.1)) ;
#8791=CARTESIAN_POINT('Axis2P3D Location',(-4.52500000019,0.,-0.8)) ;
#8796=CARTESIAN_POINT('Line Origine',(-4.52500000019,-9.31322574615E-010,-0.800000000001)) ;
#8800=CARTESIAN_POINT('Vertex',(-4.52500000004,5.90698149442,-0.800000000001)) ;
#8802=CARTESIAN_POINT('Vertex',(-4.52500000004,8.60904233392,-0.8)) ;
#8806=CARTESIAN_POINT('Control Point',(-4.52500000019,8.60904233392,-0.800000000001)) ;
#8807=CARTESIAN_POINT('Control Point',(-4.52732717076,8.61473628113,-0.533332664812)) ;
#8808=CARTESIAN_POINT('Control Point',(-4.5296543356,8.62045736542,-0.266665988023)) ;
#8809=CARTESIAN_POINT('Control Point',(-4.53198149442,8.62620638085,-1.26576527038E-012)) ;
#8810=CARTESIAN_POINT('Vertex',(-4.53198149427,8.62620638048,0.)) ;
#8813=CARTESIAN_POINT('Line Origine',(-4.53198149442,-9.31322574615E-010,5.55111512313E-016)) ;
#8817=CARTESIAN_POINT('Vertex',(-4.53198149428,11.8,0.)) ;
#8821=CARTESIAN_POINT('Control Point',(-4.52936343408,12.1,-0.3)) ;
#8822=CARTESIAN_POINT('Control Point',(-4.53198149442,11.8,5.55111512313E-016)) ;
#8823=CARTESIAN_POINT('Vertex',(-4.5293634342,12.1,-0.3)) ;
#8827=CARTESIAN_POINT('Control Point',(-4.52500000019,12.1000000004,-0.8)) ;
#8828=CARTESIAN_POINT('Control Point',(-4.52936343408,12.1,-0.3)) ;
#8829=CARTESIAN_POINT('Vertex',(-4.525,12.1,-0.8)) ;
#8832=CARTESIAN_POINT('Line Origine',(-4.52500000019,-9.31322574615E-010,-0.8)) ;
#8838=CARTESIAN_POINT('Control Point',(-4.59786934624,5.83411215031,7.55000000002)) ;
#8839=CARTESIAN_POINT('Control Point',(-4.52500000019,5.90698149442,-0.800000000002)) ;
#8854=CARTESIAN_POINT('Control Point',(3.24987624996,15.3281148164,3.42163875963)) ;
#8855=CARTESIAN_POINT('Control Point',(3.24677135249,15.3250099189,3.06585275025)) ;
#8856=CARTESIAN_POINT('Control Point',(3.19497856837,15.3219087338,2.71049160122)) ;
#8857=CARTESIAN_POINT('Control Point',(3.09455408564,15.3188885568,2.36441377476)) ;
#8858=CARTESIAN_POINT('Control Point',(2.67658118421,15.3107231612,1.42875340254)) ;
#8859=CARTESIAN_POINT('Control Point',(1.9218612271,15.3043842649,0.702385452289)) ;
#8860=CARTESIAN_POINT('Control Point',(1.31909405715,15.30146013,0.36731432115)) ;
#8861=CARTESIAN_POINT('Control Point',(-0.355785910476,15.2977522715,-0.0575641757275)) ;
#8862=CARTESIAN_POINT('Control Point',(-2.03067743219,15.3034601601,0.596495076103)) ;
#8863=CARTESIAN_POINT('Control Point',(-2.83567744795,15.3104239837,1.39446648092)) ;
#8864=CARTESIAN_POINT('Control Point',(-3.24101599523,15.3192545616,2.40635412998)) ;
#8865=CARTESIAN_POINT('Control Point',(-3.24987624996,15.3281148153,3.42163875963)) ;
#8874=CARTESIAN_POINT('Axis2P3D Location',(4.52500000112,0.,-0.8)) ;
#8880=CARTESIAN_POINT('Control Point',(4.52500000112,8.6090423359,-0.799999999993)) ;
#8881=CARTESIAN_POINT('Control Point',(4.5273271717,8.61473628312,-0.533332664805)) ;
#8882=CARTESIAN_POINT('Control Point',(4.52965433653,8.62045736727,-0.266665988015)) ;
#8883=CARTESIAN_POINT('Control Point',(4.53198149535,8.62620638271,6.56369403274E-012)) ;
#8884=CARTESIAN_POINT('Vertex',(4.53198149535,8.62620638271,6.56374954389E-012)) ;
#8886=CARTESIAN_POINT('Vertex',(4.52500000187,8.6090423359,-0.8)) ;
#8889=CARTESIAN_POINT('Line Origine',(4.52500000112,0.,-0.799999999993)) ;
#8893=CARTESIAN_POINT('Vertex',(4.52500000187,5.90698149442,-0.8)) ;
#8897=CARTESIAN_POINT('Control Point',(4.59786934717,5.83411215031,7.55000000002)) ;
#8898=CARTESIAN_POINT('Control Point',(4.52500000112,5.90698149442,-0.799999999993)) ;
#8900=CARTESIAN_POINT('Line Origine',(4.52500000112,0.,-0.8)) ;
#8904=CARTESIAN_POINT('Vertex',(4.525,12.1,-0.8)) ;
#8908=CARTESIAN_POINT('Control Point',(4.52500000112,12.0999999996,-0.8)) ;
#8909=CARTESIAN_POINT('Control Point',(4.52936343501,12.0999999996,-0.3)) ;
#8910=CARTESIAN_POINT('Vertex',(4.52936343439,12.1,-0.3)) ;
#8914=CARTESIAN_POINT('Control Point',(4.52936343501,12.0999999996,-0.3)) ;
#8915=CARTESIAN_POINT('Control Point',(4.53198149535,11.7999999996,1.05471187339E-015)) ;
#8916=CARTESIAN_POINT('Vertex',(4.53198149614,11.8,0.)) ;
#8919=CARTESIAN_POINT('Line Origine',(4.53198149535,0.,1.44328993201E-015)) ;
#8936=CARTESIAN_POINT('Line Origine',(-1.5,11.8868869601,-0.8)) ;
#8940=CARTESIAN_POINT('Vertex',(-1.5,11.6737739203,-0.8)) ;
#8942=CARTESIAN_POINT('Vertex',(-1.5,12.1,-0.8)) ;
#8945=CARTESIAN_POINT('Line Origine',(0.,12.1,-0.8)) ;
#8949=CARTESIAN_POINT('Vertex',(1.5,12.1,-0.8)) ;
#8952=CARTESIAN_POINT('Line Origine',(1.5,11.8868869601,-0.8)) ;
#8956=CARTESIAN_POINT('Vertex',(1.5,11.6737739203,-0.8)) ;
#8959=CARTESIAN_POINT('Axis2P3D Location',(2.7,10.4,-0.8)) ;
#8963=CARTESIAN_POINT('Vertex',(3.9,11.6737739203,-0.8)) ;
#8966=CARTESIAN_POINT('Line Origine',(3.9,11.8868869601,-0.8)) ;
#8970=CARTESIAN_POINT('Vertex',(3.9,12.1,-0.8)) ;
#8973=CARTESIAN_POINT('Line Origine',(4.2125,12.1,-0.8)) ;
#8978=CARTESIAN_POINT('Line Origine',(-4.2125,12.1,-0.8)) ;
#8982=CARTESIAN_POINT('Vertex',(-3.9,12.1,-0.8)) ;
#8985=CARTESIAN_POINT('Line Origine',(-3.9,11.8868869601,-0.8)) ;
#8989=CARTESIAN_POINT('Vertex',(-3.9,11.6737739203,-0.8)) ;
#8992=CARTESIAN_POINT('Axis2P3D Location',(-2.7,10.4,-0.8)) ;
#9012=CARTESIAN_POINT('Axis2P3D Location',(0.,15.3,0.200000000186)) ;
#9018=CARTESIAN_POINT('Control Point',(3.25012375509,15.3283623203,3.44999999785)) ;
#9019=CARTESIAN_POINT('Control Point',(2.75,15.3283623203,3.45)) ;
#9020=CARTESIAN_POINT('Vertex',(2.75,15.3283623203,3.45)) ;
#9024=CARTESIAN_POINT('Control Point',(2.75,15.3283623203,3.45)) ;
#9025=CARTESIAN_POINT('Control Point',(2.75,15.3229970344,2.83519913432)) ;
#9026=CARTESIAN_POINT('Control Point',(2.57819086163,15.3176317678,2.22040047725)) ;
#9027=CARTESIAN_POINT('Control Point',(2.23388994479,15.3128276241,1.66990012474)) ;
#9028=CARTESIAN_POINT('Control Point',(1.50136014208,15.3071588064,1.02031795914)) ;
#9029=CARTESIAN_POINT('Control Point',(0.591963758887,15.3046612603,0.734127523555)) ;
#9030=CARTESIAN_POINT('Control Point',(0.262812793303,15.304213457,0.682814349988)) ;
#9031=CARTESIAN_POINT('Control Point',(-0.862542069604,15.3041701809,0.677855396126)) ;
#9032=CARTESIAN_POINT('Control Point',(-1.90727082971,15.3089906185,1.2302228366)) ;
#9033=CARTESIAN_POINT('Control Point',(-2.46996558875,15.3146628291,1.88019379627)) ;
#9034=CARTESIAN_POINT('Control Point',(-2.75,15.321512559,2.66509509822)) ;
#9035=CARTESIAN_POINT('Control Point',(-2.75,15.3283623203,3.45000000002)) ;
#9036=CARTESIAN_POINT('Vertex',(-2.75,15.3283623203,3.45)) ;
#9040=CARTESIAN_POINT('Control Point',(-2.75,15.3283623203,3.45000000002)) ;
#9041=CARTESIAN_POINT('Control Point',(-3.25012331791,15.3283623201,3.44999997917)) ;
#9052=CARTESIAN_POINT('Line Origine',(2.95096003249,16.6399995761,3.45)) ;
#9056=CARTESIAN_POINT('Vertex',(2.75,16.6399995761,3.45)) ;
#9059=CARTESIAN_POINT('Line Origine',(2.75,15.9841809482,3.45)) ;
#9075=CARTESIAN_POINT('Line Origine',(3.24374881367,18.0922711876,0.820368681192)) ;
#9079=CARTESIAN_POINT('Vertex',(3.14808110511,18.1400904679,3.55993341461)) ;
#9081=CARTESIAN_POINT('Vertex',(3.33941652224,18.0444519073,-1.91919605223)) ;
#9085=CARTESIAN_POINT('Control Point',(3.33941652224,18.0444519113,-1.9191960523)) ;
#9086=CARTESIAN_POINT('Control Point',(3.34017746721,18.0440715584,-1.94098666519)) ;
#9087=CARTESIAN_POINT('Control Point',(3.34093771501,18.0425039309,-1.96275731385)) ;
#9088=CARTESIAN_POINT('Control Point',(3.3416942603,18.0397503636,-1.98442193633)) ;
#9089=CARTESIAN_POINT('Control Point',(3.34470097525,18.023996289,-2.07052298704)) ;
#9090=CARTESIAN_POINT('Control Point',(3.34755220929,17.9896710206,-2.15217164736)) ;
#9091=CARTESIAN_POINT('Control Point',(3.34952447285,17.9539937095,-2.20864988629)) ;
#9092=CARTESIAN_POINT('Control Point',(3.3529881004,17.8654309538,-2.30783520198)) ;
#9093=CARTESIAN_POINT('Control Point',(3.35528243814,17.7498132424,-2.37353643847)) ;
#9094=CARTESIAN_POINT('Control Point',(3.35608525141,17.6870875328,-2.39652600284)) ;
#9095=CARTESIAN_POINT('Control Point',(3.3565294273,17.619426706,-2.40924553605)) ;
#9096=CARTESIAN_POINT('Control Point',(3.3565707674,17.5514982356,-2.41042936169)) ;
#9097=CARTESIAN_POINT('Control Point',(3.35657170997,17.5491749127,-2.41045635325)) ;
#9098=CARTESIAN_POINT('Control Point',(3.35657218125,17.546851488,-2.41046984905)) ;
#9099=CARTESIAN_POINT('Control Point',(3.35657218126,17.5445280673,-2.41046984918)) ;
#9100=CARTESIAN_POINT('Vertex',(3.35657218126,17.5445280673,-2.41046984918)) ;
#9103=CARTESIAN_POINT('Line Origine',(3.35657218125,16.9899377594,-2.41046984901)) ;
#9107=CARTESIAN_POINT('Vertex',(3.35657218125,16.4353474592,-2.41046984901)) ;
#9110=CARTESIAN_POINT('Line Origine',(3.2542461229,16.5376735175,0.519765075495)) ;
#9115=CARTESIAN_POINT('Line Origine',(3.14808110511,17.3919645016,3.55993341461)) ;
#9129=CARTESIAN_POINT('Axis2P3D Location',(0.,18.95,3.45)) ;
#9135=CARTESIAN_POINT('Control Point',(3.14808110511,18.1400904679,3.55993341461)) ;
#9136=CARTESIAN_POINT('Control Point',(3.13442548452,18.1475662674,3.95097922448)) ;
#9137=CARTESIAN_POINT('Control Point',(3.0600515715,18.1550015327,4.33990540947)) ;
#9138=CARTESIAN_POINT('Control Point',(2.92540065006,18.1621547462,4.71407718218)) ;
#9139=CARTESIAN_POINT('Control Point',(2.42460794307,18.1795994836,5.6265790932)) ;
#9140=CARTESIAN_POINT('Control Point',(1.59107363888,18.192149632,6.28305729605)) ;
#9141=CARTESIAN_POINT('Control Point',(0.979864307648,18.1972149191,6.54801194127)) ;
#9142=CARTESIAN_POINT('Control Point',(-0.594726411568,18.2017926833,6.78746707235)) ;
#9143=CARTESIAN_POINT('Control Point',(-2.07784870813,18.1883684731,6.08526987564)) ;
#9144=CARTESIAN_POINT('Control Point',(-2.75887134682,18.1745132236,5.36052527541)) ;
#9145=CARTESIAN_POINT('Control Point',(-3.1164425422,18.1574110767,4.46594331571)) ;
#9146=CARTESIAN_POINT('Control Point',(-3.14808110511,18.140090469,3.55993341461)) ;
#9147=CARTESIAN_POINT('Vertex',(-3.14808110511,18.140090469,3.55993341461)) ;
#9150=CARTESIAN_POINT('Line Origine',(-3.14808110511,18.95,3.55993341461)) ;
#9163=CARTESIAN_POINT('Line Origine',(-3.35657218125,16.9899377616,-2.41046984901)) ;
#9167=CARTESIAN_POINT('Vertex',(-3.35657218125,16.4353474634,-2.41046984901)) ;
#9169=CARTESIAN_POINT('Vertex',(-3.35657218125,17.5445277461,-2.41046984906)) ;
#9173=CARTESIAN_POINT('Control Point',(-3.35657218125,17.5445277461,-2.41046984906)) ;
#9174=CARTESIAN_POINT('Control Point',(-3.35657218213,17.5875382297,-2.4104698743)) ;
#9175=CARTESIAN_POINT('Control Point',(-3.35641068305,17.6305475478,-2.40584514566)) ;
#9176=CARTESIAN_POINT('Control Point',(-3.35608770188,17.6728937736,-2.39659617491)) ;
#9177=CARTESIAN_POINT('Control Point',(-3.35466822266,17.794336766,-2.35594760859)) ;
#9178=CARTESIAN_POINT('Control Point',(-3.35196248169,17.8988684503,-2.27846532482)) ;
#9179=CARTESIAN_POINT('Control Point',(-3.34968035315,17.9560886158,-2.21311371391)) ;
#9180=CARTESIAN_POINT('Control Point',(-3.34617272862,18.0116717392,-2.1126684893)) ;
#9181=CARTESIAN_POINT('Control Point',(-3.3423422287,18.0370976468,-2.00297732345)) ;
#9182=CARTESIAN_POINT('Control Point',(-3.34137239837,18.0415104528,-1.97520501663)) ;
#9183=CARTESIAN_POINT('Control Point',(-3.34039503633,18.0439628189,-1.94721702969)) ;
#9184=CARTESIAN_POINT('Control Point',(-3.33941652225,18.0444519228,-1.9191960525)) ;
#9185=CARTESIAN_POINT('Vertex',(-3.33941652224,18.0444519073,-1.91919605223)) ;
#9188=CARTESIAN_POINT('Line Origine',(-3.24374881367,18.0922711876,0.820368681192)) ;
#9193=CARTESIAN_POINT('Line Origine',(-3.2542461229,16.5376735248,0.519765075495)) ;
#9207=CARTESIAN_POINT('Line Origine',(-2.75,15.9841809482,3.45)) ;
#9211=CARTESIAN_POINT('Vertex',(-2.75,16.6399995761,3.45)) ;
#9214=CARTESIAN_POINT('Line Origine',(-2.95095836859,16.6399995761,3.45)) ;
#9230=CARTESIAN_POINT('Axis2P3D Location',(-5.40438140981,17.5445280597,-1.9)) ;
#9235=CARTESIAN_POINT('Axis2P3D Location',(-5.40438140981,17.5445280597,-1.9)) ;
#9246=CARTESIAN_POINT('Axis2P3D Location',(0.375900607503,17.5445280597,-1.9)) ;
#9252=CARTESIAN_POINT('Control Point',(3.63923376233,18.3444062158,-1.91396192532)) ;
#9253=CARTESIAN_POINT('Control Point',(3.64601161872,18.3389855994,-2.22450882693)) ;
#9254=CARTESIAN_POINT('Control Point',(3.65281233199,18.1697786258,-2.53610547441)) ;
#9255=CARTESIAN_POINT('Control Point',(3.65638942899,17.855261814,-2.7)) ;
#9256=CARTESIAN_POINT('Control Point',(3.65638942936,17.5445280597,-2.7)) ;
#9265=CARTESIAN_POINT('Axis2P3D Location',(-5.16386933214E-012,17.5445280597,-1.9)) ;
#9271=CARTESIAN_POINT('Control Point',(-3.65638942936,17.5445280597,-2.7)) ;
#9272=CARTESIAN_POINT('Control Point',(-3.65638943334,17.8552552473,-2.7)) ;
#9273=CARTESIAN_POINT('Control Point',(-3.65281231039,18.1698028749,-2.53610298241)) ;
#9274=CARTESIAN_POINT('Control Point',(-3.64601143122,18.3389857414,-2.22450070888)) ;
#9275=CARTESIAN_POINT('Control Point',(-3.63923379093,18.3444062158,-1.9139619247)) ;
#9284=CARTESIAN_POINT('Axis2P3D Location',(-3.48840592094,18.1198428549,2.41041829436)) ;
#9289=CARTESIAN_POINT('Axis2P3D Location',(-3.63923377034,18.0444519073,-1.90872620322)) ;
#9294=CARTESIAN_POINT('Axis2P3D Location',(-3.44789835322,18.1400904679,3.57040326362)) ;
#9307=CARTESIAN_POINT('Control Point',(3.44789835322,18.4400447764,3.56516754169)) ;
#9308=CARTESIAN_POINT('Control Point',(3.3537444919,18.439987403,3.56188061786)) ;
#9309=CARTESIAN_POINT('Control Point',(3.25959063058,18.4029533422,3.55923912451)) ;
#9310=CARTESIAN_POINT('Control Point',(3.18515559082,18.3284842748,3.55793965805)) ;
#9311=CARTESIAN_POINT('Control Point',(3.14813845236,18.2342873713,3.55829120416)) ;
#9312=CARTESIAN_POINT('Control Point',(3.14808110511,18.1400904679,3.55993341461)) ;
#9313=CARTESIAN_POINT('Control Point',(3.4085847536,18.4596955872,4.69096173777)) ;
#9314=CARTESIAN_POINT('Control Point',(3.31584561926,18.4591019684,4.65695333982)) ;
#9315=CARTESIAN_POINT('Control Point',(3.22310648492,18.421799889,4.62358569043)) ;
#9316=CARTESIAN_POINT('Control Point',(3.14964173127,18.3474524405,4.5979841097)) ;
#9317=CARTESIAN_POINT('Control Point',(3.11277877304,18.2535968596,4.5862336529)) ;
#9318=CARTESIAN_POINT('Control Point',(3.11218607937,18.1597412787,4.58783246321)) ;
#9319=CARTESIAN_POINT('Control Point',(2.9113254396,18.4790872297,5.80190819141)) ;
#9320=CARTESIAN_POINT('Control Point',(2.83250480314,18.4779692918,5.73786157609)) ;
#9321=CARTESIAN_POINT('Control Point',(2.75368416668,18.4404063685,5.67445111035)) ;
#9322=CARTESIAN_POINT('Control Point',(2.69107606231,18.3661780654,5.62496707182)) ;
#9323=CARTESIAN_POINT('Control Point',(2.65928588518,18.2726554933,5.60105601893)) ;
#9324=CARTESIAN_POINT('Control Point',(2.65816664766,18.1791329211,5.60217563829)) ;
#9325=CARTESIAN_POINT('Control Point',(1.9539911902,18.4937149897,6.63993200313)) ;
#9326=CARTESIAN_POINT('Control Point',(1.90122947909,18.4922073544,6.55355963267)) ;
#9327=CARTESIAN_POINT('Control Point',(1.84846776798,18.454452014,6.46781996826)) ;
#9328=CARTESIAN_POINT('Control Point',(1.80649775134,18.380312536,6.40044051797)) ;
#9329=CARTESIAN_POINT('Control Point',(1.78505178919,18.2870366086,6.3670960388)) ;
#9330=CARTESIAN_POINT('Control Point',(1.78407840352,18.1937606812,6.36732663206)) ;
#9331=CARTESIAN_POINT('Control Point',(-0.239825687883,18.5051294087,7.29386363041)) ;
#9332=CARTESIAN_POINT('Control Point',(-0.233382648874,18.5033166247,7.19000930134)) ;
#9333=CARTESIAN_POINT('Control Point',(-0.226939609865,18.4654103411,7.08678498664)) ;
#9334=CARTESIAN_POINT('Control Point',(-0.221800103346,18.3913403651,7.0054198773)) ;
#9335=CARTESIAN_POINT('Control Point',(-0.219142222184,18.2982577326,6.96476241674)) ;
#9336=CARTESIAN_POINT('Control Point',(-0.218970831355,18.2051751002,6.96439543214)) ;
#9337=CARTESIAN_POINT('Control Point',(-2.27559661304,18.488340408,6.33202242097)) ;
#9338=CARTESIAN_POINT('Control Point',(-2.21407178235,18.4869763495,6.2538755616)) ;
#9339=CARTESIAN_POINT('Control Point',(-2.15254695166,18.4492920021,6.17636267524)) ;
#9340=CARTESIAN_POINT('Control Point',(-2.10364076819,18.375119817,6.11556645013)) ;
#9341=CARTESIAN_POINT('Control Point',(-2.07872712278,18.2817529582,6.08567030759)) ;
#9342=CARTESIAN_POINT('Control Point',(-2.07771904234,18.1883860994,6.08619189015)) ;
#9343=CARTESIAN_POINT('Control Point',(-3.02238673797,18.474477794,5.53783379519)) ;
#9344=CARTESIAN_POINT('Control Point',(-2.94044766218,18.4734845369,5.48093013867)) ;
#9345=CARTESIAN_POINT('Control Point',(-2.85850858638,18.4359836536,5.42466372513)) ;
#9346=CARTESIAN_POINT('Control Point',(-2.79347214506,18.3617270205,5.38085759333)) ;
#9347=CARTESIAN_POINT('Control Point',(-2.76055657911,18.268125253,5.35983488982)) ;
#9348=CARTESIAN_POINT('Control Point',(-2.75957037154,18.1745234854,5.36106386153)) ;
#9349=CARTESIAN_POINT('Control Point',(-3.41324656193,18.4573653853,4.55746455746)) ;
#9350=CARTESIAN_POINT('Control Point',(-3.32033968183,18.456835352,4.5270989723)) ;
#9351=CARTESIAN_POINT('Control Point',(-3.22743280174,18.419565053,4.49737469085)) ;
#9352=CARTESIAN_POINT('Control Point',(-3.15385300082,18.3452031835,4.47465474432)) ;
#9353=CARTESIAN_POINT('Control Point',(-3.11697176302,18.2513071301,4.46433928786)) ;
#9354=CARTESIAN_POINT('Control Point',(-3.11644254831,18.1574110767,4.46594324413)) ;
#9355=CARTESIAN_POINT('Control Point',(-3.44789835153,18.4400447775,3.56516760615)) ;
#9356=CARTESIAN_POINT('Control Point',(-3.35374449121,18.4399874037,3.56188065953)) ;
#9357=CARTESIAN_POINT('Control Point',(-3.25959063088,18.4029533428,3.55923914339)) ;
#9358=CARTESIAN_POINT('Control Point',(-3.1851555918,18.3284842754,3.55793965891)) ;
#9359=CARTESIAN_POINT('Control Point',(-3.14813845343,18.2342873722,3.55829119604)) ;
#9360=CARTESIAN_POINT('Control Point',(-3.14808110578,18.140090469,3.55993340646)) ;
#9362=CARTESIAN_POINT('Control Point',(3.44789835322,18.4400447764,3.56516754169)) ;
#9363=CARTESIAN_POINT('Control Point',(3.33020602657,18.4399730596,3.5610588869)) ;
#9364=CARTESIAN_POINT('Control Point',(3.2110073917,18.3770897233,3.55799401157)) ;
#9365=CARTESIAN_POINT('Control Point',(3.14815278918,18.2578365972,3.55788065154)) ;
#9366=CARTESIAN_POINT('Control Point',(3.14808110511,18.1400904679,3.55993341461)) ;
#9375=CARTESIAN_POINT('Axis2P3D Location',(3.48840592094,18.1198428549,2.41041829436)) ;
#9380=CARTESIAN_POINT('Axis2P3D Location',(3.63923377034,18.0444519073,-1.90872620322)) ;
#9392=CARTESIAN_POINT('Axis2P3D Location',(-1.06581410364E-014,5.74452805728,-11.6)) ;
#9398=CARTESIAN_POINT('Control Point',(3.63923377034,6.54440621341,-11.6139619251)) ;
#9399=CARTESIAN_POINT('Control Point',(3.64601236369,6.53898499097,-11.9245435508)) ;
#9400=CARTESIAN_POINT('Control Point',(3.65281178714,6.36980948585,-12.2360799836)) ;
#9401=CARTESIAN_POINT('Control Point',(3.65638942377,6.05522029146,-12.4)) ;
#9402=CARTESIAN_POINT('Control Point',(3.65638942972,5.74452805728,-12.4)) ;
#9411=CARTESIAN_POINT('Axis2P3D Location',(-6.2172489379E-015,-5.7445280597,-11.6)) ;
#9416=CARTESIAN_POINT('Axis2P3D Location',(-5.23506728001,-5.7445280597,-11.6)) ;
#9428=CARTESIAN_POINT('Axis2P3D Location',(-1.06581410364E-014,5.74452805728,-11.6)) ;
#9433=CARTESIAN_POINT('Axis2P3D Location',(-5.23506728001,5.74452805728,-11.6)) ;
#9439=CARTESIAN_POINT('Control Point',(-3.65638942953,5.74452805728,-12.4)) ;
#9440=CARTESIAN_POINT('Control Point',(-3.65638943265,6.05527131458,-12.4)) ;
#9441=CARTESIAN_POINT('Control Point',(-3.65281144944,6.36976205012,-12.2360630146)) ;
#9442=CARTESIAN_POINT('Control Point',(-3.64601283745,6.53898461208,-11.9245652575)) ;
#9443=CARTESIAN_POINT('Control Point',(-3.63923377034,6.54440621341,-11.6139619251)) ;
#9452=CARTESIAN_POINT('Axis2P3D Location',(3.65638942936,-1.21073462367E-009,-12.1)) ;
#9457=CARTESIAN_POINT('Line Origine',(3.35657218125,-1.21073462367E-009,-12.110469849)) ;
#9461=CARTESIAN_POINT('Vertex',(3.35657218162,5.74452854789,-12.1104698594)) ;
#9463=CARTESIAN_POINT('Vertex',(3.35657218125,4.58534745884,-12.110469849)) ;
#9466=CARTESIAN_POINT('Axis2P3D Location',(3.65638942936,5.74452805728,-12.1)) ;
#9472=CARTESIAN_POINT('Control Point',(3.65638942936,4.2855302113,-12.4)) ;
#9473=CARTESIAN_POINT('Control Point',(3.57711384321,4.36480579746,-12.4)) ;
#9474=CARTESIAN_POINT('Control Point',(3.49910890414,4.44281367867,-12.3711022982)) ;
#9475=CARTESIAN_POINT('Control Point',(3.42082114833,4.52109453155,-12.3285691636)) ;
#9476=CARTESIAN_POINT('Control Point',(3.36048247429,4.58143716581,-12.2224459908)) ;
#9477=CARTESIAN_POINT('Control Point',(3.35657218125,4.58534745884,-12.110469849)) ;
#9486=CARTESIAN_POINT('Axis2P3D Location',(-1.06581410364E-014,4.2855302113,-12.1)) ;
#9492=CARTESIAN_POINT('Control Point',(-3.65638942936,4.2855302113,-12.4)) ;
#9493=CARTESIAN_POINT('Control Point',(-3.57711382283,4.36480581783,-12.4)) ;
#9494=CARTESIAN_POINT('Control Point',(-3.49910371239,4.44281072763,-12.3711024726)) ;
#9495=CARTESIAN_POINT('Control Point',(-3.42082900629,4.52109865012,-12.3285687914)) ;
#9496=CARTESIAN_POINT('Control Point',(-3.3604808078,4.58143716537,-12.2224460196)) ;
#9497=CARTESIAN_POINT('Control Point',(-3.35657051375,4.58534745941,-12.110469849)) ;
#9498=CARTESIAN_POINT('Vertex',(-3.35657218125,4.58534746449,-12.110469849)) ;
#9501=CARTESIAN_POINT('Line Origine',(-1.06581410364E-014,4.58534745941,-12.110469849)) ;
#9513=CARTESIAN_POINT('Axis2P3D Location',(-3.65638942936,-1.21073462367E-009,-12.1)) ;
#9518=CARTESIAN_POINT('Axis2P3D Location',(-3.65638942936,5.74452805728,-12.1)) ;
#9522=CARTESIAN_POINT('Vertex',(-3.35657218143,5.7445278962,-12.110469854)) ;
#9525=CARTESIAN_POINT('Line Origine',(-3.35657218125,-1.21073462367E-009,-12.110469849)) ;
#9537=CARTESIAN_POINT('Axis2P3D Location',(2.7,-1.2,-12.1)) ;
#9542=CARTESIAN_POINT('Axis2P3D Location',(4.98423292192,-1.2,-12.1)) ;
#9546=CARTESIAN_POINT('Vertex',(4.69319017188,-1.2,-12.1727606875)) ;
#9549=CARTESIAN_POINT('Axis2P3D Location',(2.7,-1.2,-12.1727606875)) ;
#9553=CARTESIAN_POINT('Vertex',(0.706809828123,-1.2,-12.1727606875)) ;
#9556=CARTESIAN_POINT('Axis2P3D Location',(0.415767078079,-1.2,-12.1)) ;
#9568=CARTESIAN_POINT('Axis2P3D Location',(2.7,-1.2,-12.1)) ;
#9573=CARTESIAN_POINT('Axis2P3D Location',(2.7,-1.2,-12.1727606875)) ;
#9585=CARTESIAN_POINT('Axis2P3D Location',(-2.7,-1.2,-12.1)) ;
#9590=CARTESIAN_POINT('Axis2P3D Location',(-0.415767078079,-1.2,-12.1)) ;
#9594=CARTESIAN_POINT('Vertex',(-0.706809828122,-1.2,-12.1727606875)) ;
#9597=CARTESIAN_POINT('Axis2P3D Location',(-2.7,-1.2,-12.1727606875)) ;
#9601=CARTESIAN_POINT('Vertex',(-4.69319017188,-1.2,-12.1727606875)) ;
#9604=CARTESIAN_POINT('Axis2P3D Location',(-4.98423292192,-1.2,-12.1)) ;
#9616=CARTESIAN_POINT('Axis2P3D Location',(-2.7,-1.2,-12.1)) ;
#9621=CARTESIAN_POINT('Axis2P3D Location',(-2.7,-1.2,-12.1727606875)) ;
#9633=CARTESIAN_POINT('Axis2P3D Location',(3.48840592094,6.3198428525,-7.28958170564)) ;
#9638=CARTESIAN_POINT('Axis2P3D Location',(3.44789835322,6.34009046545,-6.12959673638)) ;
#9642=CARTESIAN_POINT('Vertex',(3.14808110511,6.34009046545,-6.14006658539)) ;
#9645=CARTESIAN_POINT('Axis2P3D Location',(3.63923377034,6.24445190486,-11.6087262032)) ;
#9649=CARTESIAN_POINT('Vertex',(3.33941652224,6.24445190486,-11.6191960522)) ;
#9652=CARTESIAN_POINT('Line Origine',(3.18858867284,6.3198428525,-7.30005155465)) ;
#9665=CARTESIAN_POINT('Control Point',(-3.44789835738,6.64004477257,-6.1348325405)) ;
#9666=CARTESIAN_POINT('Control Point',(-3.35374449499,6.6399873995,-6.13811944106)) ;
#9667=CARTESIAN_POINT('Control Point',(-3.25959063261,6.60295333899,-6.14076091114)) ;
#9668=CARTESIAN_POINT('Control Point',(-3.18515559212,6.52848427141,-6.14206035919)) ;
#9669=CARTESIAN_POINT('Control Point',(-3.14813845354,6.43428736772,-6.14170880392)) ;
#9670=CARTESIAN_POINT('Control Point',(-3.1480811067,6.34009046402,-6.14006659343)) ;
#9671=CARTESIAN_POINT('Control Point',(-3.41324664555,6.65736536622,-5.14253639477)) ;
#9672=CARTESIAN_POINT('Control Point',(-3.32033973734,6.65683533876,-5.17290164719)) ;
#9673=CARTESIAN_POINT('Control Point',(-3.22743282914,6.61956504266,-5.20262559583)) ;
#9674=CARTESIAN_POINT('Control Point',(-3.15385300761,6.54520317184,-5.22534527901)) ;
#9675=CARTESIAN_POINT('Control Point',(-3.1169717631,6.45130711476,-5.23566060404)) ;
#9676=CARTESIAN_POINT('Control Point',(-3.11644255416,6.35741105767,-5.23405664684)) ;
#9677=CARTESIAN_POINT('Control Point',(-3.02238641473,6.67447780779,-4.16216527354)) ;
#9678=CARTESIAN_POINT('Control Point',(-2.94044742985,6.67348454605,-4.21906920065)) ;
#9679=CARTESIAN_POINT('Control Point',(-2.85850844497,6.63598366037,-4.27533588481)) ;
#9680=CARTESIAN_POINT('Control Point',(-2.79347207488,6.56172702831,-4.31914223032)) ;
#9681=CARTESIAN_POINT('Control Point',(-2.76055654292,6.46812526378,-4.34016503949)) ;
#9682=CARTESIAN_POINT('Control Point',(-2.7595703331,6.37452349925,-4.33893606693)) ;
#9683=CARTESIAN_POINT('Control Point',(-2.27559752077,6.68834039102,-3.36797841248)) ;
#9684=CARTESIAN_POINT('Control Point',(-2.21407241994,6.68697633649,-3.44612504491)) ;
#9685=CARTESIAN_POINT('Control Point',(-2.15254731912,6.64929199104,-3.5236377043)) ;
#9686=CARTESIAN_POINT('Control Point',(-2.10364092072,6.57511980503,-3.58443374936)) ;
#9687=CARTESIAN_POINT('Control Point',(-2.07872716539,6.48175294375,-3.61432980107)) ;
#9688=CARTESIAN_POINT('Control Point',(-2.07771907982,6.38838608247,-3.61380821627)) ;
#9689=CARTESIAN_POINT('Control Point',(-0.239825339716,6.70512941948,-2.40613561606)) ;
#9690=CARTESIAN_POINT('Control Point',(-0.233382588753,6.70331663101,-2.50999019748)) ;
#9691=CARTESIAN_POINT('Control Point',(-0.226939837789,6.66541034525,-2.61321476455)) ;
#9692=CARTESIAN_POINT('Control Point',(-0.22180056046,6.59134037022,-2.69458007405)) ;
#9693=CARTESIAN_POINT('Control Point',(-0.219142796541,6.49825774058,-2.73523763551)) ;
#9694=CARTESIAN_POINT('Control Point',(-0.21897141124,6.40517511093,-2.73560462246)) ;
#9695=CARTESIAN_POINT('Control Point',(1.95399008519,6.69371497368,-3.06006877793)) ;
#9696=CARTESIAN_POINT('Control Point',(1.90122872005,6.69220734332,-3.14644086408)) ;
#9697=CARTESIAN_POINT('Control Point',(1.84846735491,6.65445200537,-3.23218024414)) ;
#9698=CARTESIAN_POINT('Control Point',(1.80649761355,6.58031252625,-3.29955946891)) ;
#9699=CARTESIAN_POINT('Control Point',(1.7850517922,6.48703659569,-3.33290383444)) ;
#9700=CARTESIAN_POINT('Control Point',(1.78407841315,6.39376066513,-3.33267323857)) ;
#9701=CARTESIAN_POINT('Control Point',(2.91132537594,6.67908725911,-3.89808998443)) ;
#9702=CARTESIAN_POINT('Control Point',(2.83250478441,6.6779693121,-3.96213712361)) ;
#9703=CARTESIAN_POINT('Control Point',(2.75368419287,6.64040638426,-4.02554811327)) ;
#9704=CARTESIAN_POINT('Control Point',(2.69107612111,6.56617808316,-4.0750325677)) ;
#9705=CARTESIAN_POINT('Control Point',(2.65928595374,6.47265551686,-4.09894383107)) ;
#9706=CARTESIAN_POINT('Control Point',(2.65816670565,6.37913295056,-4.09782421795)) ;
#9707=CARTESIAN_POINT('Control Point',(3.40858475933,6.65969558193,-5.00903842623)) ;
#9708=CARTESIAN_POINT('Control Point',(3.31584562478,6.65910196321,-5.0430468197)) ;
#9709=CARTESIAN_POINT('Control Point',(3.22310649023,6.6217998838,-5.07641446462)) ;
#9710=CARTESIAN_POINT('Control Point',(3.14964173644,6.54745243531,-5.10201604181)) ;
#9711=CARTESIAN_POINT('Control Point',(3.11277877819,6.45359685435,-5.11376649684)) ;
#9712=CARTESIAN_POINT('Control Point',(3.1121860846,6.35974127338,-5.11216768653)) ;
#9713=CARTESIAN_POINT('Control Point',(3.44789835322,6.640044774,-6.13483245831)) ;
#9714=CARTESIAN_POINT('Control Point',(3.3537444919,6.63998740053,-6.13811938214)) ;
#9715=CARTESIAN_POINT('Control Point',(3.25959063058,6.60295333981,-6.14076087549)) ;
#9716=CARTESIAN_POINT('Control Point',(3.18515559082,6.52848427233,-6.14206034195)) ;
#9717=CARTESIAN_POINT('Control Point',(3.14813845236,6.43428736889,-6.14170879584)) ;
#9718=CARTESIAN_POINT('Control Point',(3.14808110511,6.34009046545,-6.14006658539)) ;
#9720=CARTESIAN_POINT('Control Point',(-3.44789835738,6.64004477257,-6.1348325405)) ;
#9721=CARTESIAN_POINT('Control Point',(-3.3302060294,6.63997305624,-6.1389411662)) ;
#9722=CARTESIAN_POINT('Control Point',(-3.21100739316,6.5770897201,-6.14200601207)) ;
#9723=CARTESIAN_POINT('Control Point',(-3.14815279026,6.45783659364,-6.14211935654)) ;
#9724=CARTESIAN_POINT('Control Point',(-3.1480811067,6.34009046402,-6.14006659343)) ;
#9725=CARTESIAN_POINT('Vertex',(-3.14808110511,6.34009046402,-6.14006658539)) ;
#9729=CARTESIAN_POINT('Control Point',(-3.1480811067,6.34009046402,-6.14006659343)) ;
#9730=CARTESIAN_POINT('Control Point',(-3.13867970999,6.34523727887,-5.87084571438)) ;
#9731=CARTESIAN_POINT('Control Point',(-3.10049906835,6.35036480093,-5.60263393998)) ;
#9732=CARTESIAN_POINT('Control Point',(-3.03368422713,6.35539458293,-5.33953507631)) ;
#9733=CARTESIAN_POINT('Control Point',(-2.82757951267,6.36599090475,-4.78526088373)) ;
#9734=CARTESIAN_POINT('Control Point',(-2.49867633702,6.37541715074,-4.29218996744)) ;
#9735=CARTESIAN_POINT('Control Point',(-2.28744320894,6.38006465888,-4.04908720336)) ;
#9736=CARTESIAN_POINT('Control Point',(-1.80808837171,6.38823808123,-3.62155047017)) ;
#9737=CARTESIAN_POINT('Control Point',(-1.23738433387,6.39387354896,-3.32676866263)) ;
#9738=CARTESIAN_POINT('Control Point',(-0.934824401502,6.39598283458,-3.21643587674)) ;
#9739=CARTESIAN_POINT('Control Point',(-0.308325599659,6.3986935218,-3.07464472103)) ;
#9740=CARTESIAN_POINT('Control Point',(0.333754047896,6.39833772352,-3.09325581426)) ;
#9741=CARTESIAN_POINT('Control Point',(0.651908660604,6.39738055713,-3.14332370362)) ;
#9742=CARTESIAN_POINT('Control Point',(1.26873356142,6.39394879361,-3.3228328212)) ;
#9743=CARTESIAN_POINT('Control Point',(1.82144201602,6.38768984634,-3.6502275922)) ;
#9744=CARTESIAN_POINT('Control Point',(2.07553103689,6.38390506368,-3.84820302805)) ;
#9745=CARTESIAN_POINT('Control Point',(2.57973112105,6.37419586524,-4.35607321133)) ;
#9746=CARTESIAN_POINT('Control Point',(2.92540059515,6.36215476537,-4.98592271773)) ;
#9747=CARTESIAN_POINT('Control Point',(3.06005159298,6.35500155295,-5.36009470319)) ;
#9748=CARTESIAN_POINT('Control Point',(3.13442548649,6.3475662639,-5.74902083194)) ;
#9749=CARTESIAN_POINT('Control Point',(3.14808110511,6.34009046545,-6.14006658539)) ;
#9758=CARTESIAN_POINT('Axis2P3D Location',(-3.48840592094,6.3198428525,-7.28958170564)) ;
#9763=CARTESIAN_POINT('Axis2P3D Location',(-3.63923377034,6.24445190486,-11.6087262032)) ;
#9767=CARTESIAN_POINT('Vertex',(-3.33941652224,6.24445190486,-11.6191960522)) ;
#9770=CARTESIAN_POINT('Line Origine',(-3.18858867284,6.3198428525,-7.30005155465)) ;
#9782=CARTESIAN_POINT('Axis2P3D Location',(3.65638942936,12.1222052234,-2.4)) ;
#9787=CARTESIAN_POINT('Axis2P3D Location',(3.65638942936,17.5445280597,-2.4)) ;
#9793=CARTESIAN_POINT('Control Point',(3.65638942936,16.1355302113,-2.7)) ;
#9794=CARTESIAN_POINT('Control Point',(3.57711384321,16.2148057974,-2.7)) ;
#9795=CARTESIAN_POINT('Control Point',(3.49910890414,16.2928136792,-2.67110229815)) ;
#9796=CARTESIAN_POINT('Control Point',(3.42082114837,16.3710945306,-2.62856916369)) ;
#9797=CARTESIAN_POINT('Control Point',(3.36048247429,16.4314371662,-2.52244599082)) ;
#9798=CARTESIAN_POINT('Control Point',(3.35657218125,16.4353474592,-2.41046984901)) ;
#9807=CARTESIAN_POINT('Axis2P3D Location',(-1.06581410364E-014,16.1355302113,-2.4)) ;
#9813=CARTESIAN_POINT('Control Point',(-3.65638942936,16.1355302113,-2.7)) ;
#9814=CARTESIAN_POINT('Control Point',(-3.57711382717,16.2148058135,-2.7)) ;
#9815=CARTESIAN_POINT('Control Point',(-3.49910418723,16.2928107297,-2.67110243557)) ;
#9816=CARTESIAN_POINT('Control Point',(-3.4208281835,16.3710986166,-2.62856887026)) ;
#9817=CARTESIAN_POINT('Control Point',(-3.36048115984,16.4314371656,-2.52244601348)) ;
#9818=CARTESIAN_POINT('Control Point',(-3.35657086601,16.4353474594,-2.41046984901)) ;
#9820=CARTESIAN_POINT('Line Origine',(-1.06581410364E-014,16.4353474594,-2.41046984901)) ;
#9832=CARTESIAN_POINT('Axis2P3D Location',(-3.65638942936,12.1222052234,-2.4)) ;
#9837=CARTESIAN_POINT('Axis2P3D Location',(-3.65638942936,17.5445280597,-2.4)) ;
#9849=CARTESIAN_POINT('Axis2P3D Location',(-2.7,10.4,-2.4)) ;
#9854=CARTESIAN_POINT('Axis2P3D Location',(-4.98423292192,10.4,-2.4)) ;
#9858=CARTESIAN_POINT('Vertex',(-4.69319017188,10.4,-2.47276068751)) ;
#9861=CARTESIAN_POINT('Axis2P3D Location',(-2.7,10.4,-2.47276068751)) ;
#9865=CARTESIAN_POINT('Vertex',(-0.706809828123,10.4,-2.47276068751)) ;
#9868=CARTESIAN_POINT('Axis2P3D Location',(-0.415767078079,10.4,-2.4)) ;
#9880=CARTESIAN_POINT('Axis2P3D Location',(-2.7,10.4,-2.4)) ;
#9885=CARTESIAN_POINT('Axis2P3D Location',(-2.7,10.4,-2.47276068751)) ;
#9897=CARTESIAN_POINT('Axis2P3D Location',(2.7,10.4,-2.4)) ;
#9902=CARTESIAN_POINT('Axis2P3D Location',(0.415767078079,10.4,-2.4)) ;
#9906=CARTESIAN_POINT('Vertex',(0.706809828122,10.4,-2.47276068751)) ;
#9909=CARTESIAN_POINT('Axis2P3D Location',(2.7,10.4,-2.47276068751)) ;
#9913=CARTESIAN_POINT('Vertex',(4.69319017188,10.4,-2.47276068751)) ;
#9916=CARTESIAN_POINT('Axis2P3D Location',(4.98423292192,10.4,-2.4)) ;
#9928=CARTESIAN_POINT('Axis2P3D Location',(2.7,10.4,-2.4)) ;
#9933=CARTESIAN_POINT('Axis2P3D Location',(2.7,10.4,-2.47276068751)) ;
#9945=CARTESIAN_POINT('Axis2P3D Location',(-3.65638942936,-12.1222052061,-2.4)) ;
#9950=CARTESIAN_POINT('Axis2P3D Location',(-3.65638942936,-17.5445280597,-2.4)) ;
#9956=CARTESIAN_POINT('Control Point',(-3.65638942936,-16.1355302114,-2.7)) ;
#9957=CARTESIAN_POINT('Control Point',(-3.57711382715,-16.2148058136,-2.7)) ;
#9958=CARTESIAN_POINT('Control Point',(-3.49910891104,-16.2928136778,-2.67110243566)) ;
#9959=CARTESIAN_POINT('Control Point',(-3.42082102397,-16.3710946445,-2.62856887014)) ;
#9960=CARTESIAN_POINT('Control Point',(-3.36048247508,-16.43143717,-2.5224460135)) ;
#9961=CARTESIAN_POINT('Control Point',(-3.35657218125,-16.4353474639,-2.41046984901)) ;
#9970=CARTESIAN_POINT('Axis2P3D Location',(-1.15463194561E-014,-16.1355302113,-2.4)) ;
#9976=CARTESIAN_POINT('Control Point',(3.65638942936,-16.1355302113,-2.7)) ;
#9977=CARTESIAN_POINT('Control Point',(3.57711384323,-16.2148057974,-2.7)) ;
#9978=CARTESIAN_POINT('Control Point',(3.49910596181,-16.2928107365,-2.67110229796)) ;
#9979=CARTESIAN_POINT('Control Point',(3.42082510964,-16.3710984921,-2.62856916411)) ;
#9980=CARTESIAN_POINT('Control Point',(3.36048247473,-16.4314371664,-2.52244599079)) ;
#9981=CARTESIAN_POINT('Control Point',(3.35657218169,-16.4353474594,-2.41046984901)) ;
#9983=CARTESIAN_POINT('Line Origine',(-1.15463194561E-014,-16.4353474594,-2.41046984901)) ;
#9995=CARTESIAN_POINT('Axis2P3D Location',(3.65638942936,-12.1222052061,-2.4)) ;
#10000=CARTESIAN_POINT('Axis2P3D Location',(3.65638942936,-17.5445280597,-2.4)) ;
#10012=CARTESIAN_POINT('Axis2P3D Location',(2.7,-10.4,-2.4)) ;
#10017=CARTESIAN_POINT('Axis2P3D Location',(0.415767078079,-10.4,-2.4)) ;
#10021=CARTESIAN_POINT('Vertex',(0.706809828122,-10.4,-2.47276068751)) ;
#10024=CARTESIAN_POINT('Axis2P3D Location',(4.9842329208,-10.4000717227,-2.4)) ;
#10028=CARTESIAN_POINT('Vertex',(4.69319017188,-10.4000002401,-2.47276068751)) ;
#10031=CARTESIAN_POINT('Axis2P3D Location',(2.7,-10.4,-2.47276068751)) ;
#10043=CARTESIAN_POINT('Axis2P3D Location',(2.7,-10.4,-2.4)) ;
#10048=CARTESIAN_POINT('Axis2P3D Location',(2.7,-10.4,-2.47276068751)) ;
#10060=CARTESIAN_POINT('Axis2P3D Location',(-2.7,-10.4,-2.4)) ;
#10065=CARTESIAN_POINT('Axis2P3D Location',(-4.98423292192,-10.3999995207,-2.4)) ;
#10069=CARTESIAN_POINT('Vertex',(-4.69319017188,-10.3999995818,-2.47276068751)) ;
#10072=CARTESIAN_POINT('Axis2P3D Location',(-0.415767079196,-10.4000714475,-2.4)) ;
#10076=CARTESIAN_POINT('Vertex',(-0.706809828122,-10.4,-2.47276068751)) ;
#10079=CARTESIAN_POINT('Axis2P3D Location',(-2.7,-10.4,-2.47276068751)) ;
#10091=CARTESIAN_POINT('Axis2P3D Location',(-2.7,-10.4,-2.4)) ;
#10096=CARTESIAN_POINT('Axis2P3D Location',(-2.7,-10.4,-2.47276068751)) ;
#10109=CARTESIAN_POINT('Control Point',(3.65638942936,-17.5445280155,-2.70000000165)) ;
#10110=CARTESIAN_POINT('Control Point',(3.56423604476,-17.5445278769,-2.70000000131)) ;
#10111=CARTESIAN_POINT('Control Point',(3.47208266017,-17.5445277605,-2.66461564141)) ;
#10112=CARTESIAN_POINT('Control Point',(3.3983671988,-17.5445276942,-2.59342944745)) ;
#10113=CARTESIAN_POINT('Control Point',(3.35978828785,-17.5445276932,-2.50256709633)) ;
#10114=CARTESIAN_POINT('Control Point',(3.35657218125,-17.5445277461,-2.41046984906)) ;
#10115=CARTESIAN_POINT('Control Point',(3.65638943254,-17.7931098059,-2.70000000317)) ;
#10116=CARTESIAN_POINT('Control Point',(3.56423604819,-17.7921095593,-2.70000004624)) ;
#10117=CARTESIAN_POINT('Control Point',(3.47208266383,-17.780114482,-2.66461572348)) ;
#10118=CARTESIAN_POINT('Control Point',(3.39836720255,-17.7571949605,-2.59342955165)) ;
#10119=CARTESIAN_POINT('Control Point',(3.35978829141,-17.7285429314,-2.50256720253)) ;
#10120=CARTESIAN_POINT('Control Point',(3.35657218444,-17.6998910211,-2.41046994023)) ;
#10121=CARTESIAN_POINT('Control Point',(3.65428216413,-18.0416654408,-2.60344856579)) ;
#10122=CARTESIAN_POINT('Control Point',(3.56188947079,-18.0396657437,-2.60422555864)) ;
#10123=CARTESIAN_POINT('Control Point',(3.46949677746,-18.0156774394,-2.57369448083)) ;
#10124=CARTESIAN_POINT('Control Point',(3.39569441832,-17.9698411548,-2.51132659385)) ;
#10125=CARTESIAN_POINT('Control Point',(3.35730122845,-17.9125401373,-2.43134701168)) ;
#10126=CARTESIAN_POINT('Control Point',(3.35446491602,-17.8552390888,-2.35012566813)) ;
#10127=CARTESIAN_POINT('Control Point',(3.65004263988,-18.2392829483,-2.40920518523)) ;
#10128=CARTESIAN_POINT('Control Point',(3.55716921762,-18.237230328,-2.41158354909)) ;
#10129=CARTESIAN_POINT('Control Point',(3.46429579535,-18.2040668561,-2.39083657645)) ;
#10130=CARTESIAN_POINT('Control Point',(3.39031876643,-18.1398399641,-2.34619995776)) ;
#10131=CARTESIAN_POINT('Control Point',(3.35229852287,-18.0592950166,-2.28808826976)) ;
#10132=CARTESIAN_POINT('Control Point',(3.35022539178,-17.9787500348,-2.22872157812)) ;
#10133=CARTESIAN_POINT('Control Point',(3.64465590316,-18.340069824,-2.16239331985)) ;
#10134=CARTESIAN_POINT('Control Point',(3.55115128422,-18.3389922123,-2.1656219092)) ;
#10135=CARTESIAN_POINT('Control Point',(3.45764666527,-18.3016488216,-2.15672952974)) ;
#10136=CARTESIAN_POINT('Control Point',(3.38344296197,-18.227814883,-2.13489584538)) ;
#10137=CARTESIAN_POINT('Control Point',(3.34591601467,-18.1347781885,-2.10531715115)) ;
#10138=CARTESIAN_POINT('Control Point',(3.34483865505,-18.0417415218,-2.07446562093)) ;
#10139=CARTESIAN_POINT('Control Point',(3.63923379093,-18.3444062429,-1.91396216455)) ;
#10140=CARTESIAN_POINT('Control Point',(3.54507993195,-18.3443488599,-1.91724930928)) ;
#10141=CARTESIAN_POINT('Control Point',(3.45092607296,-18.3073147911,-1.91989097995)) ;
#10142=CARTESIAN_POINT('Control Point',(3.37649103404,-18.2328457191,-1.92119053335)) ;
#10143=CARTESIAN_POINT('Control Point',(3.33947389375,-18.1386488147,-1.92083896316)) ;
#10144=CARTESIAN_POINT('Control Point',(3.33941654283,-18.0444519126,-1.9191966419)) ;
#10153=CARTESIAN_POINT('Control Point',(-3.63923376233,-18.3444062158,-1.91396206159)) ;
#10154=CARTESIAN_POINT('Control Point',(-3.54507989996,-18.344348848,-1.91724882738)) ;
#10155=CARTESIAN_POINT('Control Point',(-3.45092603759,-18.3073147916,-1.91989017966)) ;
#10156=CARTESIAN_POINT('Control Point',(-3.37649099747,-18.2328457258,-1.92118955529)) ;
#10157=CARTESIAN_POINT('Control Point',(-3.33947385983,-18.1386488214,-1.9208379902)) ;
#10158=CARTESIAN_POINT('Control Point',(-3.33941651423,-18.0444519154,-1.91919582281)) ;
#10159=CARTESIAN_POINT('Control Point',(-3.64465604744,-18.3400697281,-2.16239947045)) ;
#10160=CARTESIAN_POINT('Control Point',(-3.55115144573,-18.3389922069,-2.16562820863)) ;
#10161=CARTESIAN_POINT('Control Point',(-3.45764684402,-18.3016489072,-2.15673567101)) ;
#10162=CARTESIAN_POINT('Control Point',(-3.38344314685,-18.2278150418,-2.13490148545)) ;
#10163=CARTESIAN_POINT('Control Point',(-3.34591618601,-18.1347783781,-2.10532206611)) ;
#10164=CARTESIAN_POINT('Control Point',(-3.34483879933,-18.041741696,-2.0744697525)) ;
#10165=CARTESIAN_POINT('Control Point',(-3.65004293421,-18.2392779644,-2.40921400858)) ;
#10166=CARTESIAN_POINT('Control Point',(-3.55716954637,-18.2372250588,-2.41159378569)) ;
#10167=CARTESIAN_POINT('Control Point',(-3.46429615854,-18.2040615936,-2.39084762529)) ;
#10168=CARTESIAN_POINT('Control Point',(-3.39031914198,-18.1398350647,-2.34621091682)) ;
#10169=CARTESIAN_POINT('Control Point',(-3.35229887152,-18.0592907367,-2.28809824885)) ;
#10170=CARTESIAN_POINT('Control Point',(-3.3502256861,-17.9787464654,-2.22873000649)) ;
#10171=CARTESIAN_POINT('Control Point',(-3.65428207113,-18.0417256269,-2.60344487145)) ;
#10172=CARTESIAN_POINT('Control Point',(-3.5618893667,-18.0397267168,-2.60422172522)) ;
#10173=CARTESIAN_POINT('Control Point',(-3.46949666227,-18.0157363876,-2.57369068782)) ;
#10174=CARTESIAN_POINT('Control Point',(-3.39569429911,-17.9698950726,-2.51132305121)) ;
#10175=CARTESIAN_POINT('Control Point',(-3.35730111785,-17.9125871636,-2.43134387552)) ;
#10176=CARTESIAN_POINT('Control Point',(-3.35446482302,-17.8552788235,-2.350123005)) ;
#10177=CARTESIAN_POINT('Control Point',(-3.65638942906,-17.7931150112,-2.69999998877)) ;
#10178=CARTESIAN_POINT('Control Point',(-3.56423604454,-17.7921149682,-2.69999998817)) ;
#10179=CARTESIAN_POINT('Control Point',(-3.47208266001,-17.7801198316,-2.66461562867)) ;
#10180=CARTESIAN_POINT('Control Point',(-3.39836719867,-17.7571999439,-2.59342943581)) ;
#10181=CARTESIAN_POINT('Control Point',(-3.35978828766,-17.7285473247,-2.50256708623)) ;
#10182=CARTESIAN_POINT('Control Point',(-3.35657218096,-17.6998947372,-2.41046984058)) ;
#10183=CARTESIAN_POINT('Control Point',(-3.65638942936,-17.5445280611,-2.7000000003)) ;
#10184=CARTESIAN_POINT('Control Point',(-3.56423604486,-17.5445280643,-2.70000000029)) ;
#10185=CARTESIAN_POINT('Control Point',(-3.47208266035,-17.5445280671,-2.66461564078)) ;
#10186=CARTESIAN_POINT('Control Point',(-3.39836719902,-17.5445280686,-2.59342944721)) ;
#10187=CARTESIAN_POINT('Control Point',(-3.359788288,-17.5445280686,-2.50256709636)) ;
#10188=CARTESIAN_POINT('Control Point',(-3.35657218126,-17.5445280673,-2.41046984918)) ;
#10196=CARTESIAN_POINT('Axis2P3D Location',(-5.23506728001,-5.7445280597,-11.6)) ;
#10207=CARTESIAN_POINT('Axis2P3D Location',(-5.23506728001,5.74452805728,-11.6)) ;
#10218=CARTESIAN_POINT('Axis2P3D Location',(-7.2,0.,11.6)) ;
#10230=CARTESIAN_POINT('Axis2P3D Location',(-7.2,0.,11.6)) ;
#10242=CARTESIAN_POINT('Axis2P3D Location',(3.50265529841,1.5,22.6872487026)) ;
#10247=CARTESIAN_POINT('Line Origine',(3.24987624996,2.43247824933,-6.27836124037)) ;
#10261=CARTESIAN_POINT('Axis2P3D Location',(2.74989528843,1.5,-6.27399797262)) ;
#10266=CARTESIAN_POINT('Line Origine',(2.77044779787,4.87140290468,-3.91891365914)) ;
#10270=CARTESIAN_POINT('Vertex',(2.76330124663,4.84280579974,-4.73782731795)) ;
#10273=CARTESIAN_POINT('Line Origine',(2.75659826244,4.81598365873,-5.50591322909)) ;
#10277=CARTESIAN_POINT('Vertex',(2.74989528843,4.78916154845,-6.27399797262)) ;
#10280=CARTESIAN_POINT('Line Origine',(2.74989528843,4.15865722082,-6.27399797262)) ;
#10293=CARTESIAN_POINT('Axis2P3D Location',(0.,3.1,-6.25)) ;
#10299=CARTESIAN_POINT('Control Point',(2.74989528843,4.78916154845,-6.27399797262)) ;
#10300=CARTESIAN_POINT('Control Point',(2.74703560507,4.77771845734,-6.60168522809)) ;
#10301=CARTESIAN_POINT('Control Point',(2.69536545072,4.76629024492,-6.92894704061)) ;
#10302=CARTESIAN_POINT('Control Point',(2.59493940624,4.7552138521,-7.24613332042)) ;
#10303=CARTESIAN_POINT('Control Point',(2.17243147279,4.72518479184,-8.10605160183)) ;
#10304=CARTESIAN_POINT('Control Point',(1.41389750772,4.70325335596,-8.73408858047)) ;
#10305=CARTESIAN_POINT('Control Point',(0.810659639144,4.69428240068,-8.99098091733)) ;
#10306=CARTESIAN_POINT('Control Point',(-0.62518504041,4.68857070283,-9.15454335567)) ;
#10307=CARTESIAN_POINT('Control Point',(-1.91960816657,4.71316487883,-8.45025729367)) ;
#10308=CARTESIAN_POINT('Control Point',(-2.46683889436,4.73545536043,-7.8119454399)) ;
#10309=CARTESIAN_POINT('Control Point',(-2.74317430216,4.76226736171,-7.04414671598)) ;
#10310=CARTESIAN_POINT('Control Point',(-2.74989528843,4.78916154845,-6.27399797262)) ;
#10311=CARTESIAN_POINT('Vertex',(-2.74989528843,4.78916154845,-6.27399797262)) ;
#10314=CARTESIAN_POINT('Line Origine',(-2.74989528843,3.1,-6.27399797262)) ;
#10326=CARTESIAN_POINT('Axis2P3D Location',(-2.74989528843,1.5,-6.27399797262)) ;
#10331=CARTESIAN_POINT('Line Origine',(-2.75659823832,4.81598356223,-5.5059159925)) ;
#10335=CARTESIAN_POINT('Vertex',(-2.76330124663,4.84280576324,-4.73782731795)) ;
#10338=CARTESIAN_POINT('Line Origine',(-2.77044779786,4.87140290466,-3.91891365978)) ;
#10351=CARTESIAN_POINT('Axis2P3D Location',(-3.24987624996,1.5,-6.27836124037)) ;
#10356=CARTESIAN_POINT('Line Origine',(-3.24987624996,2.43247824963,-6.27836124037)) ;
#10370=CARTESIAN_POINT('Axis2P3D Location',(0.,2.4,-6.25)) ;
#10382=CARTESIAN_POINT('Axis2P3D Location',(-1.5,5.55111512313E-016,-10.5)) ;
#10387=CARTESIAN_POINT('Line Origine',(-1.5,0.35,-9.85)) ;
#10391=CARTESIAN_POINT('Vertex',(-1.5,0.5,-10.)) ;
#10394=CARTESIAN_POINT('Line Origine',(-1.5,0.5,-10.25)) ;
#10399=CARTESIAN_POINT('Line Origine',(-1.5,0.0737739202857,-10.1)) ;
#10412=CARTESIAN_POINT('Line Origine',(1.5,0.5,-10.25)) ;
#10416=CARTESIAN_POINT('Vertex',(1.5,0.5,-10.)) ;
#10419=CARTESIAN_POINT('Line Origine',(0.,0.5,-10.)) ;
#10431=CARTESIAN_POINT('Axis2P3D Location',(1.5,9.15933995316E-016,-10.5)) ;
#10436=CARTESIAN_POINT('Line Origine',(1.5,0.0737739202857,-10.1)) ;
#10441=CARTESIAN_POINT('Line Origine',(1.5,0.35,-9.85)) ;
#10454=CARTESIAN_POINT('Axis2P3D Location',(2.7,-1.2,-11.05)) ;
#10459=CARTESIAN_POINT('Axis2P3D Location',(2.7,-1.2,-11.2)) ;
#10463=CARTESIAN_POINT('Vertex',(4.45,-1.2,-11.2)) ;
#10465=CARTESIAN_POINT('Vertex',(0.95,-1.2,-11.2)) ;
#10468=CARTESIAN_POINT('Line Origine',(4.45,-1.2,-11.05)) ;
#10473=CARTESIAN_POINT('Line Origine',(3.9,0.0737739202857,-11.05)) ;
#10478=CARTESIAN_POINT('Line Origine',(0.95,-1.2,-11.05)) ;
#10494=CARTESIAN_POINT('Axis2P3D Location',(3.9,0.5,-10.5)) ;
#10507=CARTESIAN_POINT('Axis2P3D Location',(-3.9,0.5,-10.5)) ;
#10512=CARTESIAN_POINT('Line Origine',(-3.9,0.0737739202857,-10.1)) ;
#10525=CARTESIAN_POINT('Axis2P3D Location',(-2.7,-1.2,-11.05)) ;
#10530=CARTESIAN_POINT('Axis2P3D Location',(-2.7,-1.2,-11.2)) ;
#10534=CARTESIAN_POINT('Vertex',(-0.95,-1.2,-11.2)) ;
#10536=CARTESIAN_POINT('Vertex',(-4.45,-1.2,-11.2)) ;
#10539=CARTESIAN_POINT('Line Origine',(-0.95,-1.2,-11.05)) ;
#10544=CARTESIAN_POINT('Line Origine',(-4.45,-1.2,-11.05)) ;
#10560=CARTESIAN_POINT('Axis2P3D Location',(2.7,-1.2,-11.2)) ;
#10572=CARTESIAN_POINT('Axis2P3D Location',(-6.335,0.5,-10.)) ;
#10584=CARTESIAN_POINT('Axis2P3D Location',(-2.7,-1.2,-11.2)) ;
#10596=CARTESIAN_POINT('Axis2P3D Location',(-3.09999999981,-3.30000000075,-9.7)) ;
#10608=CARTESIAN_POINT('Axis2P3D Location',(-2.30000000037,-3.29999999981,-9.7)) ;
#10613=CARTESIAN_POINT('Line Origine',(-2.29301850614,-3.29999999981,-10.5)) ;
#10617=CARTESIAN_POINT('Vertex',(-2.29301850614,-3.72438515792,-10.5)) ;
#10621=CARTESIAN_POINT('Control Point',(-2.30000000037,-3.71843205206,-9.7)) ;
#10622=CARTESIAN_POINT('Control Point',(-2.29767283587,-3.72041876585,-9.96666663913)) ;
#10623=CARTESIAN_POINT('Control Point',(-2.29534567112,-3.72240312887,-10.2333333059)) ;
#10624=CARTESIAN_POINT('Control Point',(-2.29301850614,-3.72438515792,-10.5)) ;
#10633=CARTESIAN_POINT('Axis2P3D Location',(-2.7,-1.2,-9.7)) ;
#10639=CARTESIAN_POINT('Control Point',(-0.216106317288,-1.80698149464,-10.5)) ;
#10640=CARTESIAN_POINT('Control Point',(-0.217933276172,-1.8046543297,-10.233333311)) ;
#10641=CARTESIAN_POINT('Control Point',(-0.219762250446,-1.80232716455,-9.96666664421)) ;
#10642=CARTESIAN_POINT('Control Point',(-0.221593253721,-1.8,-9.7)) ;
#10643=CARTESIAN_POINT('Vertex',(-0.216106317283,-1.80698149449,-10.5)) ;
#10647=CARTESIAN_POINT('Control Point',(-0.216106317288,-1.80698149464,-10.5)) ;
#10648=CARTESIAN_POINT('Control Point',(-0.393839118173,-2.53430083671,-10.5)) ;
#10649=CARTESIAN_POINT('Control Point',(-0.858128959576,-3.19512232189,-10.5)) ;
#10650=CARTESIAN_POINT('Control Point',(-1.55384268787,-3.60521519774,-10.5)) ;
#10651=CARTESIAN_POINT('Control Point',(-2.29301850614,-3.72438515792,-10.5)) ;
#10660=CARTESIAN_POINT('Axis2P3D Location',(4.65661287308E-009,-1.80000000037,-9.7)) ;
#10665=CARTESIAN_POINT('Line Origine',(4.65661287308E-009,-1.80698149461,-10.5)) ;
#10669=CARTESIAN_POINT('Vertex',(0.21610631728,-1.80698149461,-10.5)) ;
#10673=CARTESIAN_POINT('Control Point',(0.221593254128,-1.80000000037,-9.7)) ;
#10674=CARTESIAN_POINT('Control Point',(0.219762250853,-1.80232716492,-9.96666664422)) ;
#10675=CARTESIAN_POINT('Control Point',(0.217933276164,-1.80465432967,-10.233333311)) ;
#10676=CARTESIAN_POINT('Control Point',(0.21610631728,-1.80698149461,-10.5)) ;
#10685=CARTESIAN_POINT('Axis2P3D Location',(2.7,-1.2,-9.7)) ;
#10691=CARTESIAN_POINT('Control Point',(2.29301850614,-3.72438515792,-10.5)) ;
#10692=CARTESIAN_POINT('Control Point',(1.55384255444,-3.60521517622,-10.5)) ;
#10693=CARTESIAN_POINT('Control Point',(0.858102636482,-3.19509775765,-10.5)) ;
#10694=CARTESIAN_POINT('Control Point',(0.393839151762,-2.5343009742,-10.5)) ;
#10695=CARTESIAN_POINT('Control Point',(0.21610631728,-1.80698149461,-10.5)) ;
#10696=CARTESIAN_POINT('Vertex',(2.29301850614,-3.72438515792,-10.5)) ;
#10700=CARTESIAN_POINT('Control Point',(2.3,-3.71843205189,-9.7)) ;
#10701=CARTESIAN_POINT('Control Point',(2.2976728355,-3.72041876568,-9.96666663913)) ;
#10702=CARTESIAN_POINT('Control Point',(2.29534567112,-3.72240312887,-10.2333333059)) ;
#10703=CARTESIAN_POINT('Control Point',(2.29301850614,-3.72438515792,-10.5)) ;
#10712=CARTESIAN_POINT('Axis2P3D Location',(2.30000000037,-3.30000000075,-9.7)) ;
#10717=CARTESIAN_POINT('Line Origine',(2.29301850614,-3.30000000075,-10.5)) ;
#10729=CARTESIAN_POINT('Axis2P3D Location',(3.09999999981,-3.29999999981,-9.7)) ;
#10750=CARTESIAN_POINT('Axis2P3D Location',(0.,-5.90000000019,0.)) ;
#10756=CARTESIAN_POINT('Control Point',(3.03411215383,-5.83411214837,7.55000000005)) ;
#10757=CARTESIAN_POINT('Control Point',(3.10698149405,-5.90698149442,-0.8)) ;
#10758=CARTESIAN_POINT('Vertex',(3.10698149479,-5.90698149442,-0.799999999993)) ;
#10761=CARTESIAN_POINT('Line Origine',(0.,-5.90698149442,-0.8)) ;
#10773=CARTESIAN_POINT('Axis2P3D Location',(3.10000000056,0.,0.)) ;
#10778=CARTESIAN_POINT('Line Origine',(3.10000000056,0.,6.50142108269E-012)) ;
#10782=CARTESIAN_POINT('Vertex',(3.10000000056,-7.88156794865,6.50155153053E-012)) ;
#10784=CARTESIAN_POINT('Vertex',(3.1,-6.9,0.)) ;
#10788=CARTESIAN_POINT('Control Point',(3.10698149479,-7.87561484214,-0.799999999993)) ;
#10789=CARTESIAN_POINT('Control Point',(3.10465432981,-7.87759687119,-0.533333305923)) ;
#10790=CARTESIAN_POINT('Control Point',(3.10232716506,-7.87958123486,-0.266666639124)) ;
#10791=CARTESIAN_POINT('Control Point',(3.10000000056,-7.88156794865,6.50152154336E-012)) ;
#10792=CARTESIAN_POINT('Vertex',(3.10698149405,-7.87561484214,-0.8)) ;
#10795=CARTESIAN_POINT('Line Origine',(3.10698149479,0.,-0.799999999993)) ;
#10801=CARTESIAN_POINT('Control Point',(3.03411214874,-5.9,7.55)) ;
#10802=CARTESIAN_POINT('Control Point',(3.04182354268,-6.78363822234,6.66636177766)) ;
#10803=CARTESIAN_POINT('Vertex',(3.04182354268,-6.78363822234,6.66636177766)) ;
#10807=CARTESIAN_POINT('Control Point',(3.10000000056,-6.9,8.881784197E-016)) ;
#10808=CARTESIAN_POINT('Control Point',(3.04182354268,-6.78363822234,6.66636177766)) ;
#10820=CARTESIAN_POINT('Axis2P3D Location',(0.,-5.9,7.55)) ;
#10825=CARTESIAN_POINT('Line Origine',(2.36203215373,-6.34181911117,7.10818088883)) ;
#10829=CARTESIAN_POINT('Vertex',(2.35817645676,-6.78363822234,6.66636177766)) ;
#10832=CARTESIAN_POINT('Line Origine',(2.69999999972,-6.78363822234,6.66636177766)) ;
#10844=CARTESIAN_POINT('Axis2P3D Location',(2.29999999888,0.,0.)) ;
#10849=CARTESIAN_POINT('Line Origine',(2.29301850465,0.,-0.799999999987)) ;
#10853=CARTESIAN_POINT('Vertex',(2.29301850614,-5.90698149442,-0.8)) ;
#10855=CARTESIAN_POINT('Vertex',(2.29301850614,-7.87561484208,-0.8)) ;
#10859=CARTESIAN_POINT('Control Point',(2.29301850465,-7.87561484208,-0.799999999987)) ;
#10860=CARTESIAN_POINT('Control Point',(2.29534566963,-7.87759687113,-0.533333305916)) ;
#10861=CARTESIAN_POINT('Control Point',(2.29767283438,-7.87958123486,-0.266666639117)) ;
#10862=CARTESIAN_POINT('Control Point',(2.29999999888,-7.88156794865,1.30029320644E-011)) ;
#10863=CARTESIAN_POINT('Vertex',(2.3,-7.88156794811,-1.11018075073E-016)) ;
#10866=CARTESIAN_POINT('Line Origine',(2.29999999888,0.,1.30030398012E-011)) ;
#10870=CARTESIAN_POINT('Vertex',(2.3,-6.9,4.44021572912E-016)) ;
#10874=CARTESIAN_POINT('Control Point',(2.29999999888,-6.9,8.881784197E-016)) ;
#10875=CARTESIAN_POINT('Control Point',(2.35817645676,-6.78363822234,6.66636177766)) ;
#10878=CARTESIAN_POINT('Control Point',(2.3658878507,-5.83411215207,7.55000000003)) ;
#10879=CARTESIAN_POINT('Control Point',(2.29301850465,-5.90698149442,-0.799999999987)) ;
#10891=CARTESIAN_POINT('Axis2P3D Location',(0.,-5.90000000019,0.)) ;
#10897=CARTESIAN_POINT('Control Point',(-2.36588784442,-5.83411214837,7.55000000006)) ;
#10898=CARTESIAN_POINT('Control Point',(-2.29301850614,-5.90698149442,-0.8)) ;
#10899=CARTESIAN_POINT('Vertex',(-2.29301850465,-5.90698149442,-0.799999999987)) ;
#10902=CARTESIAN_POINT('Line Origine',(0.,-5.90698149442,-0.8)) ;
#10914=CARTESIAN_POINT('Axis2P3D Location',(-2.29999999888,0.,0.)) ;
#10919=CARTESIAN_POINT('Line Origine',(-2.29999999888,0.,1.30030398012E-011)) ;
#10923=CARTESIAN_POINT('Vertex',(-2.3,-7.88156794811,-5.55090375367E-017)) ;
#10925=CARTESIAN_POINT('Vertex',(-2.3,-6.9,4.44021572912E-016)) ;
#10929=CARTESIAN_POINT('Control Point',(-2.29999999888,-7.88156794773,1.30030430867E-011)) ;
#10930=CARTESIAN_POINT('Control Point',(-2.29767283438,-7.87958123395,-0.266666639116)) ;
#10931=CARTESIAN_POINT('Control Point',(-2.29534566963,-7.87759687113,-0.533333305918)) ;
#10932=CARTESIAN_POINT('Control Point',(-2.29301850465,-7.87561484208,-0.799999999988)) ;
#10933=CARTESIAN_POINT('Vertex',(-2.29301850614,-7.87561484208,-0.800000000001)) ;
#10936=CARTESIAN_POINT('Line Origine',(-2.29301850465,0.,-0.799999999987)) ;
#10942=CARTESIAN_POINT('Control Point',(-2.3658878507,-5.9,7.55)) ;
#10943=CARTESIAN_POINT('Control Point',(-2.35817645676,-6.78363822234,6.66636177766)) ;
#10944=CARTESIAN_POINT('Vertex',(-2.35817645676,-6.78363822234,6.66636177766)) ;
#10948=CARTESIAN_POINT('Control Point',(-2.29999999888,-6.9,8.881784197E-016)) ;
#10949=CARTESIAN_POINT('Control Point',(-2.35817645676,-6.78363822234,6.66636177766)) ;
#10961=CARTESIAN_POINT('Line Origine',(-3.03796784571,-6.34181911117,7.10818088883)) ;
#10965=CARTESIAN_POINT('Vertex',(-3.04182354268,-6.78363822234,6.66636177766)) ;
#10968=CARTESIAN_POINT('Line Origine',(-2.69999999972,-6.78363822234,6.66636177766)) ;
#10980=CARTESIAN_POINT('Axis2P3D Location',(-3.10000000056,0.,0.)) ;
#10985=CARTESIAN_POINT('Line Origine',(-3.10698149479,0.,-0.799999999993)) ;
#10989=CARTESIAN_POINT('Vertex',(-3.10698149405,-5.90698149442,-0.8)) ;
#10991=CARTESIAN_POINT('Vertex',(-3.10698149405,-7.87561484211,-0.8)) ;
#10995=CARTESIAN_POINT('Control Point',(-3.10698149479,-7.87561484211,-0.799999999993)) ;
#10996=CARTESIAN_POINT('Control Point',(-3.10465432981,-7.87759687116,-0.533333305923)) ;
#10997=CARTESIAN_POINT('Control Point',(-3.10232716506,-7.87958123486,-0.266666639124)) ;
#10998=CARTESIAN_POINT('Control Point',(-3.10000000056,-7.88156794865,6.50168807681E-012)) ;
#10999=CARTESIAN_POINT('Vertex',(-3.1,-7.88156794811,5.55090375367E-017)) ;
#11002=CARTESIAN_POINT('Line Origine',(-3.10000000056,0.,6.50160321769E-012)) ;
#11006=CARTESIAN_POINT('Vertex',(-3.1,-6.9,0.)) ;
#11010=CARTESIAN_POINT('Control Point',(-3.10000000056,-6.9,8.881784197E-016)) ;
#11011=CARTESIAN_POINT('Control Point',(-3.04182354268,-6.78363822234,6.66636177766)) ;
#11014=CARTESIAN_POINT('Control Point',(-3.03411214874,-5.83411215207,7.55000000003)) ;
#11015=CARTESIAN_POINT('Control Point',(-3.10698149479,-5.90698149442,-0.799999999993)) ;
#11027=CARTESIAN_POINT('Axis2P3D Location',(0.,-5.90000000019,0.)) ;
#11032=CARTESIAN_POINT('Line Origine',(0.,-5.90698149442,-0.8)) ;
#11044=CARTESIAN_POINT('Axis2P3D Location',(0.,5.90000000019,0.)) ;
#11049=CARTESIAN_POINT('Line Origine',(0.,5.90698149442,-0.800000000001)) ;
#11053=CARTESIAN_POINT('Vertex',(-3.10698149404,5.90698149442,-0.8)) ;
#11057=CARTESIAN_POINT('Control Point',(-3.03411214608,5.83411214837,7.54999999998)) ;
#11058=CARTESIAN_POINT('Control Point',(-3.10698149404,5.90698149442,-0.8)) ;
#11067=CARTESIAN_POINT('Axis2P3D Location',(-3.10000000056,0.,0.)) ;
#11072=CARTESIAN_POINT('Line Origine',(-3.10000000056,0.,6.50160321769E-012)) ;
#11076=CARTESIAN_POINT('Vertex',(-3.10000000056,7.88156794757,6.50160703956E-012)) ;
#11078=CARTESIAN_POINT('Vertex',(-3.1,6.9,-8.881784197E-016)) ;
#11082=CARTESIAN_POINT('Control Point',(-3.10698149479,7.87561484214,-0.799999999993)) ;
#11083=CARTESIAN_POINT('Control Point',(-3.10465432981,7.87759687119,-0.533333305924)) ;
#11084=CARTESIAN_POINT('Control Point',(-3.10232716506,7.87958123378,-0.266666639122)) ;
#11085=CARTESIAN_POINT('Control Point',(-3.10000000056,7.88156794757,6.50163256566E-012)) ;
#11086=CARTESIAN_POINT('Vertex',(-3.10698149405,7.87561484214,-0.8)) ;
#11089=CARTESIAN_POINT('Line Origine',(-3.10698149479,0.,-0.799999999993)) ;
#11095=CARTESIAN_POINT('Control Point',(-3.03411214874,5.9,7.55)) ;
#11096=CARTESIAN_POINT('Control Point',(-3.04182354268,6.78363822234,6.66636177766)) ;
#11097=CARTESIAN_POINT('Vertex',(-3.04182354268,6.78363822234,6.66636177766)) ;
#11101=CARTESIAN_POINT('Control Point',(-3.10000000056,6.9,0.)) ;
#11102=CARTESIAN_POINT('Control Point',(-3.04182354268,6.78363822234,6.66636177766)) ;
#11114=CARTESIAN_POINT('Axis2P3D Location',(0.,5.9,7.55)) ;
#11119=CARTESIAN_POINT('Line Origine',(-2.36203215373,6.34181911117,7.10818088883)) ;
#11123=CARTESIAN_POINT('Vertex',(-2.35817645676,6.78363822234,6.66636177766)) ;
#11126=CARTESIAN_POINT('Line Origine',(-2.69999999972,6.78363822234,6.66636177766)) ;
#11138=CARTESIAN_POINT('Axis2P3D Location',(-2.29999999888,0.,0.)) ;
#11143=CARTESIAN_POINT('Line Origine',(-2.29301850465,0.,-0.799999999988)) ;
#11147=CARTESIAN_POINT('Vertex',(-2.29301850614,5.90698149442,-0.800000000002)) ;
#11149=CARTESIAN_POINT('Vertex',(-2.29301850465,7.87561484208,-0.799999999988)) ;
#11153=CARTESIAN_POINT('Control Point',(-2.29999999888,7.88156794848,1.30029320644E-011)) ;
#11154=CARTESIAN_POINT('Control Point',(-2.29767283438,7.87958123469,-0.266666639117)) ;
#11155=CARTESIAN_POINT('Control Point',(-2.29534566963,7.87759687113,-0.533333305917)) ;
#11156=CARTESIAN_POINT('Control Point',(-2.29301850465,7.87561484208,-0.799999999988)) ;
#11157=CARTESIAN_POINT('Vertex',(-2.29999999888,7.88156794848,1.30028810249E-011)) ;
#11160=CARTESIAN_POINT('Line Origine',(-2.29999999888,0.,1.30030398012E-011)) ;
#11164=CARTESIAN_POINT('Vertex',(-2.3,6.9,-8.881784197E-016)) ;
#11168=CARTESIAN_POINT('Control Point',(-2.29999999888,6.9,0.)) ;
#11169=CARTESIAN_POINT('Control Point',(-2.35817645676,6.78363822234,6.66636177766)) ;
#11172=CARTESIAN_POINT('Control Point',(-2.3658878507,5.83411215031,7.55000000002)) ;
#11173=CARTESIAN_POINT('Control Point',(-2.29301850465,5.90698149442,-0.799999999989)) ;
#11185=CARTESIAN_POINT('Axis2P3D Location',(0.,5.90000000019,0.)) ;
#11191=CARTESIAN_POINT('Control Point',(2.36588785217,5.83411214837,7.54999999999)) ;
#11192=CARTESIAN_POINT('Control Point',(2.29301850614,5.90698149442,-0.8)) ;
#11193=CARTESIAN_POINT('Vertex',(2.29301850614,5.90698149442,-0.8)) ;
#11196=CARTESIAN_POINT('Line Origine',(0.,5.90698149442,-0.800000000002)) ;
#11208=CARTESIAN_POINT('Axis2P3D Location',(2.29999999888,0.,0.)) ;
#11213=CARTESIAN_POINT('Line Origine',(2.29999999888,0.,1.30030398012E-011)) ;
#11217=CARTESIAN_POINT('Vertex',(2.29999999888,7.88156794757,1.3003047552E-011)) ;
#11219=CARTESIAN_POINT('Vertex',(2.3,6.9,-8.881784197E-016)) ;
#11223=CARTESIAN_POINT('Control Point',(2.29301850465,7.87561484211,-0.799999999987)) ;
#11224=CARTESIAN_POINT('Control Point',(2.29534566963,7.87759687116,-0.533333305918)) ;
#11225=CARTESIAN_POINT('Control Point',(2.29767283438,7.87958123378,-0.266666639116)) ;
#11226=CARTESIAN_POINT('Control Point',(2.29999999888,7.88156794757,1.30030541889E-011)) ;
#11227=CARTESIAN_POINT('Vertex',(2.29301850614,7.87561484211,-0.8)) ;
#11230=CARTESIAN_POINT('Line Origine',(2.29301850465,0.,-0.799999999987)) ;
#11236=CARTESIAN_POINT('Control Point',(2.3658878507,5.9,7.55)) ;
#11237=CARTESIAN_POINT('Control Point',(2.35817645676,6.78363822234,6.66636177766)) ;
#11238=CARTESIAN_POINT('Vertex',(2.35817645676,6.78363822234,6.66636177766)) ;
#11242=CARTESIAN_POINT('Control Point',(2.29999999888,6.9,0.)) ;
#11243=CARTESIAN_POINT('Control Point',(2.35817645676,6.78363822234,6.66636177766)) ;
#11255=CARTESIAN_POINT('Line Origine',(3.03796784571,6.34181911117,7.10818088883)) ;
#11259=CARTESIAN_POINT('Vertex',(3.04182354268,6.78363822234,6.66636177766)) ;
#11262=CARTESIAN_POINT('Line Origine',(2.69999999972,6.78363822234,6.66636177766)) ;
#11274=CARTESIAN_POINT('Axis2P3D Location',(3.10000000056,0.,0.)) ;
#11279=CARTESIAN_POINT('Line Origine',(3.10698149479,0.,-0.799999999994)) ;
#11283=CARTESIAN_POINT('Vertex',(3.10698149405,5.90698149442,-0.800000000002)) ;
#11285=CARTESIAN_POINT('Vertex',(3.10698149479,7.87561484211,-0.799999999994)) ;
#11289=CARTESIAN_POINT('Control Point',(3.10000000056,7.88156794757,6.5014660322E-012)) ;
#11290=CARTESIAN_POINT('Control Point',(3.10232716506,7.87958123378,-0.266666639123)) ;
#11291=CARTESIAN_POINT('Control Point',(3.10465432981,7.87759687116,-0.533333305925)) ;
#11292=CARTESIAN_POINT('Control Point',(3.10698149479,7.87561484211,-0.799999999994)) ;
#11293=CARTESIAN_POINT('Vertex',(3.10000000056,7.88156794757,6.50132949438E-012)) ;
#11296=CARTESIAN_POINT('Line Origine',(3.10000000056,0.,6.50142108269E-012)) ;
#11300=CARTESIAN_POINT('Vertex',(3.1,6.9,-8.881784197E-016)) ;
#11304=CARTESIAN_POINT('Control Point',(3.10000000056,6.9,0.)) ;
#11305=CARTESIAN_POINT('Control Point',(3.04182354268,6.78363822234,6.66636177766)) ;
#11308=CARTESIAN_POINT('Control Point',(3.03411214874,5.83411214078,7.54999999993)) ;
#11309=CARTESIAN_POINT('Control Point',(3.10698149479,5.90698149442,-0.799999999995)) ;
#11321=CARTESIAN_POINT('Axis2P3D Location',(0.,5.90000000019,0.)) ;
#11327=CARTESIAN_POINT('Control Point',(3.10698149405,5.90698149442,-0.800000000002)) ;
#11328=CARTESIAN_POINT('Control Point',(4.52500000187,5.90698149442,-0.8)) ;
#11337=CARTESIAN_POINT('Axis2P3D Location',(1.17670939659E-009,4.89999999925,-3.1)) ;
#11343=CARTESIAN_POINT('Control Point',(2.7633012463,4.84280580901,-4.73782731828)) ;
#11344=CARTESIAN_POINT('Control Point',(2.35888624763,4.86861284147,-3.99881060008)) ;
#11345=CARTESIAN_POINT('Control Point',(1.68839916117,4.88945220625,-3.40204927218)) ;
#11346=CARTESIAN_POINT('Control Point',(0.842830470918,4.89999999925,-3.1)) ;
#11347=CARTESIAN_POINT('Control Point',(-6.85932199929E-010,4.89999999925,-3.1)) ;
#11356=CARTESIAN_POINT('Control Point',(-2.76330124695,4.84280580896,-4.73782731955)) ;
#11357=CARTESIAN_POINT('Control Point',(-2.35888727947,4.86861282271,-3.99881113727)) ;
#11358=CARTESIAN_POINT('Control Point',(-1.68839499677,4.88945230612,-3.40204641219)) ;
#11359=CARTESIAN_POINT('Control Point',(-0.842829507016,4.89999999925,-3.1)) ;
#11360=CARTESIAN_POINT('Control Point',(-6.85932421973E-010,4.89999999925,-3.1)) ;
#11368=CARTESIAN_POINT('Axis2P3D Location',(-1.5,11.6,-0.8)) ;
#11373=CARTESIAN_POINT('Line Origine',(-1.5,-11.95,-0.15)) ;
#11377=CARTESIAN_POINT('Vertex',(-1.5,-11.8,0.)) ;
#11379=CARTESIAN_POINT('Vertex',(-1.5,-12.1,-0.3)) ;
#11382=CARTESIAN_POINT('Line Origine',(-1.5,-11.7368869601,-3.10862446895E-014)) ;
#11386=CARTESIAN_POINT('Vertex',(-1.5,-11.6737739203,0.)) ;
#11389=CARTESIAN_POINT('Line Origine',(-1.5,-11.6737739203,-0.4)) ;
#11394=CARTESIAN_POINT('Line Origine',(-1.5,-12.1,-0.55)) ;
#11407=CARTESIAN_POINT('Axis2P3D Location',(4.525,-12.1,0.)) ;
#11412=CARTESIAN_POINT('Line Origine',(4.4408920985E-016,-12.1,-0.3)) ;
#11416=CARTESIAN_POINT('Vertex',(1.5,-12.1,-0.3)) ;
#11419=CARTESIAN_POINT('Line Origine',(1.5,-12.1,-0.55)) ;
#11431=CARTESIAN_POINT('Axis2P3D Location',(1.5,11.6,-0.8)) ;
#11436=CARTESIAN_POINT('Line Origine',(1.5,-11.6737739203,-0.4)) ;
#11440=CARTESIAN_POINT('Vertex',(1.5,-11.6737739203,0.)) ;
#11443=CARTESIAN_POINT('Line Origine',(1.5,-11.7368869601,-3.10862446895E-014)) ;
#11447=CARTESIAN_POINT('Vertex',(1.5,-11.8,0.)) ;
#11450=CARTESIAN_POINT('Line Origine',(1.5,-11.95,-0.15)) ;
#11463=CARTESIAN_POINT('Axis2P3D Location',(2.7,-10.4,-1.35)) ;
#11468=CARTESIAN_POINT('Axis2P3D Location',(2.7,-10.4,-1.5)) ;
#11472=CARTESIAN_POINT('Vertex',(4.45,-10.4,-1.5)) ;
#11474=CARTESIAN_POINT('Vertex',(0.95,-10.4,-1.5)) ;
#11477=CARTESIAN_POINT('Line Origine',(0.95,-10.4,-1.35)) ;
#11481=CARTESIAN_POINT('Vertex',(0.95,-10.4,0.)) ;
#11484=CARTESIAN_POINT('Axis2P3D Location',(2.7,-10.4,0.)) ;
#11489=CARTESIAN_POINT('Line Origine',(3.9,-11.6737739203,-1.35)) ;
#11493=CARTESIAN_POINT('Vertex',(3.9,-11.6737739203,0.)) ;
#11496=CARTESIAN_POINT('Axis2P3D Location',(2.7,-10.4,0.)) ;
#11500=CARTESIAN_POINT('Vertex',(4.45,-10.4,0.)) ;
#11503=CARTESIAN_POINT('Line Origine',(4.45,-10.4,-1.35)) ;
#11519=CARTESIAN_POINT('Axis2P3D Location',(3.9,12.1,-0.8)) ;
#11524=CARTESIAN_POINT('Line Origine',(3.9,-11.7368869601,0.)) ;
#11528=CARTESIAN_POINT('Vertex',(3.9,-11.8,0.)) ;
#11531=CARTESIAN_POINT('Line Origine',(3.9,-12.1,-0.55)) ;
#11535=CARTESIAN_POINT('Vertex',(3.9,-12.1,-0.3)) ;
#11538=CARTESIAN_POINT('Line Origine',(3.9,-11.95,-0.15)) ;
#11551=CARTESIAN_POINT('Line Origine',(4.21468171766,-12.1,-0.3)) ;
#11563=CARTESIAN_POINT('Line Origine',(-3.9,-12.1,-0.55)) ;
#11567=CARTESIAN_POINT('Vertex',(-3.9,-12.1,-0.3)) ;
#11570=CARTESIAN_POINT('Line Origine',(-4.21468171654,-12.1,-0.3)) ;
#11582=CARTESIAN_POINT('Axis2P3D Location',(-3.9,12.1,-0.8)) ;
#11587=CARTESIAN_POINT('Line Origine',(-3.9,-11.95,-0.15)) ;
#11591=CARTESIAN_POINT('Vertex',(-3.9,-11.8,0.)) ;
#11594=CARTESIAN_POINT('Line Origine',(-3.9,-11.6737739203,-0.4)) ;
#11598=CARTESIAN_POINT('Vertex',(-3.9,-11.6737739203,0.)) ;
#11601=CARTESIAN_POINT('Line Origine',(-3.9,-11.7368869601,0.)) ;
#11614=CARTESIAN_POINT('Axis2P3D Location',(-2.7,-10.4,-1.35)) ;
#11619=CARTESIAN_POINT('Axis2P3D Location',(-2.7,-10.4,-1.5)) ;
#11623=CARTESIAN_POINT('Vertex',(-0.95,-10.4,-1.5)) ;
#11625=CARTESIAN_POINT('Vertex',(-4.45,-10.4,-1.5)) ;
#11628=CARTESIAN_POINT('Line Origine',(-4.45,-10.4,-1.35)) ;
#11632=CARTESIAN_POINT('Vertex',(-4.45,-10.4,0.)) ;
#11635=CARTESIAN_POINT('Axis2P3D Location',(-2.7,-10.4,0.)) ;
#11640=CARTESIAN_POINT('Axis2P3D Location',(-2.7,-10.4,0.)) ;
#11644=CARTESIAN_POINT('Vertex',(-0.95,-10.4,0.)) ;
#11647=CARTESIAN_POINT('Line Origine',(-0.95,-10.4,-1.35)) ;
#11663=CARTESIAN_POINT('Axis2P3D Location',(0.,0.,-0.8)) ;
#11669=CARTESIAN_POINT('Control Point',(3.10698149405,-7.87561484214,-0.8)) ;
#11670=CARTESIAN_POINT('Control Point',(3.41675286623,-7.92555620135,-0.8)) ;
#11671=CARTESIAN_POINT('Control Point',(3.71886347688,-8.02301363492,-0.8)) ;
#11672=CARTESIAN_POINT('Control Point',(4.00362306835,-8.16645636083,-0.8)) ;
#11673=CARTESIAN_POINT('Control Point',(4.27075847209,-8.35765733206,-0.8)) ;
#11674=CARTESIAN_POINT('Control Point',(4.5018853971,-8.58573901282,-0.8)) ;
#11675=CARTESIAN_POINT('Control Point',(4.5096320835,-8.59346584968,-0.8)) ;
#11676=CARTESIAN_POINT('Control Point',(4.51733692472,-8.60123359965,-0.8)) ;
#11677=CARTESIAN_POINT('Control Point',(4.52500000187,-8.60904233578,-0.8)) ;
#11686=CARTESIAN_POINT('Axis2P3D Location',(2.7,-10.4,0.)) ;
#11691=CARTESIAN_POINT('Axis2P3D Location',(2.7,-10.4,0.)) ;
#11703=CARTESIAN_POINT('Axis2P3D Location',(0.,0.,0.)) ;
#11708=CARTESIAN_POINT('Line Origine',(2.7,-6.9,0.)) ;
#11713=CARTESIAN_POINT('Axis2P3D Location',(2.7,-10.4,0.)) ;
#11717=CARTESIAN_POINT('Vertex',(0.221593253721,-9.8,-1.6652711261E-016)) ;
#11720=CARTESIAN_POINT('Line Origine',(2.22044604925E-016,-9.8,0.)) ;
#11724=CARTESIAN_POINT('Vertex',(-0.221593253314,-9.80000000037,5.55090375367E-017)) ;
#11727=CARTESIAN_POINT('Axis2P3D Location',(-2.7,-10.4,0.)) ;
#11732=CARTESIAN_POINT('Line Origine',(-2.7,-6.9,0.)) ;
#11737=CARTESIAN_POINT('Axis2P3D Location',(-2.7,-10.4,0.)) ;
#11742=CARTESIAN_POINT('Line Origine',(-4.21599074733,-11.8,0.)) ;
#11747=CARTESIAN_POINT('Axis2P3D Location',(-2.7,-10.4,0.)) ;
#11752=CARTESIAN_POINT('Line Origine',(4.4408920985E-016,-11.8,0.)) ;
#11757=CARTESIAN_POINT('Axis2P3D Location',(2.7,-10.4,0.)) ;
#11762=CARTESIAN_POINT('Line Origine',(4.21599074826,-11.8,0.)) ;
#11796=CARTESIAN_POINT('Axis2P3D Location',(6.335,-11.8,0.)) ;
#11809=CARTESIAN_POINT('Control Point',(-4.52500000004,-8.60904233392,-0.8)) ;
#11810=CARTESIAN_POINT('Control Point',(-4.30423828895,-8.38408440757,-0.8)) ;
#11811=CARTESIAN_POINT('Control Point',(-4.048815358,-8.19314209589,-0.8)) ;
#11812=CARTESIAN_POINT('Control Point',(-3.76567188186,-8.04333502283,-0.8)) ;
#11813=CARTESIAN_POINT('Control Point',(-3.45499895673,-7.93645235842,-0.8)) ;
#11814=CARTESIAN_POINT('Control Point',(-3.13517622394,-7.88029522449,-0.8)) ;
#11815=CARTESIAN_POINT('Control Point',(-3.12578499592,-7.8786912845,-0.8)) ;
#11816=CARTESIAN_POINT('Control Point',(-3.1163867762,-7.87713116215,-0.8)) ;
#11817=CARTESIAN_POINT('Control Point',(-3.10698149405,-7.87561484211,-0.8)) ;
#11826=CARTESIAN_POINT('Axis2P3D Location',(-2.7,-10.4,0.)) ;
#11838=CARTESIAN_POINT('Axis2P3D Location',(6.335,-11.8,0.)) ;
#11850=CARTESIAN_POINT('Axis2P3D Location',(0.,14.925,3.45)) ;
#11856=CARTESIAN_POINT('Control Point',(2.75,-16.6399995761,3.45)) ;
#11857=CARTESIAN_POINT('Control Point',(2.75,-16.6285560195,3.12229941426)) ;
#11858=CARTESIAN_POINT('Control Point',(2.70118742096,-16.6171124848,2.79459882776)) ;
#11859=CARTESIAN_POINT('Control Point',(2.60353294214,-16.606005919,2.47654850441)) ;
#11860=CARTESIAN_POINT('Control Point',(2.19043276225,-16.5759864383,1.61690454976)) ;
#11861=CARTESIAN_POINT('Control Point',(1.44236555495,-16.5538893366,0.984123536948)) ;
#11862=CARTESIAN_POINT('Control Point',(0.847076516527,-16.5447242822,0.721672873098)) ;
#11863=CARTESIAN_POINT('Control Point',(-0.595357829522,-16.538232266,0.535765123727)) ;
#11864=CARTESIAN_POINT('Control Point',(-1.90902239107,-16.5625451461,1.23199584534)) ;
#11865=CARTESIAN_POINT('Control Point',(-2.4705508425,-16.5852380491,1.88183145047)) ;
#11866=CARTESIAN_POINT('Control Point',(-2.75,-16.61261875,2.66591572742)) ;
#11867=CARTESIAN_POINT('Control Point',(-2.75,-16.6399995761,3.45)) ;
#11876=CARTESIAN_POINT('Axis2P3D Location',(0.,-16.75,6.59999999963)) ;
#11890=CARTESIAN_POINT('Axis2P3D Location',(4.525,12.1,0.)) ;
#11895=CARTESIAN_POINT('Line Origine',(-4.21468171747,12.1,-0.3)) ;
#11899=CARTESIAN_POINT('Vertex',(-3.9,12.1,-0.3)) ;
#11902=CARTESIAN_POINT('Line Origine',(-3.9,12.1,-0.55)) ;
#11914=CARTESIAN_POINT('Axis2P3D Location',(-6.335,12.1,-0.3)) ;
#11919=CARTESIAN_POINT('Line Origine',(-8.881784197E-016,11.8,0.)) ;
#11923=CARTESIAN_POINT('Vertex',(-3.9,11.8,0.)) ;
#11926=CARTESIAN_POINT('Line Origine',(-3.9,11.95,-0.15)) ;
#11938=CARTESIAN_POINT('Line Origine',(4.21599074826,11.8,0.)) ;
#11942=CARTESIAN_POINT('Vertex',(3.9,11.8,0.)) ;
#11945=CARTESIAN_POINT('Line Origine',(3.9,11.7368869601,0.)) ;
#11949=CARTESIAN_POINT('Vertex',(3.9,11.6737739203,0.)) ;
#11952=CARTESIAN_POINT('Axis2P3D Location',(2.7,10.4,0.)) ;
#11956=CARTESIAN_POINT('Vertex',(4.45,10.4,0.)) ;
#11959=CARTESIAN_POINT('Axis2P3D Location',(2.7,10.4,0.)) ;
#11963=CARTESIAN_POINT('Vertex',(0.95,10.4,0.)) ;
#11966=CARTESIAN_POINT('Axis2P3D Location',(2.7,10.4,0.)) ;
#11970=CARTESIAN_POINT('Vertex',(1.5,11.6737739203,0.)) ;
#11973=CARTESIAN_POINT('Line Origine',(1.5,11.7368869601,0.)) ;
#11977=CARTESIAN_POINT('Vertex',(1.5,11.8,0.)) ;
#11980=CARTESIAN_POINT('Line Origine',(-4.4408920985E-016,11.8,0.)) ;
#11984=CARTESIAN_POINT('Vertex',(-1.5,11.8,0.)) ;
#11987=CARTESIAN_POINT('Line Origine',(-1.5,11.7368869601,0.)) ;
#11991=CARTESIAN_POINT('Vertex',(-1.5,11.6737739203,0.)) ;
#11994=CARTESIAN_POINT('Axis2P3D Location',(-2.7,10.4,0.)) ;
#11998=CARTESIAN_POINT('Vertex',(-0.95,10.4,0.)) ;
#12001=CARTESIAN_POINT('Axis2P3D Location',(-2.7,10.4,0.)) ;
#12005=CARTESIAN_POINT('Vertex',(-4.45,10.4,0.)) ;
#12008=CARTESIAN_POINT('Axis2P3D Location',(-2.7,10.4,0.)) ;
#12012=CARTESIAN_POINT('Vertex',(-3.9,11.6737739203,0.)) ;
#12015=CARTESIAN_POINT('Line Origine',(-3.9,11.7368869601,0.)) ;
#12020=CARTESIAN_POINT('Axis2P3D Location',(-2.7,10.4,0.)) ;
#12025=CARTESIAN_POINT('Line Origine',(-2.7,6.9,0.)) ;
#12030=CARTESIAN_POINT('Axis2P3D Location',(-2.7,10.4,0.)) ;
#12034=CARTESIAN_POINT('Vertex',(-0.221593253314,9.80000000037,5.55090375367E-017)) ;
#12037=CARTESIAN_POINT('Line Origine',(2.22044604925E-016,9.8,0.)) ;
#12041=CARTESIAN_POINT('Vertex',(0.221593254128,9.80000000037,-5.55090375367E-017)) ;
#12044=CARTESIAN_POINT('Axis2P3D Location',(2.7,10.4,0.)) ;
#12049=CARTESIAN_POINT('Line Origine',(2.7,6.9,0.)) ;
#12054=CARTESIAN_POINT('Axis2P3D Location',(2.7,10.4,0.)) ;
#12088=CARTESIAN_POINT('Axis2P3D Location',(-2.7,10.4,0.)) ;
#12094=CARTESIAN_POINT('Control Point',(-3.10698149419,7.87561484214,-0.8)) ;
#12095=CARTESIAN_POINT('Control Point',(-3.5076972717,7.94021825868,-0.8)) ;
#12096=CARTESIAN_POINT('Control Point',(-3.89492893006,8.08971482638,-0.8)) ;
#12097=CARTESIAN_POINT('Control Point',(-4.24070701863,8.31934554158,-0.8)) ;
#12098=CARTESIAN_POINT('Control Point',(-4.52500000004,8.60904233392,-0.8)) ;
#12114=CARTESIAN_POINT('Axis2P3D Location',(2.7,10.4,0.)) ;
#12120=CARTESIAN_POINT('Control Point',(4.52500000173,8.60904233564,-0.8)) ;
#12121=CARTESIAN_POINT('Control Point',(4.24070706976,8.31934559313,-0.8)) ;
#12122=CARTESIAN_POINT('Control Point',(3.89492268662,8.08971196979,-0.8)) ;
#12123=CARTESIAN_POINT('Control Point',(3.50769870734,7.94021849011,-0.8)) ;
#12124=CARTESIAN_POINT('Control Point',(3.10698149405,7.87561484211,-0.8)) ;
#12140=CARTESIAN_POINT('Line Origine',(3.9,12.1,-0.55)) ;
#12144=CARTESIAN_POINT('Vertex',(3.9,12.1,-0.3)) ;
#12147=CARTESIAN_POINT('Line Origine',(4.21468171719,12.1,-0.3)) ;
#12159=CARTESIAN_POINT('Axis2P3D Location',(-6.335,12.1,-0.3)) ;
#12164=CARTESIAN_POINT('Line Origine',(3.9,11.95,-0.15)) ;
#12176=CARTESIAN_POINT('Line Origine',(-1.5,11.95,-0.15)) ;
#12180=CARTESIAN_POINT('Vertex',(-1.5,12.1,-0.3)) ;
#12183=CARTESIAN_POINT('Line Origine',(-1.5,12.1,-0.55)) ;
#12188=CARTESIAN_POINT('Line Origine',(-1.5,11.6737739203,-0.4)) ;
#12201=CARTESIAN_POINT('Line Origine',(1.5,12.1,-0.55)) ;
#12205=CARTESIAN_POINT('Vertex',(1.5,12.1,-0.3)) ;
#12208=CARTESIAN_POINT('Line Origine',(-4.4408920985E-016,12.1,-0.3)) ;
#12220=CARTESIAN_POINT('Line Origine',(1.5,11.6737739203,-0.4)) ;
#12225=CARTESIAN_POINT('Line Origine',(1.5,11.95,-0.15)) ;
#12238=CARTESIAN_POINT('Axis2P3D Location',(2.7,10.4,-1.35)) ;
#12243=CARTESIAN_POINT('Axis2P3D Location',(2.7,10.4,-1.5)) ;
#12247=CARTESIAN_POINT('Vertex',(4.45,10.4,-1.5)) ;
#12249=CARTESIAN_POINT('Vertex',(0.95,10.4,-1.5)) ;
#12252=CARTESIAN_POINT('Line Origine',(4.45,10.4,-1.35)) ;
#12257=CARTESIAN_POINT('Line Origine',(3.9,11.6737739203,-1.35)) ;
#12262=CARTESIAN_POINT('Line Origine',(0.95,10.4,-1.35)) ;
#12286=CARTESIAN_POINT('Line Origine',(-3.9,11.6737739203,-0.4)) ;
#12299=CARTESIAN_POINT('Axis2P3D Location',(-2.7,10.4,-1.35)) ;
#12304=CARTESIAN_POINT('Axis2P3D Location',(-2.7,10.4,-1.5)) ;
#12308=CARTESIAN_POINT('Vertex',(-0.95,10.4,-1.5)) ;
#12310=CARTESIAN_POINT('Vertex',(-4.45,10.4,-1.5)) ;
#12313=CARTESIAN_POINT('Line Origine',(-0.95,10.4,-1.35)) ;
#12318=CARTESIAN_POINT('Line Origine',(-4.45,10.4,-1.35)) ;
#12335=CARTESIAN_POINT('Control Point',(2.75,16.6399995761,3.45)) ;
#12336=CARTESIAN_POINT('Control Point',(2.75,16.6285560195,3.12229941426)) ;
#12337=CARTESIAN_POINT('Control Point',(2.70118742096,16.6171124848,2.79459882776)) ;
#12338=CARTESIAN_POINT('Control Point',(2.60353294214,16.606005919,2.47654850441)) ;
#12339=CARTESIAN_POINT('Control Point',(2.19043276225,16.5759864383,1.61690454976)) ;
#12340=CARTESIAN_POINT('Control Point',(1.44236555496,16.5538893366,0.984123536957)) ;
#12341=CARTESIAN_POINT('Control Point',(0.847076516512,16.5447242822,0.721672873096)) ;
#12342=CARTESIAN_POINT('Control Point',(-0.595357829533,16.538232266,0.53576512373)) ;
#12343=CARTESIAN_POINT('Control Point',(-1.90902239108,16.5625451461,1.23199584534)) ;
#12344=CARTESIAN_POINT('Control Point',(-2.4705508425,16.5852380491,1.88183145046)) ;
#12345=CARTESIAN_POINT('Control Point',(-2.75,16.61261875,2.66591572742)) ;
#12346=CARTESIAN_POINT('Control Point',(-2.75,16.6399995761,3.45)) ;
#12355=CARTESIAN_POINT('Axis2P3D Location',(0.,16.75,6.59999999963)) ;
#12370=CARTESIAN_POINT('Control Point',(3.63923376233,18.3444062158,-1.91396206159)) ;
#12371=CARTESIAN_POINT('Control Point',(3.54507989996,18.344348848,-1.91724882738)) ;
#12372=CARTESIAN_POINT('Control Point',(3.45092603759,18.3073147916,-1.91989017966)) ;
#12373=CARTESIAN_POINT('Control Point',(3.37649099747,18.2328457258,-1.92118955529)) ;
#12374=CARTESIAN_POINT('Control Point',(3.33947385983,18.1386488214,-1.9208379902)) ;
#12375=CARTESIAN_POINT('Control Point',(3.33941651423,18.0444519154,-1.91919582281)) ;
#12376=CARTESIAN_POINT('Control Point',(3.64465604744,18.3400697281,-2.16239947045)) ;
#12377=CARTESIAN_POINT('Control Point',(3.55115144573,18.3389922069,-2.16562820863)) ;
#12378=CARTESIAN_POINT('Control Point',(3.45764684402,18.3016489072,-2.15673567101)) ;
#12379=CARTESIAN_POINT('Control Point',(3.38344314685,18.2278150418,-2.13490148545)) ;
#12380=CARTESIAN_POINT('Control Point',(3.34591618601,18.1347783781,-2.10532206611)) ;
#12381=CARTESIAN_POINT('Control Point',(3.34483879933,18.041741696,-2.0744697525)) ;
#12382=CARTESIAN_POINT('Control Point',(3.65004293421,18.2392779644,-2.40921400858)) ;
#12383=CARTESIAN_POINT('Control Point',(3.55716954637,18.2372250588,-2.41159378568)) ;
#12384=CARTESIAN_POINT('Control Point',(3.46429615854,18.2040615936,-2.39084762529)) ;
#12385=CARTESIAN_POINT('Control Point',(3.39031914198,18.1398350647,-2.34621091682)) ;
#12386=CARTESIAN_POINT('Control Point',(3.35229887152,18.0592907367,-2.28809824885)) ;
#12387=CARTESIAN_POINT('Control Point',(3.3502256861,17.9787464654,-2.22873000649)) ;
#12388=CARTESIAN_POINT('Control Point',(3.65428207113,18.0417256269,-2.60344487145)) ;
#12389=CARTESIAN_POINT('Control Point',(3.5618893667,18.0397267168,-2.60422172522)) ;
#12390=CARTESIAN_POINT('Control Point',(3.46949666227,18.0157363876,-2.57369068781)) ;
#12391=CARTESIAN_POINT('Control Point',(3.39569429911,17.9698950726,-2.5113230512)) ;
#12392=CARTESIAN_POINT('Control Point',(3.35730111785,17.9125871636,-2.43134387552)) ;
#12393=CARTESIAN_POINT('Control Point',(3.35446482302,17.8552788235,-2.350123005)) ;
#12394=CARTESIAN_POINT('Control Point',(3.65638942906,17.7931150112,-2.69999998877)) ;
#12395=CARTESIAN_POINT('Control Point',(3.56423604454,17.7921149682,-2.69999998817)) ;
#12396=CARTESIAN_POINT('Control Point',(3.47208266001,17.7801198316,-2.66461562867)) ;
#12397=CARTESIAN_POINT('Control Point',(3.39836719867,17.7571999439,-2.59342943581)) ;
#12398=CARTESIAN_POINT('Control Point',(3.35978828766,17.7285473247,-2.50256708623)) ;
#12399=CARTESIAN_POINT('Control Point',(3.35657218096,17.6998947372,-2.41046984058)) ;
#12400=CARTESIAN_POINT('Control Point',(3.65638942936,17.5445280611,-2.7000000003)) ;
#12401=CARTESIAN_POINT('Control Point',(3.56423604486,17.5445280643,-2.70000000029)) ;
#12402=CARTESIAN_POINT('Control Point',(3.47208266035,17.5445280671,-2.66461564078)) ;
#12403=CARTESIAN_POINT('Control Point',(3.39836719902,17.5445280686,-2.59342944721)) ;
#12404=CARTESIAN_POINT('Control Point',(3.359788288,17.5445280686,-2.50256709636)) ;
#12405=CARTESIAN_POINT('Control Point',(3.35657218126,17.5445280673,-2.41046984918)) ;
#12414=CARTESIAN_POINT('Control Point',(-3.65638942936,17.5445280155,-2.70000000165)) ;
#12415=CARTESIAN_POINT('Control Point',(-3.56423604476,17.5445278769,-2.70000000131)) ;
#12416=CARTESIAN_POINT('Control Point',(-3.47208266017,17.5445277605,-2.66461564141)) ;
#12417=CARTESIAN_POINT('Control Point',(-3.3983671988,17.5445276942,-2.59342944745)) ;
#12418=CARTESIAN_POINT('Control Point',(-3.35978828785,17.5445276932,-2.50256709633)) ;
#12419=CARTESIAN_POINT('Control Point',(-3.35657218125,17.5445277461,-2.41046984906)) ;
#12420=CARTESIAN_POINT('Control Point',(-3.65638943254,17.7931098059,-2.70000000317)) ;
#12421=CARTESIAN_POINT('Control Point',(-3.56423604819,17.7921095593,-2.70000004624)) ;
#12422=CARTESIAN_POINT('Control Point',(-3.47208266383,17.780114482,-2.66461572348)) ;
#12423=CARTESIAN_POINT('Control Point',(-3.39836720255,17.7571949605,-2.59342955165)) ;
#12424=CARTESIAN_POINT('Control Point',(-3.35978829141,17.7285429314,-2.50256720253)) ;
#12425=CARTESIAN_POINT('Control Point',(-3.35657218444,17.6998910211,-2.41046994023)) ;
#12426=CARTESIAN_POINT('Control Point',(-3.65428216413,18.0416654408,-2.60344856579)) ;
#12427=CARTESIAN_POINT('Control Point',(-3.56188947079,18.0396657437,-2.60422555864)) ;
#12428=CARTESIAN_POINT('Control Point',(-3.46949677746,18.0156774394,-2.57369448083)) ;
#12429=CARTESIAN_POINT('Control Point',(-3.39569441832,17.9698411548,-2.51132659385)) ;
#12430=CARTESIAN_POINT('Control Point',(-3.35730122845,17.9125401373,-2.43134701168)) ;
#12431=CARTESIAN_POINT('Control Point',(-3.35446491602,17.8552390888,-2.35012566813)) ;
#12432=CARTESIAN_POINT('Control Point',(-3.65004263988,18.2392829483,-2.40920518524)) ;
#12433=CARTESIAN_POINT('Control Point',(-3.55716921762,18.237230328,-2.41158354909)) ;
#12434=CARTESIAN_POINT('Control Point',(-3.46429579535,18.2040668561,-2.39083657645)) ;
#12435=CARTESIAN_POINT('Control Point',(-3.39031876643,18.1398399641,-2.34619995776)) ;
#12436=CARTESIAN_POINT('Control Point',(-3.35229852287,18.0592950166,-2.28808826976)) ;
#12437=CARTESIAN_POINT('Control Point',(-3.35022539178,17.9787500348,-2.22872157812)) ;
#12438=CARTESIAN_POINT('Control Point',(-3.64465590316,18.340069824,-2.16239331985)) ;
#12439=CARTESIAN_POINT('Control Point',(-3.55115128422,18.3389922123,-2.1656219092)) ;
#12440=CARTESIAN_POINT('Control Point',(-3.45764666527,18.3016488216,-2.15672952974)) ;
#12441=CARTESIAN_POINT('Control Point',(-3.38344296197,18.227814883,-2.13489584538)) ;
#12442=CARTESIAN_POINT('Control Point',(-3.34591601467,18.1347781885,-2.10531715115)) ;
#12443=CARTESIAN_POINT('Control Point',(-3.34483865505,18.0417415218,-2.07446562093)) ;
#12444=CARTESIAN_POINT('Control Point',(-3.63923379093,18.3444062429,-1.91396216455)) ;
#12445=CARTESIAN_POINT('Control Point',(-3.54507993195,18.3443488599,-1.91724930928)) ;
#12446=CARTESIAN_POINT('Control Point',(-3.45092607296,18.3073147911,-1.91989097995)) ;
#12447=CARTESIAN_POINT('Control Point',(-3.37649103404,18.2328457191,-1.92119053335)) ;
#12448=CARTESIAN_POINT('Control Point',(-3.33947389375,18.1386488147,-1.92083896316)) ;
#12449=CARTESIAN_POINT('Control Point',(-3.33941654283,18.0444519126,-1.9191966419)) ;
#12458=CARTESIAN_POINT('Control Point',(3.63923377034,6.54440621341,-11.6139619251)) ;
#12459=CARTESIAN_POINT('Control Point',(3.54507990902,6.54434883994,-11.617248849)) ;
#12460=CARTESIAN_POINT('Control Point',(3.4509260477,6.50731477922,-11.6198903423)) ;
#12461=CARTESIAN_POINT('Control Point',(3.37649100795,6.43284571174,-11.6211898088)) ;
#12462=CARTESIAN_POINT('Control Point',(3.33947386949,6.3386488083,-11.6208382627)) ;
#12463=CARTESIAN_POINT('Control Point',(3.33941652224,6.24445190486,-11.6191960522)) ;
#12464=CARTESIAN_POINT('Control Point',(3.64465664502,6.54006923545,-11.8624272256)) ;
#12465=CARTESIAN_POINT('Control Point',(3.55115211472,6.53899155509,-11.8656558375)) ;
#12466=CARTESIAN_POINT('Control Point',(3.45764758442,6.501648182,-11.8567619094)) ;
#12467=CARTESIAN_POINT('Control Point',(3.38344391269,6.42781436449,-11.8349250809)) ;
#12468=CARTESIAN_POINT('Control Point',(3.34591689579,6.33477782907,-11.8053423956)) ;
#12469=CARTESIAN_POINT('Control Point',(3.34483939692,6.24174129364,-11.774486865)) ;
#12470=CARTESIAN_POINT('Control Point',(3.65004267951,6.43925659745,-12.1092096936)) ;
#12471=CARTESIAN_POINT('Control Point',(3.55716925782,6.43720392116,-12.1115869926)) ;
#12472=CARTESIAN_POINT('Control Point',(3.46429583613,6.40404162063,-12.0908389802)) ;
#12473=CARTESIAN_POINT('Control Point',(3.39031880792,6.33981715372,-12.0462015742)) ;
#12474=CARTESIAN_POINT('Control Point',(3.35229856453,6.2592753077,-11.9880894789)) ;
#12475=CARTESIAN_POINT('Control Point',(3.3502254314,6.17873345068,-11.9287227129)) ;
#12476=CARTESIAN_POINT('Control Point',(3.6542826254,6.24169803964,-12.3034701031)) ;
#12477=CARTESIAN_POINT('Control Point',(3.56188998543,6.23969741262,-12.3042468006)) ;
#12478=CARTESIAN_POINT('Control Point',(3.46949734546,6.21570685274,-12.273714536)) ;
#12479=CARTESIAN_POINT('Control Point',(3.39569500569,6.16986715583,-12.21134462)) ;
#12480=CARTESIAN_POINT('Control Point',(3.35730177441,6.11256234424,-12.1313626049)) ;
#12481=CARTESIAN_POINT('Control Point',(3.3544653773,6.05525781231,-12.0501388774)) ;
#12482=CARTESIAN_POINT('Control Point',(3.65638942496,5.99308192414,-12.3999999805)) ;
#12483=CARTESIAN_POINT('Control Point',(3.56423604019,5.99208201769,-12.3999999258)) ;
#12484=CARTESIAN_POINT('Control Point',(3.47208265541,5.98008848041,-12.3646155204)) ;
#12485=CARTESIAN_POINT('Control Point',(3.39836719398,5.9571716449,-12.2934293006)) ;
#12486=CARTESIAN_POINT('Control Point',(3.35978828317,5.92852283925,-12.2025669493)) ;
#12487=CARTESIAN_POINT('Control Point',(3.35657217686,5.89987406383,-12.1104697231)) ;
#12488=CARTESIAN_POINT('Control Point',(3.65638942972,5.74452826614,-12.4000000216)) ;
#12489=CARTESIAN_POINT('Control Point',(3.56423604502,5.74452844005,-12.4000000203)) ;
#12490=CARTESIAN_POINT('Control Point',(3.47208266032,5.74452857925,-12.3646156587)) ;
#12491=CARTESIAN_POINT('Control Point',(3.39836719892,5.74452864852,-12.2934294623)) ;
#12492=CARTESIAN_POINT('Control Point',(3.35978828805,5.74452863218,-12.2025671088)) ;
#12493=CARTESIAN_POINT('Control Point',(3.35657218162,5.74452854789,-12.1104698594)) ;
#12495=CARTESIAN_POINT('Control Point',(3.33941652224,6.24445190486,-11.6191960522)) ;
#12496=CARTESIAN_POINT('Control Point',(3.34170463409,6.2433081975,-11.6847190028)) ;
#12497=CARTESIAN_POINT('Control Point',(3.34398618725,6.23142972024,-11.750054137)) ;
#12498=CARTESIAN_POINT('Control Point',(3.34617889314,6.20885810294,-11.8128450182)) ;
#12499=CARTESIAN_POINT('Control Point',(3.35022810333,6.14394202435,-11.9287992269)) ;
#12500=CARTESIAN_POINT('Control Point',(3.35334193756,6.04539001801,-12.0179677724)) ;
#12501=CARTESIAN_POINT('Control Point',(3.3546008677,5.98914661407,-12.0540188148)) ;
#12502=CARTESIAN_POINT('Control Point',(3.35585171055,5.90548260715,-12.0898382676)) ;
#12503=CARTESIAN_POINT('Control Point',(3.35641890691,5.81698557662,-12.1060806461)) ;
#12504=CARTESIAN_POINT('Control Point',(3.35652109196,5.79291080376,-12.1090068431)) ;
#12505=CARTESIAN_POINT('Control Point',(3.35657218087,5.76871921227,-12.1104698382)) ;
#12506=CARTESIAN_POINT('Control Point',(3.35657218162,5.74452854789,-12.1104698594)) ;
#12516=CARTESIAN_POINT('Control Point',(-3.65638942953,5.74452799093,-12.4000000095)) ;
#12517=CARTESIAN_POINT('Control Point',(-3.56423604501,5.74452793314,-12.400000009)) ;
#12518=CARTESIAN_POINT('Control Point',(-3.47208266049,5.74452788676,-12.3646156487)) ;
#12519=CARTESIAN_POINT('Control Point',(-3.39836719916,5.74452786347,-12.293429454)) ;
#12520=CARTESIAN_POINT('Control Point',(-3.35978828814,5.74452786855,-12.2025671021)) ;
#12521=CARTESIAN_POINT('Control Point',(-3.35657218143,5.7445278962,-12.110469854)) ;
#12522=CARTESIAN_POINT('Control Point',(-3.65638943203,5.99312219408,-12.4000000738)) ;
#12523=CARTESIAN_POINT('Control Point',(-3.56423604758,5.99212187978,-12.4000000882)) ;
#12524=CARTESIAN_POINT('Control Point',(-3.47208266312,5.98012618941,-12.3646157377)) ;
#12525=CARTESIAN_POINT('Control Point',(-3.39836720181,5.95720551647,-12.2934295448)) ;
#12526=CARTESIAN_POINT('Control Point',(-3.35978829074,5.92855205841,-12.2025671862)) ;
#12527=CARTESIAN_POINT('Control Point',(-3.35657218392,5.89989872615,-12.1104699255)) ;
#12528=CARTESIAN_POINT('Control Point',(-3.65428195577,6.24165122363,-12.3034390067)) ;
#12529=CARTESIAN_POINT('Control Point',(-3.56188923727,6.23965053887,-12.3042160826)) ;
#12530=CARTESIAN_POINT('Control Point',(-3.46949651876,6.21566202811,-12.2736854897)) ;
#12531=CARTESIAN_POINT('Control Point',(-3.39569415048,6.16982652521,-12.2113184776)) ;
#12532=CARTESIAN_POINT('Control Point',(-3.35730098015,6.11252709921,-12.1313399714)) ;
#12533=CARTESIAN_POINT('Control Point',(-3.35446470766,6.05522804844,-12.0501197016)) ;
#12534=CARTESIAN_POINT('Control Point',(-3.65004365537,6.43924250542,-12.1092441821)) ;
#12535=CARTESIAN_POINT('Control Point',(-3.55717034866,6.43718959491,-12.1116245705)) ;
#12536=CARTESIAN_POINT('Control Point',(-3.46429704196,6.40402781016,-12.0908776378)) ;
#12537=CARTESIAN_POINT('Control Point',(-3.39032005497,6.33980466853,-12.046238632)) ;
#12538=CARTESIAN_POINT('Control Point',(-3.35229972162,6.25926459467,-11.9881226088)) ;
#12539=CARTESIAN_POINT('Control Point',(-3.35022640727,6.17872453178,-11.9287506579)) ;
#12540=CARTESIAN_POINT('Control Point',(-3.64465702403,6.54006893234,-11.862444591)) ;
#12541=CARTESIAN_POINT('Control Point',(-3.55115253911,6.53899118067,-11.8656731988)) ;
#12542=CARTESIAN_POINT('Control Point',(-3.45764805419,6.50164778596,-11.8567784645)) ;
#12543=CARTESIAN_POINT('Control Point',(-3.38344439863,6.42781401286,-11.834940019)) ;
#12544=CARTESIAN_POINT('Control Point',(-3.34591734609,6.33477755852,-11.8053552907)) ;
#12545=CARTESIAN_POINT('Control Point',(-3.34483977592,6.24174110419,-11.7744977184)) ;
#12546=CARTESIAN_POINT('Control Point',(-3.63923377034,6.54440621341,-11.6139619251)) ;
#12547=CARTESIAN_POINT('Control Point',(-3.54507990902,6.54434883994,-11.617248849)) ;
#12548=CARTESIAN_POINT('Control Point',(-3.4509260477,6.50731477922,-11.6198903423)) ;
#12549=CARTESIAN_POINT('Control Point',(-3.37649100795,6.43284571174,-11.6211898088)) ;
#12550=CARTESIAN_POINT('Control Point',(-3.33947386949,6.3386488083,-11.6208382627)) ;
#12551=CARTESIAN_POINT('Control Point',(-3.33941652224,6.24445190486,-11.6191960522)) ;
#12553=CARTESIAN_POINT('Control Point',(-3.35657218143,5.7445278962,-12.110469854)) ;
#12554=CARTESIAN_POINT('Control Point',(-3.35657218257,5.81564592127,-12.1104698867)) ;
#12555=CARTESIAN_POINT('Control Point',(-3.35613062993,5.88675524976,-12.0978254735)) ;
#12556=CARTESIAN_POINT('Control Point',(-3.35524773358,5.95484964453,-12.07254263)) ;
#12557=CARTESIAN_POINT('Control Point',(-3.3524374323,6.09058884403,-11.9920661306)) ;
#12558=CARTESIAN_POINT('Control Point',(-3.34803124955,6.186929443,-11.8658895655)) ;
#12559=CARTESIAN_POINT('Control Point',(-3.34528747935,6.22377867526,-11.787318267)) ;
#12560=CARTESIAN_POINT('Control Point',(-3.3423573853,6.24298192134,-11.7034113517)) ;
#12561=CARTESIAN_POINT('Control Point',(-3.33941652224,6.24445190486,-11.6191960522)) ;
#12570=CARTESIAN_POINT('Axis2P3D Location',(3.46874355189,8.55,-15.3226376298)) ;
#12575=CARTESIAN_POINT('Line Origine',(3.25232664318,4.68959299691,-9.1252682172)) ;
#12579=CARTESIAN_POINT('Vertex',(3.14808110511,4.79383853499,-6.14006658539)) ;
#12582=CARTESIAN_POINT('Line Origine',(3.14808110511,5.56696450022,-6.14006658539)) ;
#12595=CARTESIAN_POINT('Axis2P3D Location',(0.,4.9,-3.10000000056)) ;
#12601=CARTESIAN_POINT('Control Point',(-3.35657051375,4.58534745941,-12.110469849)) ;
#12602=CARTESIAN_POINT('Control Point',(-3.14807772972,4.7938385458,-6.14006629204)) ;
#12603=CARTESIAN_POINT('Vertex',(-3.14808110511,4.7938385458,-6.14006658539)) ;
#12607=CARTESIAN_POINT('Control Point',(-2.76330118821,4.84280557601,-4.73783401239)) ;
#12608=CARTESIAN_POINT('Control Point',(-2.99812103497,4.8278210466,-5.16693479173)) ;
#12609=CARTESIAN_POINT('Control Point',(-3.13101065256,4.81090727602,-5.65128180997)) ;
#12610=CARTESIAN_POINT('Control Point',(-3.14807772972,4.7938385458,-6.14006629204)) ;
#12613=CARTESIAN_POINT('Control Point',(3.1480811047,4.79383853556,-6.14006658502)) ;
#12614=CARTESIAN_POINT('Control Point',(3.13101296154,4.81090667873,-5.65129891433)) ;
#12615=CARTESIAN_POINT('Control Point',(2.99811237893,4.8278215298,-5.16692095487)) ;
#12616=CARTESIAN_POINT('Control Point',(2.76330123644,4.84280576901,-4.73782848555)) ;
#12629=CARTESIAN_POINT('Axis2P3D Location',(-3.14808110511,8.55,-6.14006658539)) ;
#12634=CARTESIAN_POINT('Line Origine',(-3.14808110511,5.56696450562,-6.14006658539)) ;
#12647=CARTESIAN_POINT('Axis2P3D Location',(2.7,-1.2,-4.2)) ;
#12652=CARTESIAN_POINT('Line Origine',(4.6,-1.2,-11.8)) ;
#12657=CARTESIAN_POINT('Line Origine',(0.8,-1.2,-11.8)) ;
#12669=CARTESIAN_POINT('Axis2P3D Location',(2.7,-1.2,-4.2)) ;
#12681=CARTESIAN_POINT('Axis2P3D Location',(-2.7,-1.2,-4.2)) ;
#12686=CARTESIAN_POINT('Line Origine',(-0.8,-1.2,-11.8)) ;
#12691=CARTESIAN_POINT('Line Origine',(-4.6,-1.2,-11.8)) ;
#12703=CARTESIAN_POINT('Axis2P3D Location',(-2.7,-1.2,-4.2)) ;
#12715=CARTESIAN_POINT('Axis2P3D Location',(0.,6.725,-6.25)) ;
#12730=CARTESIAN_POINT('Axis2P3D Location',(-2.7,10.4,5.5)) ;
#12735=CARTESIAN_POINT('Line Origine',(-4.6,10.4,-2.1)) ;
#12740=CARTESIAN_POINT('Axis2P3D Location',(-2.7,10.4,-1.5)) ;
#12745=CARTESIAN_POINT('Line Origine',(-0.8,10.4,-2.1)) ;
#12757=CARTESIAN_POINT('Axis2P3D Location',(-2.7,10.4,5.5)) ;
#12769=CARTESIAN_POINT('Axis2P3D Location',(2.7,10.4,5.5)) ;
#12774=CARTESIAN_POINT('Line Origine',(0.8,10.4,-2.1)) ;
#12779=CARTESIAN_POINT('Axis2P3D Location',(2.7,10.4,-1.5)) ;
#12784=CARTESIAN_POINT('Line Origine',(4.6,10.4,-2.1)) ;
#12796=CARTESIAN_POINT('Axis2P3D Location',(2.7,10.4,5.5)) ;
#12808=CARTESIAN_POINT('Axis2P3D Location',(2.7,-10.4,5.5)) ;
#12813=CARTESIAN_POINT('Line Origine',(4.6,-10.4000002289,-2.1)) ;
#12818=CARTESIAN_POINT('Axis2P3D Location',(2.7,-10.4,-1.5)) ;
#12823=CARTESIAN_POINT('Line Origine',(0.8,-10.4,-2.1)) ;
#12835=CARTESIAN_POINT('Axis2P3D Location',(2.7,-10.4,5.5)) ;
#12847=CARTESIAN_POINT('Axis2P3D Location',(-2.7,-10.4,5.5)) ;
#12852=CARTESIAN_POINT('Line Origine',(-0.8,-10.4,-2.1)) ;
#12857=CARTESIAN_POINT('Axis2P3D Location',(-2.7,-10.4,-1.5)) ;
#12862=CARTESIAN_POINT('Line Origine',(-4.6,-10.3999996014,-2.1)) ;
#12874=CARTESIAN_POINT('Axis2P3D Location',(-2.7,-10.4,5.5)) ;
#12886=CARTESIAN_POINT('Axis2P3D Location',(0.,-6.9,0.)) ;
#12899=CARTESIAN_POINT('Control Point',(-2.29301850614,-7.87561484208,-0.8)) ;
#12900=CARTESIAN_POINT('Control Point',(-1.98185113604,-7.92578126012,-0.8)) ;
#12901=CARTESIAN_POINT('Control Point',(-1.67841411017,-8.02389247957,-0.8)) ;
#12902=CARTESIAN_POINT('Control Point',(-1.39252880216,-8.16839845823,-0.8)) ;
#12903=CARTESIAN_POINT('Control Point',(-0.900447435974,-8.52216093612,-0.8)) ;
#12904=CARTESIAN_POINT('Control Point',(-0.531238395808,-9.00107788715,-0.8)) ;
#12905=CARTESIAN_POINT('Control Point',(-0.38908633367,-9.25100610637,-0.8)) ;
#12906=CARTESIAN_POINT('Control Point',(-0.283473242144,-9.51733914169,-0.8)) ;
#12907=CARTESIAN_POINT('Control Point',(-0.216106317087,-9.79301850628,-0.8)) ;
#12908=CARTESIAN_POINT('Vertex',(-0.216106317098,-9.79301850614,-0.800000000002)) ;
#12911=CARTESIAN_POINT('Line Origine',(9.85744819104E-012,-9.79301850627,-0.8)) ;
#12915=CARTESIAN_POINT('Vertex',(0.216106317098,-9.79301850614,-0.800000000003)) ;
#12919=CARTESIAN_POINT('Control Point',(0.216106317098,-9.79301850614,-0.8)) ;
#12920=CARTESIAN_POINT('Control Point',(0.290925658573,-9.48684230221,-0.8)) ;
#12921=CARTESIAN_POINT('Control Point',(0.41292070613,-9.19219497332,-0.8)) ;
#12922=CARTESIAN_POINT('Control Point',(0.579763191286,-8.91874301711,-0.8)) ;
#12923=CARTESIAN_POINT('Control Point',(0.971638100887,-8.45643775218,-0.8)) ;
#12924=CARTESIAN_POINT('Control Point',(1.4784710797,-8.12659348753,-0.8)) ;
#12925=CARTESIAN_POINT('Control Point',(1.73893857078,-8.00482338786,-0.8)) ;
#12926=CARTESIAN_POINT('Control Point',(2.01284500119,-7.92078442773,-0.8)) ;
#12927=CARTESIAN_POINT('Control Point',(2.29301850614,-7.87561484208,-0.8)) ;
#12938=CARTESIAN_POINT('Axis2P3D Location',(2.7,-10.4,0.)) ;
#12944=CARTESIAN_POINT('Control Point',(0.221593253721,-9.8,-1.11022302463E-016)) ;
#12945=CARTESIAN_POINT('Control Point',(0.219762250446,-9.79767283545,-0.266666644215)) ;
#12946=CARTESIAN_POINT('Control Point',(0.217933275983,-9.79534567108,-0.533333310987)) ;
#12947=CARTESIAN_POINT('Control Point',(0.216106317098,-9.79301850614,-0.800000000003)) ;
#12963=CARTESIAN_POINT('Axis2P3D Location',(-2.7,-10.4,0.)) ;
#12969=CARTESIAN_POINT('Control Point',(-0.221593253721,-9.8,0.)) ;
#12970=CARTESIAN_POINT('Control Point',(-0.219762250446,-9.79767283545,-0.266666644214)) ;
#12971=CARTESIAN_POINT('Control Point',(-0.217933275983,-9.79534567108,-0.533333310988)) ;
#12972=CARTESIAN_POINT('Control Point',(-0.216106317098,-9.79301850614,-0.800000000002)) ;
#12981=CARTESIAN_POINT('Axis2P3D Location',(0.,6.9,-8.881784197E-016)) ;
#12993=CARTESIAN_POINT('Axis2P3D Location',(-2.7,10.4,0.)) ;
#12999=CARTESIAN_POINT('Control Point',(-0.216106317106,9.79301850611,-0.8)) ;
#13000=CARTESIAN_POINT('Control Point',(-0.21793327599,9.79534567105,-0.533333310986)) ;
#13001=CARTESIAN_POINT('Control Point',(-0.219762250446,9.79767283545,-0.266666644214)) ;
#13002=CARTESIAN_POINT('Control Point',(-0.221593253721,9.8,1.11022302463E-016)) ;
#13003=CARTESIAN_POINT('Vertex',(-0.216106317101,9.79301850626,-0.8)) ;
#13007=CARTESIAN_POINT('Control Point',(-0.216106317106,9.79301850611,-0.8)) ;
#13008=CARTESIAN_POINT('Control Point',(-0.39383911782,9.06569916379,-0.8)) ;
#13009=CARTESIAN_POINT('Control Point',(-0.858128959251,8.40487767831,-0.8)) ;
#13010=CARTESIAN_POINT('Control Point',(-1.55384268768,7.99478480229,-0.8)) ;
#13011=CARTESIAN_POINT('Control Point',(-2.29301850614,7.87561484208,-0.8)) ;
#13021=CARTESIAN_POINT('Control Point',(2.29301850614,7.87561484211,-0.8)) ;
#13022=CARTESIAN_POINT('Control Point',(1.98324713392,7.9255562013,-0.8)) ;
#13023=CARTESIAN_POINT('Control Point',(1.68113652323,8.02301363486,-0.8)) ;
#13024=CARTESIAN_POINT('Control Point',(1.39637693171,8.16645636079,-0.8)) ;
#13025=CARTESIAN_POINT('Control Point',(0.903608635355,8.51915306639,-0.8)) ;
#13026=CARTESIAN_POINT('Control Point',(0.533366095372,8.99734346099,-0.8)) ;
#13027=CARTESIAN_POINT('Control Point',(0.390139655281,9.24835249644,-0.8)) ;
#13028=CARTESIAN_POINT('Control Point',(0.283808876647,9.51596565618,-0.8)) ;
#13029=CARTESIAN_POINT('Control Point',(0.216106317088,9.79301850628,-0.8)) ;
#13030=CARTESIAN_POINT('Vertex',(0.216106317098,9.79301850614,-0.800000000001)) ;
#13033=CARTESIAN_POINT('Line Origine',(-6.81343870212E-012,9.79301850627,-0.8)) ;
#13047=CARTESIAN_POINT('Axis2P3D Location',(2.7,10.4,0.)) ;
#13053=CARTESIAN_POINT('Control Point',(0.221593253721,9.8,-5.55111512313E-017)) ;
#13054=CARTESIAN_POINT('Control Point',(0.219762250446,9.79767283545,-0.266666644215)) ;
#13055=CARTESIAN_POINT('Control Point',(0.217933275983,9.79534567108,-0.533333310986)) ;
#13056=CARTESIAN_POINT('Control Point',(0.216106317098,9.79301850614,-0.800000000001)) ;
#13072=CARTESIAN_POINT('Axis2P3D Location',(6.335,-11.8,0.)) ;
#13098=CARTESIAN_POINT('Axis2P3D Location',(2.79396772385E-009,-9.80000000037,0.)) ;
#13117=CARTESIAN_POINT('Axis2P3D Location',(-6.335,12.1,-0.3)) ;
#13136=CARTESIAN_POINT('Axis2P3D Location',(2.79396772385E-009,9.80000000037,0.)) ;
#13148=CARTESIAN_POINT('Axis2P3D Location',(-0.760300767232,3.8,-12.4)) ;
#13153=CARTESIAN_POINT('Line Origine',(-0.760300767232,3.8,-12.5)) ;
#13157=CARTESIAN_POINT('Vertex',(-0.760300767232,3.8,-12.6)) ;
#13160=CARTESIAN_POINT('Line Origine',(0.752219232768,3.8,-12.5)) ;
#13164=CARTESIAN_POINT('Vertex',(0.752219232768,3.8,-12.6)) ;
#13167=CARTESIAN_POINT('Line Origine',(-0.00404076723194,3.8,-12.6)) ;
#13179=CARTESIAN_POINT('Axis2P3D Location',(-0.760300767232,1.3,-12.4)) ;
#13184=CARTESIAN_POINT('Line Origine',(-0.760300767232,1.3,-12.5)) ;
#13188=CARTESIAN_POINT('Vertex',(-0.760300767232,1.3,-12.6)) ;
#13191=CARTESIAN_POINT('Line Origine',(-0.760300767232,2.55,-12.6)) ;
#13203=CARTESIAN_POINT('Axis2P3D Location',(0.752219232768,3.8,-12.4)) ;
#13208=CARTESIAN_POINT('Line Origine',(0.752219232768,3.594861,-12.5)) ;
#13212=CARTESIAN_POINT('Vertex',(0.752219232768,3.594861,-12.6)) ;
#13215=CARTESIAN_POINT('Line Origine',(0.752219232768,3.6974305,-12.6)) ;
#13227=CARTESIAN_POINT('Axis2P3D Location',(0.,0.,-12.6)) ;
#13232=CARTESIAN_POINT('Line Origine',(0.110701732768,3.594861,-12.6)) ;
#13236=CARTESIAN_POINT('Vertex',(-0.530815767232,3.594861,-12.6)) ;
#13239=CARTESIAN_POINT('Line Origine',(-0.530815767232,2.4474305,-12.6)) ;
#13243=CARTESIAN_POINT('Vertex',(-0.530815767232,1.3,-12.6)) ;
#13246=CARTESIAN_POINT('Line Origine',(-0.645558267232,1.3,-12.6)) ;
#13260=CARTESIAN_POINT('Axis2P3D Location',(-0.530815767232,1.3,-12.4)) ;
#13265=CARTESIAN_POINT('Line Origine',(-0.530815767232,1.3,-12.5)) ;
#13277=CARTESIAN_POINT('Axis2P3D Location',(0.752219232768,3.594861,-12.4)) ;
#13282=CARTESIAN_POINT('Line Origine',(-0.530815767232,3.594861,-12.5)) ;
#13294=CARTESIAN_POINT('Axis2P3D Location',(-0.530815767232,3.594861,-12.4)) ;
#13306=CARTESIAN_POINT('Axis2P3D Location',(-0.11814761062,15.330465,-2.7)) ;
#13311=CARTESIAN_POINT('Line Origine',(-0.11814761062,15.330465,-2.8)) ;
#13315=CARTESIAN_POINT('Vertex',(-0.11814761062,15.330465,-2.9)) ;
#13318=CARTESIAN_POINT('Line Origine',(0.11133638938,15.330465,-2.8)) ;
#13322=CARTESIAN_POINT('Vertex',(0.11133638938,15.330465,-2.9)) ;
#13325=CARTESIAN_POINT('Line Origine',(-0.0034056106205,15.330465,-2.9)) ;
#13337=CARTESIAN_POINT('Axis2P3D Location',(-0.11814761062,13.393743,-2.7)) ;
#13342=CARTESIAN_POINT('Line Origine',(-0.11814761062,13.393743,-2.8)) ;
#13346=CARTESIAN_POINT('Vertex',(-0.11814761062,13.393743,-2.9)) ;
#13349=CARTESIAN_POINT('Line Origine',(-0.11814761062,14.362104,-2.9)) ;
#13361=CARTESIAN_POINT('Axis2P3D Location',(0.11133638938,15.330465,-2.7)) ;
#13366=CARTESIAN_POINT('Line Origine',(0.11133638938,12.9,-2.8)) ;
#13370=CARTESIAN_POINT('Vertex',(0.11133638938,12.9,-2.9)) ;
#13373=CARTESIAN_POINT('Line Origine',(0.11133638938,14.1152325,-2.9)) ;
#13385=CARTESIAN_POINT('Axis2P3D Location',(0.,0.,-2.9)) ;
#13390=CARTESIAN_POINT('Line Origine',(0.0105023893795,12.9,-2.9)) ;
#13394=CARTESIAN_POINT('Vertex',(-0.0903316106205,12.9,-2.9)) ;
#13397=CARTESIAN_POINT('Line Origine',(-0.11641061062,13.0095275,-2.9)) ;
#13401=CARTESIAN_POINT('Vertex',(-0.142489610621,13.119055,-2.9)) ;
#13404=CARTESIAN_POINT('Line Origine',(-0.199860610621,13.1938155,-2.9)) ;
#13408=CARTESIAN_POINT('Vertex',(-0.257231610621,13.268576,-2.9)) ;
#13411=CARTESIAN_POINT('Line Origine',(-0.35285111062,13.3120405,-2.9)) ;
#13415=CARTESIAN_POINT('Vertex',(-0.44847061062,13.355505,-2.9)) ;
#13418=CARTESIAN_POINT('Line Origine',(-0.57712111062,13.367674,-2.9)) ;
#13422=CARTESIAN_POINT('Vertex',(-0.705771610621,13.379843,-2.9)) ;
#13425=CARTESIAN_POINT('Line Origine',(-0.71272561062,13.379843,-2.9)) ;
#13429=CARTESIAN_POINT('Vertex',(-0.71967961062,13.379843,-2.9)) ;
#13432=CARTESIAN_POINT('Line Origine',(-0.71967961062,13.4545955,-2.9)) ;
#13436=CARTESIAN_POINT('Vertex',(-0.71967961062,13.529348,-2.9)) ;
#13439=CARTESIAN_POINT('Line Origine',(-0.70229411062,13.529348,-2.9)) ;
#13443=CARTESIAN_POINT('Vertex',(-0.68490861062,13.529348,-2.9)) ;
#13446=CARTESIAN_POINT('Line Origine',(-0.51453311062,13.5137005,-2.9)) ;
#13450=CARTESIAN_POINT('Vertex',(-0.34415761062,13.498053,-2.9)) ;
#13453=CARTESIAN_POINT('Line Origine',(-0.23115261062,13.445898,-2.9)) ;
#13474=CARTESIAN_POINT('Axis2P3D Location',(-0.34415761062,13.498053,-2.7)) ;
#13479=CARTESIAN_POINT('Line Origine',(-0.34415761062,13.498053,-2.8)) ;
#13491=CARTESIAN_POINT('Axis2P3D Location',(0.11133638938,12.9,-2.7)) ;
#13496=CARTESIAN_POINT('Line Origine',(-0.0903316106205,12.9,-2.8)) ;
#13508=CARTESIAN_POINT('Axis2P3D Location',(-0.0903316106205,12.9,-2.7)) ;
#13513=CARTESIAN_POINT('Line Origine',(-0.142489610621,13.119055,-2.8)) ;
#13525=CARTESIAN_POINT('Axis2P3D Location',(-0.142489610621,13.119055,-2.7)) ;
#13530=CARTESIAN_POINT('Line Origine',(-0.257231610621,13.268576,-2.8)) ;
#13542=CARTESIAN_POINT('Axis2P3D Location',(-0.257231610621,13.268576,-2.7)) ;
#13547=CARTESIAN_POINT('Line Origine',(-0.44847061062,13.355505,-2.8)) ;
#13559=CARTESIAN_POINT('Axis2P3D Location',(-0.44847061062,13.355505,-2.7)) ;
#13564=CARTESIAN_POINT('Line Origine',(-0.705771610621,13.379843,-2.8)) ;
#13576=CARTESIAN_POINT('Axis2P3D Location',(-0.705771610621,13.379843,-2.7)) ;
#13581=CARTESIAN_POINT('Line Origine',(-0.71967961062,13.379843,-2.8)) ;
#13593=CARTESIAN_POINT('Axis2P3D Location',(-0.71967961062,13.379843,-2.7)) ;
#13598=CARTESIAN_POINT('Line Origine',(-0.71967961062,13.529348,-2.8)) ;
#13610=CARTESIAN_POINT('Axis2P3D Location',(-0.71967961062,13.529348,-2.7)) ;
#13615=CARTESIAN_POINT('Line Origine',(-0.68490861062,13.529348,-2.8)) ;
#13627=CARTESIAN_POINT('Axis2P3D Location',(-0.68490861062,13.529348,-2.7)) ;
#13639=CARTESIAN_POINT('Axis2P3D Location',(-0.821345624494,-12.9,-2.7)) ;
#13644=CARTESIAN_POINT('Line Origine',(-0.821345624494,-12.9,-2.8)) ;
#13648=CARTESIAN_POINT('Vertex',(-0.821345624494,-12.9,-2.9)) ;
#13651=CARTESIAN_POINT('Line Origine',(0.746800375506,-12.9,-2.8)) ;
#13655=CARTESIAN_POINT('Vertex',(0.746800375506,-12.9,-2.9)) ;
#13658=CARTESIAN_POINT('Line Origine',(-0.0372726244936,-12.9,-2.9)) ;
#13670=CARTESIAN_POINT('Axis2P3D Location',(-0.824824624494,-12.973013,-2.7)) ;
#13675=CARTESIAN_POINT('Line Origine',(-0.824824624494,-12.973013,-2.8)) ;
#13679=CARTESIAN_POINT('Vertex',(-0.824824624494,-12.973013,-2.9)) ;
#13682=CARTESIAN_POINT('Line Origine',(-0.823085124494,-12.9365065,-2.9)) ;
#13694=CARTESIAN_POINT('Axis2P3D Location',(0.746800375506,-12.9,-2.7)) ;
#13699=CARTESIAN_POINT('Line Origine',(0.746800375506,-13.094717,-2.8)) ;
#13703=CARTESIAN_POINT('Vertex',(0.746800375506,-13.094717,-2.9)) ;
#13706=CARTESIAN_POINT('Line Origine',(0.746800375506,-12.9973585,-2.9)) ;
#13718=CARTESIAN_POINT('Line Origine',(0.0757303755064,-13.094717,-2.9)) ;
#13722=CARTESIAN_POINT('Vertex',(-0.595339624494,-13.094717,-2.9)) ;
#13725=CARTESIAN_POINT('Line Origine',(-0.574477124494,-13.179907,-2.9)) ;
#13729=CARTESIAN_POINT('Vertex',(-0.553614624494,-13.265097,-2.9)) ;
#13732=CARTESIAN_POINT('Line Origine',(-0.501460124494,-13.3433285,-2.9)) ;
#13736=CARTESIAN_POINT('Vertex',(-0.449305624494,-13.42156,-2.9)) ;
#13739=CARTESIAN_POINT('Line Origine',(-0.371070124494,-13.4928415,-2.9)) ;
#13743=CARTESIAN_POINT('Vertex',(-0.292834624494,-13.564123,-2.9)) ;
#13746=CARTESIAN_POINT('Line Origine',(-0.183307124494,-13.635397,-2.9)) ;
#13750=CARTESIAN_POINT('Vertex',(-0.0737796244936,-13.706671,-2.9)) ;
#13753=CARTESIAN_POINT('Line Origine',(0.107025875506,-13.809248,-2.9)) ;
#13757=CARTESIAN_POINT('Vertex',(0.287831375506,-13.911825,-2.9)) ;
#13760=CARTESIAN_POINT('Line Origine',(0.426915375506,-14.0196135,-2.9)) ;
#13764=CARTESIAN_POINT('Vertex',(0.565999375506,-14.127402,-2.9)) ;
#13767=CARTESIAN_POINT('Line Origine',(0.639016375506,-14.24214,-2.9)) ;
#13771=CARTESIAN_POINT('Vertex',(0.712033375506,-14.356878,-2.9)) ;
#13774=CARTESIAN_POINT('Line Origine',(0.736370875506,-14.492483,-2.9)) ;
#13778=CARTESIAN_POINT('Vertex',(0.760708375506,-14.628088,-2.9)) ;
#13781=CARTESIAN_POINT('Line Origine',(0.734631375506,-14.7723905,-2.9)) ;
#13785=CARTESIAN_POINT('Vertex',(0.708554375506,-14.916693,-2.9)) ;
#13788=CARTESIAN_POINT('Line Origine',(0.633797875506,-15.02796,-2.9)) ;
#13792=CARTESIAN_POINT('Vertex',(0.559041375506,-15.139227,-2.9)) ;
#13795=CARTESIAN_POINT('Line Origine',(0.442559375506,-15.2087615,-2.9)) ;
#13799=CARTESIAN_POINT('Vertex',(0.326077375506,-15.278296,-2.9)) ;
#13802=CARTESIAN_POINT('Line Origine',(0.174828375506,-15.3043805,-2.9)) ;
#13806=CARTESIAN_POINT('Vertex',(0.0235793755064,-15.330465,-2.9)) ;
#13809=CARTESIAN_POINT('Line Origine',(-0.141581624494,-15.3026485,-2.9)) ;
#13813=CARTESIAN_POINT('Vertex',(-0.306742624494,-15.274832,-2.9)) ;
#13816=CARTESIAN_POINT('Line Origine',(-0.428439124494,-15.1965925,-2.9)) ;
#13820=CARTESIAN_POINT('Vertex',(-0.550135624494,-15.118353,-2.9)) ;
#13823=CARTESIAN_POINT('Line Origine',(-0.628371124494,-14.993185,-2.9)) ;
#13827=CARTESIAN_POINT('Vertex',(-0.706606624494,-14.868017,-2.9)) ;
#13830=CARTESIAN_POINT('Line Origine',(-0.736159124494,-14.695898,-2.9)) ;
#13834=CARTESIAN_POINT('Vertex',(-0.765711624494,-14.523779,-2.9)) ;
#13837=CARTESIAN_POINT('Line Origine',(-0.650969624494,-14.523779,-2.9)) ;
#13841=CARTESIAN_POINT('Vertex',(-0.536227624494,-14.523779,-2.9)) ;
#13844=CARTESIAN_POINT('Line Origine',(-0.518844124494,-14.654173,-2.9)) ;
#13848=CARTESIAN_POINT('Vertex',(-0.501460624494,-14.784567,-2.9)) ;
#13851=CARTESIAN_POINT('Line Origine',(-0.447566124494,-14.8784465,-2.9)) ;
#13855=CARTESIAN_POINT('Vertex',(-0.393671624494,-14.972326,-2.9)) ;
#13858=CARTESIAN_POINT('Line Origine',(-0.306746124494,-15.02796,-2.9)) ;
#13862=CARTESIAN_POINT('Vertex',(-0.219820624494,-15.083594,-2.9)) ;
#13865=CARTESIAN_POINT('Line Origine',(-0.101599624494,-15.1044525,-2.9)) ;
#13869=CARTESIAN_POINT('Vertex',(0.0166213755064,-15.125311,-2.9)) ;
#13872=CARTESIAN_POINT('Line Origine',(0.122669875506,-15.1079235,-2.9)) ;
#13876=CARTESIAN_POINT('Vertex',(0.228718375506,-15.090536,-2.9)) ;
#13879=CARTESIAN_POINT('Line Origine',(0.310429375506,-15.0418605,-2.9)) ;
#13883=CARTESIAN_POINT('Vertex',(0.392140375506,-14.993185,-2.9)) ;
#13886=CARTESIAN_POINT('Line Origine',(0.442559375506,-14.913214,-2.9)) ;
#13890=CARTESIAN_POINT('Vertex',(0.492978375506,-14.833243,-2.9)) ;
#13893=CARTESIAN_POINT('Line Origine',(0.512101375506,-14.727194,-2.9)) ;
#13897=CARTESIAN_POINT('Vertex',(0.531224375506,-14.621145,-2.9)) ;
#13900=CARTESIAN_POINT('Line Origine',(0.512101375506,-14.518568,-2.9)) ;
#13904=CARTESIAN_POINT('Vertex',(0.492978375506,-14.415991,-2.9)) ;
#13907=CARTESIAN_POINT('Line Origine',(0.437344875506,-14.3290695,-2.9)) ;
#13911=CARTESIAN_POINT('Vertex',(0.381711375506,-14.242148,-2.9)) ;
#13914=CARTESIAN_POINT('Line Origine',(0.254799875506,-14.148268,-2.9)) ;
#13918=CARTESIAN_POINT('Vertex',(0.127888375506,-14.054388,-2.9)) ;
#13921=CARTESIAN_POINT('Line Origine',(-0.0494416244936,-13.948332,-2.9)) ;
#13925=CARTESIAN_POINT('Vertex',(-0.226771624494,-13.842276,-2.9)) ;
#13928=CARTESIAN_POINT('Line Origine',(-0.358901124494,-13.7466565,-2.9)) ;
#13932=CARTESIAN_POINT('Vertex',(-0.491030624494,-13.651037,-2.9)) ;
#13935=CARTESIAN_POINT('Line Origine',(-0.584910624494,-13.550207,-2.9)) ;
#13939=CARTESIAN_POINT('Vertex',(-0.678790624494,-13.449377,-2.9)) ;
#13942=CARTESIAN_POINT('Line Origine',(-0.734424124494,-13.33811,-2.9)) ;
#13946=CARTESIAN_POINT('Vertex',(-0.790057624494,-13.226843,-2.9)) ;
#13949=CARTESIAN_POINT('Line Origine',(-0.807441124494,-13.099928,-2.9)) ;
#13994=CARTESIAN_POINT('Axis2P3D Location',(-0.790057624494,-13.226843,-2.7)) ;
#13999=CARTESIAN_POINT('Line Origine',(-0.790057624494,-13.226843,-2.8)) ;
#14011=CARTESIAN_POINT('Axis2P3D Location',(0.746800375506,-13.094717,-2.7)) ;
#14016=CARTESIAN_POINT('Line Origine',(-0.595339624494,-13.094717,-2.8)) ;
#14028=CARTESIAN_POINT('Axis2P3D Location',(-0.595339624494,-13.094717,-2.7)) ;
#14033=CARTESIAN_POINT('Line Origine',(-0.553614624494,-13.265097,-2.8)) ;
#14045=CARTESIAN_POINT('Axis2P3D Location',(-0.553614624494,-13.265097,-2.7)) ;
#14050=CARTESIAN_POINT('Line Origine',(-0.449305624494,-13.42156,-2.8)) ;
#14062=CARTESIAN_POINT('Axis2P3D Location',(-0.449305624494,-13.42156,-2.7)) ;
#14067=CARTESIAN_POINT('Line Origine',(-0.292834624494,-13.564123,-2.8)) ;
#14079=CARTESIAN_POINT('Axis2P3D Location',(-0.292834624494,-13.564123,-2.7)) ;
#14084=CARTESIAN_POINT('Line Origine',(-0.0737796244936,-13.706671,-2.8)) ;
#14096=CARTESIAN_POINT('Axis2P3D Location',(-0.0737796244936,-13.706671,-2.7)) ;
#14101=CARTESIAN_POINT('Line Origine',(0.287831375506,-13.911825,-2.8)) ;
#14113=CARTESIAN_POINT('Axis2P3D Location',(0.287831375506,-13.911825,-2.7)) ;
#14118=CARTESIAN_POINT('Line Origine',(0.565999375506,-14.127402,-2.8)) ;
#14130=CARTESIAN_POINT('Axis2P3D Location',(0.565999375506,-14.127402,-2.7)) ;
#14135=CARTESIAN_POINT('Line Origine',(0.712033375506,-14.356878,-2.8)) ;
#14147=CARTESIAN_POINT('Axis2P3D Location',(0.712033375506,-14.356878,-2.7)) ;
#14152=CARTESIAN_POINT('Line Origine',(0.760708375506,-14.628088,-2.8)) ;
#14164=CARTESIAN_POINT('Axis2P3D Location',(0.760708375506,-14.628088,-2.7)) ;
#14169=CARTESIAN_POINT('Line Origine',(0.708554375506,-14.916693,-2.8)) ;
#14181=CARTESIAN_POINT('Axis2P3D Location',(0.708554375506,-14.916693,-2.7)) ;
#14186=CARTESIAN_POINT('Line Origine',(0.559041375506,-15.139227,-2.8)) ;
#14198=CARTESIAN_POINT('Axis2P3D Location',(0.559041375506,-15.139227,-2.7)) ;
#14203=CARTESIAN_POINT('Line Origine',(0.326077375506,-15.278296,-2.8)) ;
#14215=CARTESIAN_POINT('Axis2P3D Location',(0.326077375506,-15.278296,-2.7)) ;
#14220=CARTESIAN_POINT('Line Origine',(0.0235793755064,-15.330465,-2.8)) ;
#14232=CARTESIAN_POINT('Axis2P3D Location',(0.0235793755064,-15.330465,-2.7)) ;
#14237=CARTESIAN_POINT('Line Origine',(-0.306742624494,-15.274832,-2.8)) ;
#14249=CARTESIAN_POINT('Axis2P3D Location',(-0.306742624494,-15.274832,-2.7)) ;
#14254=CARTESIAN_POINT('Line Origine',(-0.550135624494,-15.118353,-2.8)) ;
#14266=CARTESIAN_POINT('Axis2P3D Location',(-0.550135624494,-15.118353,-2.7)) ;
#14271=CARTESIAN_POINT('Line Origine',(-0.706606624494,-14.868017,-2.8)) ;
#14283=CARTESIAN_POINT('Axis2P3D Location',(-0.706606624494,-14.868017,-2.7)) ;
#14288=CARTESIAN_POINT('Line Origine',(-0.765711624494,-14.523779,-2.8)) ;
#14300=CARTESIAN_POINT('Axis2P3D Location',(-0.765711624494,-14.523779,-2.7)) ;
#14305=CARTESIAN_POINT('Line Origine',(-0.536227624494,-14.523779,-2.8)) ;
#14317=CARTESIAN_POINT('Axis2P3D Location',(-0.536227624494,-14.523779,-2.7)) ;
#14322=CARTESIAN_POINT('Line Origine',(-0.501460624494,-14.784567,-2.8)) ;
#14334=CARTESIAN_POINT('Axis2P3D Location',(-0.501460624494,-14.784567,-2.7)) ;
#14339=CARTESIAN_POINT('Line Origine',(-0.393671624494,-14.972326,-2.8)) ;
#14351=CARTESIAN_POINT('Axis2P3D Location',(-0.393671624494,-14.972326,-2.7)) ;
#14356=CARTESIAN_POINT('Line Origine',(-0.219820624494,-15.083594,-2.8)) ;
#14368=CARTESIAN_POINT('Axis2P3D Location',(-0.219820624494,-15.083594,-2.7)) ;
#14373=CARTESIAN_POINT('Line Origine',(0.0166213755064,-15.125311,-2.8)) ;
#14385=CARTESIAN_POINT('Axis2P3D Location',(0.0166213755064,-15.125311,-2.7)) ;
#14390=CARTESIAN_POINT('Line Origine',(0.228718375506,-15.090536,-2.8)) ;
#14402=CARTESIAN_POINT('Axis2P3D Location',(0.228718375506,-15.090536,-2.7)) ;
#14407=CARTESIAN_POINT('Line Origine',(0.392140375506,-14.993185,-2.8)) ;
#14419=CARTESIAN_POINT('Axis2P3D Location',(0.392140375506,-14.993185,-2.7)) ;
#14424=CARTESIAN_POINT('Line Origine',(0.492978375506,-14.833243,-2.8)) ;
#14436=CARTESIAN_POINT('Axis2P3D Location',(0.492978375506,-14.833243,-2.7)) ;
#14441=CARTESIAN_POINT('Line Origine',(0.531224375506,-14.621145,-2.8)) ;
#14453=CARTESIAN_POINT('Axis2P3D Location',(0.531224375506,-14.621145,-2.7)) ;
#14458=CARTESIAN_POINT('Line Origine',(0.492978375506,-14.415991,-2.8)) ;
#14470=CARTESIAN_POINT('Axis2P3D Location',(0.492978375506,-14.415991,-2.7)) ;
#14475=CARTESIAN_POINT('Line Origine',(0.381711375506,-14.242148,-2.8)) ;
#14487=CARTESIAN_POINT('Axis2P3D Location',(0.381711375506,-14.242148,-2.7)) ;
#14492=CARTESIAN_POINT('Line Origine',(0.127888375506,-14.054388,-2.8)) ;
#14504=CARTESIAN_POINT('Axis2P3D Location',(0.127888375506,-14.054388,-2.7)) ;
#14509=CARTESIAN_POINT('Line Origine',(-0.226771624494,-13.842276,-2.8)) ;
#14521=CARTESIAN_POINT('Axis2P3D Location',(-0.226771624494,-13.842276,-2.7)) ;
#14526=CARTESIAN_POINT('Line Origine',(-0.491030624494,-13.651037,-2.8)) ;
#14538=CARTESIAN_POINT('Axis2P3D Location',(-0.491030624494,-13.651037,-2.7)) ;
#14543=CARTESIAN_POINT('Line Origine',(-0.678790624494,-13.449377,-2.8)) ;
#14555=CARTESIAN_POINT('Axis2P3D Location',(-0.678790624494,-13.449377,-2.7)) ;
#52=DIRECTION('Axis2P3D Direction',(0.,0.,1.)) ;
#53=DIRECTION('Axis2P3D XDirection',(1.,0.,0.)) ;
#57=DIRECTION('Vector Direction',(0.,1.,0.)) ;
#66=DIRECTION('Vector Direction',(1.,0.,0.)) ;
#73=DIRECTION('Vector Direction',(0.,1.,0.)) ;
#80=DIRECTION('Vector Direction',(1.,0.,0.)) ;
#92=DIRECTION('Axis2P3D Direction',(-0.999847695156,0.,-0.0174524064373)) ;
#93=DIRECTION('Axis2P3D XDirection',(0.,1.,0.)) ;
#97=DIRECTION('Vector Direction',(0.,1.,0.)) ;
#131=DIRECTION('Vector Direction',(0.,1.,0.)) ;
#144=DIRECTION('Vector Direction',(0.,1.,0.)) ;
#157=DIRECTION('Vector Direction',(0.,1.,0.)) ;
#170=DIRECTION('Vector Direction',(0.,1.,0.)) ;
#183=DIRECTION('Vector Direction',(0.,1.,0.)) ;
#246=DIRECTION('Vector Direction',(0.,1.,0.)) ;
#263=DIRECTION('Vector Direction',(0.,1.,0.)) ;
#320=DIRECTION('Axis2P3D Direction',(-0.,0.999390827019,0.0348994967025)) ;
#321=DIRECTION('Axis2P3D XDirection',(1.,0.,0.)) ;
#352=DIRECTION('Vector Direction',(1.,0.,0.)) ;
#359=DIRECTION('Vector Direction',(1.,0.,0.)) ;
#375=DIRECTION('Axis2P3D Direction',(0.999847695156,0.,-0.0174524064373)) ;
#376=DIRECTION('Axis2P3D XDirection',(0.,1.,0.)) ;
#386=DIRECTION('Vector Direction',(0.,1.,0.)) ;
#398=DIRECTION('Axis2P3D Direction',(0.,0.999390827019,-0.0348994967025)) ;
#399=DIRECTION('Axis2P3D XDirection',(1.,0.,0.)) ;
#403=DIRECTION('Vector Direction',(1.,0.,0.)) ;
#412=DIRECTION('Vector Direction',(1.,0.,0.)) ;
#447=DIRECTION('Axis2P3D Direction',(-0.499942882422,0.0151148028134,0.865926473237)) ;
#448=DIRECTION('Axis2P3D XDirection',(0.,-0.999847695156,0.0174524064373)) ;
#452=DIRECTION('Vector Direction',(-0.499942882422,0.0151148028134,0.865926473237)) ;
#459=DIRECTION('Axis2P3D Direction',(-0.499942882422,0.0151148028134,0.865926473237)) ;
#466=DIRECTION('Vector Direction',(-0.499942882422,0.0151148028134,0.865926473237)) ;
#478=DIRECTION('Axis2P3D Direction',(0.,0.999847695156,-0.0174524064373)) ;
#479=DIRECTION('Axis2P3D XDirection',(1.,0.,0.)) ;
#489=DIRECTION('Vector Direction',(1.,0.,0.)) ;
#496=DIRECTION('Vector Direction',(1.,0.,0.)) ;
#509=DIRECTION('Axis2P3D Direction',(0.999661568483,0.,-0.0260143902011)) ;
#510=DIRECTION('Axis2P3D XDirection',(-0.0260143902011,0.,-0.999661568483)) ;
#514=DIRECTION('Vector Direction',(1.10583052574E-014,-1.,2.65399326177E-013)) ;
#521=DIRECTION('Vector Direction',(7.15764277745E-015,-1.,2.74911912391E-013)) ;
#528=DIRECTION('Vector Direction',(0.0259985536523,-0.0348876999912,0.999053013407)) ;
#533=DIRECTION('Vector Direction',(0.,1.,0.)) ;
#548=DIRECTION('Vector Direction',(0.,1.,0.)) ;
#553=DIRECTION('Vector Direction',(0.0259985536523,0.0348876999912,0.999053013407)) ;
#560=DIRECTION('Vector Direction',(7.15764277745E-015,-1.,2.74619763706E-013)) ;
#567=DIRECTION('Vector Direction',(1.10583052574E-014,-1.,2.87515936692E-013)) ;
#582=DIRECTION('Axis2P3D Direction',(-0.,0.999847695156,0.0174524064373)) ;
#583=DIRECTION('Axis2P3D XDirection',(1.,0.,0.)) ;
#587=DIRECTION('Vector Direction',(1.,0.,0.)) ;
#596=DIRECTION('Vector Direction',(1.,0.,0.)) ;
#619=DIRECTION('Axis2P3D Direction',(-0.499942882422,-0.0151148028134,0.865926473237)) ;
#620=DIRECTION('Axis2P3D XDirection',(0.866025403784,2.97331603782E-015,0.5)) ;
#624=DIRECTION('Vector Direction',(-0.499942882422,-0.0151148028134,0.865926473237)) ;
#631=DIRECTION('Axis2P3D Direction',(-0.499942882422,-0.0151148028134,0.865926473237)) ;
#643=DIRECTION('Axis2P3D Direction',(0.866025403784,-0.,0.5)) ;
#644=DIRECTION('Axis2P3D XDirection',(0.5,0.,-0.866025403784)) ;
#648=DIRECTION('Vector Direction',(-0.499942882422,0.0151148028134,0.865926473237)) ;
#655=DIRECTION('Vector Direction',(0.,1.,0.)) ;
#667=DIRECTION('Axis2P3D Direction',(-0.499942882422,0.0151148028134,0.865926473237)) ;
#668=DIRECTION('Axis2P3D XDirection',(0.,-0.999847695156,0.0174524064373)) ;
#672=DIRECTION('Vector Direction',(-0.499942882422,0.0151148028134,0.865926473237)) ;
#679=DIRECTION('Axis2P3D Direction',(-0.499942882422,0.0151148028134,0.865926473237)) ;
#691=DIRECTION('Axis2P3D Direction',(0.,0.999847695156,-0.0174524064373)) ;
#692=DIRECTION('Axis2P3D XDirection',(1.,0.,0.)) ;
#702=DIRECTION('Vector Direction',(1.,0.,0.)) ;
#709=DIRECTION('Vector Direction',(1.,0.,0.)) ;
#722=DIRECTION('Axis2P3D Direction',(0.,0.999390827019,-0.0348994967025)) ;
#723=DIRECTION('Axis2P3D XDirection',(1.,0.,0.)) ;
#727=DIRECTION('Vector Direction',(1.,0.,0.)) ;
#736=DIRECTION('Vector Direction',(1.,0.,0.)) ;
#747=DIRECTION('Vector Direction',(1.,0.,0.)) ;
#799=DIRECTION('Vector Direction',(0.,-1.,0.)) ;
#806=DIRECTION('Vector Direction',(-1.,0.,0.)) ;
#813=DIRECTION('Vector Direction',(0.,1.,0.)) ;
#839=DIRECTION('Vector Direction',(-1.,0.,0.)) ;
#865=DIRECTION('Vector Direction',(0.,1.,0.)) ;
#889=DIRECTION('Vector Direction',(-1.,0.,0.)) ;
#909=DIRECTION('Axis2P3D Direction',(0.0174497491607,-0.0174497491607,-0.999695459882)) ;
#910=DIRECTION('Axis2P3D XDirection',(0.999847695156,2.36627124145E-016,0.0174524064373)) ;
#914=DIRECTION('Vector Direction',(0.0174497491607,-0.0174497491607,-0.999695459882)) ;
#935=DIRECTION('Axis2P3D Direction',(-0.,1.,0.)) ;
#936=DIRECTION('Axis2P3D XDirection',(-2.70616862252E-016,0.,1.)) ;
#940=DIRECTION('Axis2P3D Direction',(-0.,1.,0.)) ;
#947=DIRECTION('Axis2P3D Direction',(-0.,1.,0.)) ;
#954=DIRECTION('Vector Direction',(0.,1.,0.)) ;
#966=DIRECTION('Axis2P3D Direction',(0.0174497491607,0.0174497491607,-0.999695459882)) ;
#967=DIRECTION('Axis2P3D XDirection',(-2.40042360988E-016,0.999847695156,0.0174524064373)) ;
#980=DIRECTION('Vector Direction',(0.0174497491607,0.0174497491607,-0.999695459882)) ;
#1022=DIRECTION('Vector Direction',(1.,0.,0.)) ;
#1027=DIRECTION('Vector Direction',(1.,0.,0.)) ;
#1034=DIRECTION('Vector Direction',(0.,1.,0.)) ;
#1060=DIRECTION('Vector Direction',(-1.,0.,0.)) ;
#1086=DIRECTION('Vector Direction',(0.,1.,0.)) ;
#1093=DIRECTION('Vector Direction',(-1.,1.54465812122E-015,0.)) ;
#1100=DIRECTION('Vector Direction',(0.,-1.,0.)) ;
#1120=DIRECTION('Axis2P3D Direction',(-0.,0.999390827019,0.0348994967025)) ;
#1121=DIRECTION('Axis2P3D XDirection',(1.,0.,0.)) ;
#1146=DIRECTION('Vector Direction',(1.,0.,0.)) ;
#1153=DIRECTION('Vector Direction',(1.,0.,0.)) ;
#1169=DIRECTION('Axis2P3D Direction',(-0.,0.999847695156,0.0174524064373)) ;
#1170=DIRECTION('Axis2P3D XDirection',(1.,0.,0.)) ;
#1174=DIRECTION('Vector Direction',(1.,0.,0.)) ;
#1183=DIRECTION('Vector Direction',(1.,0.,0.)) ;
#1206=DIRECTION('Axis2P3D Direction',(-0.499942882422,-0.0151148028134,0.865926473237)) ;
#1207=DIRECTION('Axis2P3D XDirection',(0.866025403784,5.64825963778E-015,0.5)) ;
#1211=DIRECTION('Vector Direction',(-0.499942882422,-0.0151148028134,0.865926473237)) ;
#1218=DIRECTION('Axis2P3D Direction',(-0.499942882422,-0.0151148028134,0.865926473237)) ;
#1230=DIRECTION('Vector Direction',(0.,1.,0.)) ;
#1242=DIRECTION('Axis2P3D Direction',(0.,0.,1.)) ;
#1243=DIRECTION('Axis2P3D XDirection',(1.,0.,0.)) ;
#1247=DIRECTION('Vector Direction',(0.,1.,0.)) ;
#1252=DIRECTION('Vector Direction',(3.83421626052E-012,1.,0.)) ;
#1266=DIRECTION('Axis2P3D Direction',(0.999847695156,0.,-0.0174524064373)) ;
#1267=DIRECTION('Axis2P3D XDirection',(0.,1.,0.)) ;
#1271=DIRECTION('Vector Direction',(0.,1.,0.)) ;
#1286=DIRECTION('Vector Direction',(0.,1.,0.)) ;
#1299=DIRECTION('Vector Direction',(0.,1.,0.)) ;
#1304=DIRECTION('Vector Direction',(0.,1.,0.)) ;
#1317=DIRECTION('Vector Direction',(0.,1.,0.)) ;
#1349=DIRECTION('Axis2P3D Direction',(0.,1.,0.)) ;
#1350=DIRECTION('Axis2P3D XDirection',(0.999847695156,0.,-0.0174524064373)) ;
#1361=DIRECTION('Axis2P3D Direction',(8.67361737988E-019,-0.999847695156,0.0174524064373)) ;
#1362=DIRECTION('Axis2P3D XDirection',(0.713303818888,-0.0122316054537,-0.700748207124)) ;
#1366=DIRECTION('Axis2P3D Direction',(0.0174497491607,-0.0174497491607,-0.999695459882)) ;
#1385=DIRECTION('Axis2P3D Direction',(0.,0.,1.)) ;
#1386=DIRECTION('Axis2P3D XDirection',(1.,0.,0.)) ;
#1434=DIRECTION('Vector Direction',(0.,1.,0.)) ;
#1450=DIRECTION('Axis2P3D Direction',(0.0174497491607,-0.0174497491607,-0.999695459882)) ;
#1451=DIRECTION('Axis2P3D XDirection',(0.999847695156,3.00215581561E-016,0.0174524064373)) ;
#1455=DIRECTION('Vector Direction',(0.0174497491607,-0.0174497491607,-0.999695459882)) ;
#1489=DIRECTION('Vector Direction',(0.,1.,0.)) ;
#1527=DIRECTION('Axis2P3D Direction',(0.0174497491607,0.0174497491607,-0.999695459882)) ;
#1528=DIRECTION('Axis2P3D XDirection',(0.,0.999847695156,0.0174524064373)) ;
#1532=DIRECTION('Axis2P3D Direction',(0.0174497491607,0.0174497491607,-0.999695459882)) ;
#1539=DIRECTION('Vector Direction',(0.0174497491607,0.0174497491607,-0.999695459882)) ;
#1551=DIRECTION('Axis2P3D Direction',(8.67361737988E-019,0.999847695156,0.0174524064373)) ;
#1552=DIRECTION('Axis2P3D XDirection',(0.250415752443,-0.0168963447486,0.967990942345)) ;
#1568=DIRECTION('Axis2P3D Direction',(-0.,1.,0.)) ;
#1569=DIRECTION('Axis2P3D XDirection',(0.866025403784,0.,0.5)) ;
#1573=DIRECTION('Axis2P3D Direction',(-0.,1.,0.)) ;
#1580=DIRECTION('Vector Direction',(0.,1.,0.)) ;
#1592=DIRECTION('Axis2P3D Direction',(8.67361737988E-019,-0.999847695156,0.0174524064373)) ;
#1593=DIRECTION('Axis2P3D XDirection',(0.713303818888,-0.0122316054537,-0.700748207124)) ;
#1597=DIRECTION('Axis2P3D Direction',(0.0174497491607,-0.0174497491607,-0.999695459882)) ;
#1608=DIRECTION('Axis2P3D Direction',(0.0174497491607,-0.0174497491607,-0.999695459882)) ;
#1609=DIRECTION('Axis2P3D XDirection',(0.999847695156,6.52592129641E-015,0.0174524064373)) ;
#1613=DIRECTION('Vector Direction',(0.0174497491607,-0.0174497491607,-0.999695459882)) ;
#1625=DIRECTION('Vector Direction',(0.,-1.,0.)) ;
#1632=DIRECTION('Vector Direction',(1.,0.,0.)) ;
#1639=DIRECTION('Vector Direction',(0.,1.,0.)) ;
#1646=DIRECTION('Vector Direction',(1.,2.91534655182E-010,0.)) ;
#1653=DIRECTION('Vector Direction',(-1.,0.,0.)) ;
#1660=DIRECTION('Vector Direction',(-4.45947172095E-012,1.,0.)) ;
#1686=DIRECTION('Vector Direction',(-1.,0.,0.)) ;
#1725=DIRECTION('Axis2P3D Direction',(0.999847695156,0.,-0.0174524064373)) ;
#1726=DIRECTION('Axis2P3D XDirection',(0.,1.,0.)) ;
#1736=DIRECTION('Vector Direction',(0.,1.,0.)) ;
#1748=DIRECTION('Axis2P3D Direction',(0.,-1.,0.)) ;
#1749=DIRECTION('Axis2P3D XDirection',(1.7694179455E-016,0.,-1.)) ;
#1753=DIRECTION('Axis2P3D Direction',(0.,-1.,0.)) ;
#1765=DIRECTION('Axis2P3D Direction',(-0.0174497491607,-0.0174497491607,-0.999695459882)) ;
#1766=DIRECTION('Axis2P3D XDirection',(0.,-0.999847695156,0.0174524064373)) ;
#1770=DIRECTION('Vector Direction',(-0.0174497491607,-0.0174497491607,-0.999695459882)) ;
#1777=DIRECTION('Vector Direction',(-0.0174497491607,-0.0174497491607,-0.999695459882)) ;
#1798=DIRECTION('Axis2P3D Direction',(0.999847695156,0.,-0.0174524064373)) ;
#1799=DIRECTION('Axis2P3D XDirection',(0.,-1.,0.)) ;
#1811=DIRECTION('Vector Direction',(0.,-1.,0.)) ;
#1822=DIRECTION('Vector Direction',(0.,-1.,0.)) ;
#1839=DIRECTION('Vector Direction',(0.,-1.,0.)) ;
#1902=DIRECTION('Vector Direction',(0.,-1.,0.)) ;
#1915=DIRECTION('Vector Direction',(0.,-1.,0.)) ;
#1928=DIRECTION('Vector Direction',(0.,-1.,0.)) ;
#2044=DIRECTION('Axis2P3D Direction',(0.999847695156,-0.,0.0174524064373)) ;
#2045=DIRECTION('Axis2P3D XDirection',(0.,1.,0.)) ;
#2055=DIRECTION('Vector Direction',(0.,1.,0.)) ;
#2067=DIRECTION('Axis2P3D Direction',(0.0174497491607,0.0174497491607,-0.999695459882)) ;
#2068=DIRECTION('Axis2P3D XDirection',(0.,-0.999847695156,-0.0174524064373)) ;
#2072=DIRECTION('Axis2P3D Direction',(0.0174497491607,0.0174497491607,-0.999695459882)) ;
#2079=DIRECTION('Vector Direction',(0.0174497491607,0.0174497491607,-0.999695459882)) ;
#2091=DIRECTION('Axis2P3D Direction',(0.,0.999847695156,0.0174524064373)) ;
#2092=DIRECTION('Axis2P3D XDirection',(-1.,0.,0.)) ;
#2096=DIRECTION('Vector Direction',(-1.,0.,0.)) ;
#2114=DIRECTION('Axis2P3D Direction',(0.0174497491607,-0.0174497491607,0.999695459882)) ;
#2115=DIRECTION('Axis2P3D XDirection',(2.42053556018E-015,-0.999847695156,-0.0174524064373)) ;
#2119=DIRECTION('Axis2P3D Direction',(0.0174497491607,-0.0174497491607,0.999695459882)) ;
#2131=DIRECTION('Axis2P3D Direction',(0.,-0.999847695156,0.0174524064373)) ;
#2132=DIRECTION('Axis2P3D XDirection',(-1.,0.,0.)) ;
#2136=DIRECTION('Vector Direction',(-1.,0.,0.)) ;
#2282=DIRECTION('Axis2P3D Direction',(0.,0.,-1.)) ;
#2283=DIRECTION('Axis2P3D XDirection',(0.,1.,0.)) ;
#2287=DIRECTION('Vector Direction',(-1.,0.,0.)) ;
#2310=DIRECTION('Vector Direction',(0.,1.,0.)) ;
#2333=DIRECTION('Vector Direction',(1.,0.,0.)) ;
#2348=DIRECTION('Vector Direction',(1.,0.,0.)) ;
#2357=DIRECTION('Vector Direction',(-1.,0.,0.)) ;
#2364=DIRECTION('Vector Direction',(0.,1.,0.)) ;
#2371=DIRECTION('Vector Direction',(-1.,0.,0.)) ;
#2378=DIRECTION('Vector Direction',(1.,0.,0.)) ;
#2385=DIRECTION('Vector Direction',(-1.72120524419E-012,1.,0.)) ;
#2392=DIRECTION('Vector Direction',(-1.,9.90331019121E-015,0.)) ;
#2399=DIRECTION('Vector Direction',(-7.52082417337E-012,1.,0.)) ;
#2406=DIRECTION('Vector Direction',(-1.,0.,0.)) ;
#2413=DIRECTION('Vector Direction',(0.,-1.,0.)) ;
#2420=DIRECTION('Vector Direction',(-1.,-5.53775265915E-011,0.)) ;
#2427=DIRECTION('Vector Direction',(0.,1.,0.)) ;
#2434=DIRECTION('Vector Direction',(-1.,4.87301221431E-015,0.)) ;
#2441=DIRECTION('Vector Direction',(0.,1.,0.)) ;
#2448=DIRECTION('Vector Direction',(-1.,5.53775265915E-011,0.)) ;
#2455=DIRECTION('Vector Direction',(0.,-1.,0.)) ;
#2462=DIRECTION('Vector Direction',(-1.,0.,0.)) ;
#2469=DIRECTION('Vector Direction',(7.52115288072E-012,1.,0.)) ;
#2476=DIRECTION('Vector Direction',(-1.,-9.90331019099E-015,0.)) ;
#2483=DIRECTION('Vector Direction',(0.,1.,0.)) ;
#2490=DIRECTION('Vector Direction',(1.,0.,0.)) ;
#2497=DIRECTION('Vector Direction',(-1.,0.,0.)) ;
#2504=DIRECTION('Vector Direction',(0.,1.,0.)) ;
#2511=DIRECTION('Vector Direction',(-1.,0.,0.)) ;
#2518=DIRECTION('Vector Direction',(1.,0.,0.)) ;
#2525=DIRECTION('Vector Direction',(1.67987498659E-012,1.,0.)) ;
#2532=DIRECTION('Vector Direction',(-1.,0.,0.)) ;
#2539=DIRECTION('Vector Direction',(-7.52090635021E-012,1.,0.)) ;
#2546=DIRECTION('Vector Direction',(-1.,5.13254727739E-011,0.)) ;
#2553=DIRECTION('Vector Direction',(0.,-1.,0.)) ;
#2560=DIRECTION('Vector Direction',(-1.,-1.86084000577E-011,0.)) ;
#2567=DIRECTION('Vector Direction',(0.,1.,0.)) ;
#2574=DIRECTION('Vector Direction',(-1.,-3.02822901889E-014,0.)) ;
#2581=DIRECTION('Vector Direction',(0.,1.,0.)) ;
#2588=DIRECTION('Vector Direction',(-1.,1.86124605891E-011,0.)) ;
#2595=DIRECTION('Vector Direction',(0.,-1.,0.)) ;
#2602=DIRECTION('Vector Direction',(-1.,5.13254727739E-011,0.)) ;
#2609=DIRECTION('Vector Direction',(7.52082417376E-012,1.,0.)) ;
#2616=DIRECTION('Vector Direction',(-1.,0.,0.)) ;
#2623=DIRECTION('Vector Direction',(0.,1.,0.)) ;
#2671=DIRECTION('Axis2P3D Direction',(-0.,0.999847695156,0.0174524064373)) ;
#2672=DIRECTION('Axis2P3D XDirection',(1.,0.,0.)) ;
#2682=DIRECTION('Vector Direction',(1.,0.,0.)) ;
#2694=DIRECTION('Axis2P3D Direction',(-0.0174497491607,0.0174497491607,-0.999695459882)) ;
#2695=DIRECTION('Axis2P3D XDirection',(-0.999847695156,-2.36627124145E-016,0.0174524064373)) ;
#2713=DIRECTION('Axis2P3D Direction',(0.999847695156,0.,-0.0174524064373)) ;
#2714=DIRECTION('Axis2P3D XDirection',(0.,1.,0.)) ;
#2718=DIRECTION('Vector Direction',(0.,1.,0.)) ;
#2736=DIRECTION('Axis2P3D Direction',(0.0174497491607,0.0174497491607,0.999695459882)) ;
#2737=DIRECTION('Axis2P3D XDirection',(0.999847695156,0.,-0.0174524064373)) ;
#2741=DIRECTION('Axis2P3D Direction',(0.0174497491607,0.0174497491607,0.999695459882)) ;
#2748=DIRECTION('Vector Direction',(0.0174497491607,0.0174497491607,0.999695459882)) ;
#2760=DIRECTION('Axis2P3D Direction',(0.,0.999847695156,-0.0174524064373)) ;
#2761=DIRECTION('Axis2P3D XDirection',(-1.,0.,0.)) ;
#2771=DIRECTION('Vector Direction',(-1.,0.,0.)) ;
#2783=DIRECTION('Axis2P3D Direction',(-0.0174497491607,0.0174497491607,0.999695459882)) ;
#2784=DIRECTION('Axis2P3D XDirection',(0.,0.999847695156,-0.0174524064373)) ;
#2788=DIRECTION('Vector Direction',(-0.0174497491607,0.0174497491607,0.999695459882)) ;
#2795=DIRECTION('Axis2P3D Direction',(-0.0174497491607,0.0174497491607,0.999695459882)) ;
#2807=DIRECTION('Axis2P3D Direction',(0.999847695156,-0.,0.0174524064373)) ;
#2808=DIRECTION('Axis2P3D XDirection',(0.,1.,0.)) ;
#2812=DIRECTION('Vector Direction',(0.,1.,0.)) ;
#2839=DIRECTION('Vector Direction',(1.,0.,0.)) ;
#2846=DIRECTION('Vector Direction',(1.,0.,0.)) ;
#2874=DIRECTION('Vector Direction',(0.,1.,0.)) ;
#2881=DIRECTION('Vector Direction',(-1.,0.,0.)) ;
#2888=DIRECTION('Vector Direction',(0.,1.,0.)) ;
#2912=DIRECTION('Vector Direction',(-1.,0.,0.)) ;
#2938=DIRECTION('Vector Direction',(0.,1.,0.)) ;
#2958=DIRECTION('Axis2P3D Direction',(0.,1.,0.)) ;
#2959=DIRECTION('Axis2P3D XDirection',(0.999847695156,0.,-0.0174524064373)) ;
#2963=DIRECTION('Axis2P3D Direction',(0.,1.,0.)) ;
#2975=DIRECTION('Axis2P3D Direction',(0.0174497491607,0.0174497491607,-0.999695459882)) ;
#2976=DIRECTION('Axis2P3D XDirection',(0.,0.999847695156,0.0174524064373)) ;
#2980=DIRECTION('Axis2P3D Direction',(0.0174497491607,0.0174497491607,-0.999695459882)) ;
#2987=DIRECTION('Vector Direction',(0.0174497491607,0.0174497491607,-0.999695459882)) ;
#2999=DIRECTION('Axis2P3D Direction',(8.67361737988E-019,0.999847695156,0.0174524064373)) ;
#3000=DIRECTION('Axis2P3D XDirection',(0.250415752443,-0.0168963447486,0.967990942345)) ;
#3016=DIRECTION('Axis2P3D Direction',(-0.,1.,0.)) ;
#3017=DIRECTION('Axis2P3D XDirection',(0.866025403784,0.,0.5)) ;
#3021=DIRECTION('Vector Direction',(0.,1.,0.)) ;
#3033=DIRECTION('Axis2P3D Direction',(0.,-1.,0.)) ;
#3034=DIRECTION('Axis2P3D XDirection',(1.7694179455E-016,0.,-1.)) ;
#3038=DIRECTION('Axis2P3D Direction',(0.,-1.,0.)) ;
#3045=DIRECTION('Axis2P3D Direction',(0.,-1.,0.)) ;
#3052=DIRECTION('Vector Direction',(0.,-1.,0.)) ;
#3064=DIRECTION('Axis2P3D Direction',(0.0174497491607,0.0174497491607,0.999695459882)) ;
#3065=DIRECTION('Axis2P3D XDirection',(0.999847695156,0.,-0.0174524064373)) ;
#3069=DIRECTION('Axis2P3D Direction',(0.0174497491607,0.0174497491607,0.999695459882)) ;
#3076=DIRECTION('Vector Direction',(0.0174497491607,0.0174497491607,0.999695459882)) ;
#3110=DIRECTION('Axis2P3D Direction',(0.,-1.,0.)) ;
#3111=DIRECTION('Axis2P3D XDirection',(-4.33680868994E-016,0.,-1.)) ;
#3115=DIRECTION('Vector Direction',(0.,-1.,0.)) ;
#3122=DIRECTION('Axis2P3D Direction',(0.,-1.,0.)) ;
#3134=DIRECTION('Axis2P3D Direction',(0.0174497491607,0.0174497491607,0.999695459882)) ;
#3135=DIRECTION('Axis2P3D XDirection',(0.999847695156,0.,-0.0174524064373)) ;
#3139=DIRECTION('Vector Direction',(0.0174497491607,0.0174497491607,0.999695459882)) ;
#3146=DIRECTION('Axis2P3D Direction',(0.0174497491607,0.0174497491607,0.999695459882)) ;
#3158=DIRECTION('Axis2P3D Direction',(0.0174497491607,-0.0174497491607,0.999695459882)) ;
#3159=DIRECTION('Axis2P3D XDirection',(3.2918546361E-015,-0.999847695156,-0.0174524064373)) ;
#3163=DIRECTION('Vector Direction',(0.0174497491607,-0.0174497491607,0.999695459882)) ;
#3170=DIRECTION('Axis2P3D Direction',(0.0174497491607,-0.0174497491607,0.999695459882)) ;
#3182=DIRECTION('Axis2P3D Direction',(0.,-1.,0.)) ;
#3183=DIRECTION('Axis2P3D XDirection',(-2.20656826144E-015,0.,-1.)) ;
#3187=DIRECTION('Axis2P3D Direction',(0.,-1.,0.)) ;
#3194=DIRECTION('Vector Direction',(0.,-1.,0.)) ;
#3219=DIRECTION('Axis2P3D Direction',(0.0174497491607,-0.0174497491607,0.999695459882)) ;
#3220=DIRECTION('Axis2P3D XDirection',(-2.20201461232E-016,-0.999847695156,-0.0174524064373)) ;
#3224=DIRECTION('Vector Direction',(0.0174497491607,-0.0174497491607,0.999695459882)) ;
#3233=DIRECTION('Axis2P3D Direction',(0.0174497491607,-0.0174497491607,0.999695459882)) ;
#3252=DIRECTION('Axis2P3D Direction',(0.999847695156,0.,0.0174524064373)) ;
#3253=DIRECTION('Axis2P3D XDirection',(0.,-1.,0.)) ;
#3264=DIRECTION('Axis2P3D Direction',(0.999847695156,0.,0.0174524064373)) ;
#3265=DIRECTION('Axis2P3D XDirection',(0.,-1.,0.)) ;
#3276=DIRECTION('Axis2P3D Direction',(0.,-0.999847695156,-0.0174524064373)) ;
#3277=DIRECTION('Axis2P3D XDirection',(1.,0.,0.)) ;
#3281=DIRECTION('Vector Direction',(1.,0.,0.)) ;
#3294=DIRECTION('Vector Direction',(1.,0.,0.)) ;
#3338=DIRECTION('Axis2P3D Direction',(-0.0174497491607,-0.0174497491607,0.999695459882)) ;
#3339=DIRECTION('Axis2P3D XDirection',(-0.999847695156,0.,-0.0174524064373)) ;
#3343=DIRECTION('Vector Direction',(-0.0174497491607,-0.0174497491607,0.999695459882)) ;
#3350=DIRECTION('Axis2P3D Direction',(-0.0174497491607,-0.0174497491607,0.999695459882)) ;
#3362=DIRECTION('Axis2P3D Direction',(0.999847695156,-0.,0.0174524064373)) ;
#3363=DIRECTION('Axis2P3D XDirection',(0.,1.,0.)) ;
#3367=DIRECTION('Vector Direction',(0.,1.,0.)) ;
#3374=DIRECTION('Vector Direction',(0.,1.,0.)) ;
#3381=DIRECTION('Vector Direction',(0.,1.,0.)) ;
#3394=DIRECTION('Vector Direction',(0.,1.,0.)) ;
#3407=DIRECTION('Vector Direction',(0.,1.,0.)) ;
#3414=DIRECTION('Vector Direction',(0.,1.,0.)) ;
#3425=DIRECTION('Vector Direction',(0.,1.,0.)) ;
#3438=DIRECTION('Vector Direction',(0.,1.,0.)) ;
#3470=DIRECTION('Axis2P3D Direction',(0.,1.,0.)) ;
#3471=DIRECTION('Axis2P3D XDirection',(-1.7694179455E-016,0.,-1.)) ;
#3475=DIRECTION('Axis2P3D Direction',(0.,1.,0.)) ;
#3487=DIRECTION('Axis2P3D Direction',(1.,0.,0.)) ;
#3488=DIRECTION('Axis2P3D XDirection',(0.,-0.999847695156,-0.0174524064373)) ;
#3492=DIRECTION('Axis2P3D Direction',(1.,0.,0.)) ;
#3497=DIRECTION('Axis2P3D Direction',(1.,0.,0.)) ;
#3509=DIRECTION('Axis2P3D Direction',(1.11022302463E-015,0.,-1.)) ;
#3510=DIRECTION('Axis2P3D XDirection',(0.454070247191,0.890965886337,0.)) ;
#3578=DIRECTION('Axis2P3D Direction',(0.499942882422,0.0151148028134,0.865926473237)) ;
#3579=DIRECTION('Axis2P3D XDirection',(-0.866025403784,5.89805981832E-016,0.5)) ;
#3583=DIRECTION('Vector Direction',(0.499942882422,0.0151148028134,0.865926473237)) ;
#3590=DIRECTION('Axis2P3D Direction',(0.499942882422,0.0151148028134,0.865926473237)) ;
#3597=DIRECTION('Vector Direction',(0.499942882422,0.0151148028134,0.865926473237)) ;
#3609=DIRECTION('Axis2P3D Direction',(0.866025403784,0.,-0.5)) ;
#3610=DIRECTION('Axis2P3D XDirection',(-0.5,0.,-0.866025403784)) ;
#3614=DIRECTION('Vector Direction',(0.499942882422,-0.0151148028134,0.865926473237)) ;
#3621=DIRECTION('Vector Direction',(0.,1.,0.)) ;
#3633=DIRECTION('Axis2P3D Direction',(0.499942882422,-0.0151148028134,0.865926473237)) ;
#3634=DIRECTION('Axis2P3D XDirection',(0.,0.999847695156,0.0174524064373)) ;
#3638=DIRECTION('Vector Direction',(0.499942882422,-0.0151148028134,0.865926473237)) ;
#3645=DIRECTION('Axis2P3D Direction',(0.499942882422,-0.0151148028134,0.865926473237)) ;
#3657=DIRECTION('Axis2P3D Direction',(-0.,0.999847695156,0.0174524064373)) ;
#3658=DIRECTION('Axis2P3D XDirection',(1.,0.,0.)) ;
#3662=DIRECTION('Vector Direction',(1.,0.,0.)) ;
#3669=DIRECTION('Vector Direction',(1.,0.,0.)) ;
#3688=DIRECTION('Axis2P3D Direction',(0.999661568483,-0.,0.0260143902011)) ;
#3689=DIRECTION('Axis2P3D XDirection',(0.0260143902011,0.,-0.999661568483)) ;
#3693=DIRECTION('Vector Direction',(-0.0259985536522,-0.0348877001213,0.999053013402)) ;
#3698=DIRECTION('Vector Direction',(0.,1.,0.)) ;
#3724=DIRECTION('Vector Direction',(1.,0.,0.)) ;
#3731=DIRECTION('Vector Direction',(1.,0.,0.)) ;
#3736=DIRECTION('Vector Direction',(1.,0.,0.)) ;
#3758=DIRECTION('Vector Direction',(-1.,0.,0.)) ;
#3765=DIRECTION('Vector Direction',(0.,1.,0.)) ;
#3787=DIRECTION('Vector Direction',(1.,0.,0.)) ;
#3794=DIRECTION('Vector Direction',(1.,0.,0.)) ;
#3819=DIRECTION('Vector Direction',(0.,1.,0.)) ;
#3834=DIRECTION('Axis2P3D Direction',(0.,0.999847695156,-0.0174524064373)) ;
#3835=DIRECTION('Axis2P3D XDirection',(1.,0.,0.)) ;
#3851=DIRECTION('Vector Direction',(1.,0.,0.)) ;
#3858=DIRECTION('Vector Direction',(1.,0.,0.)) ;
#3871=DIRECTION('Axis2P3D Direction',(0.499942882422,0.0151148028134,0.865926473237)) ;
#3872=DIRECTION('Axis2P3D XDirection',(-0.866025403784,3.25260651746E-015,0.5)) ;
#3876=DIRECTION('Vector Direction',(0.499942882422,0.0151148028134,0.865926473237)) ;
#3883=DIRECTION('Axis2P3D Direction',(0.499942882422,0.0151148028134,0.865926473237)) ;
#3895=DIRECTION('Vector Direction',(-0.499942882422,0.0151148028134,-0.865926473237)) ;
#3902=DIRECTION('Vector Direction',(0.,1.,0.)) ;
#3914=DIRECTION('Axis2P3D Direction',(-0.499942882422,0.0151148028134,-0.865926473237)) ;
#3915=DIRECTION('Axis2P3D XDirection',(-0.866025403784,-5.72458747072E-016,0.5)) ;
#3919=DIRECTION('Vector Direction',(-0.499942882422,0.0151148028134,-0.865926473237)) ;
#3926=DIRECTION('Axis2P3D Direction',(-0.499942882422,0.0151148028134,-0.865926473237)) ;
#3938=DIRECTION('Axis2P3D Direction',(-0.,0.999847695156,0.0174524064373)) ;
#3939=DIRECTION('Axis2P3D XDirection',(1.,0.,0.)) ;
#3943=DIRECTION('Vector Direction',(1.,0.,0.)) ;
#3950=DIRECTION('Vector Direction',(1.,0.,0.)) ;
#3969=DIRECTION('Axis2P3D Direction',(0.,1.,0.)) ;
#3970=DIRECTION('Axis2P3D XDirection',(-0.999847695156,0.,0.0174524064373)) ;
#3974=DIRECTION('Axis2P3D Direction',(0.,1.,0.)) ;
#3986=DIRECTION('Axis2P3D Direction',(0.,0.999847695156,-0.0174524064373)) ;
#3987=DIRECTION('Axis2P3D XDirection',(1.,0.,0.)) ;
#3997=DIRECTION('Vector Direction',(1.,0.,0.)) ;
#4004=DIRECTION('Vector Direction',(1.,0.,0.)) ;
#4017=DIRECTION('Axis2P3D Direction',(-1.73472347598E-018,-0.999847695156,-0.0174524064373)) ;
#4018=DIRECTION('Axis2P3D XDirection',(-0.461803951069,-0.0154799707842,0.886846932273)) ;
#4028=DIRECTION('Axis2P3D Direction',(1.,0.,0.)) ;
#4029=DIRECTION('Axis2P3D XDirection',(0.,3.71230823859E-016,1.)) ;
#4040=DIRECTION('Axis2P3D Direction',(-1.,0.,0.)) ;
#4041=DIRECTION('Axis2P3D XDirection',(0.,-3.71230823859E-016,1.)) ;
#4045=DIRECTION('Axis2P3D Direction',(-1.,0.,0.)) ;
#4101=DIRECTION('Axis2P3D Direction',(-0.999961923064,0.,-0.00872653549837)) ;
#4102=DIRECTION('Axis2P3D XDirection',(0.,1.,0.)) ;
#4106=DIRECTION('Vector Direction',(0.,1.,0.)) ;
#4121=DIRECTION('Vector Direction',(0.,1.,0.)) ;
#4144=DIRECTION('Vector Direction',(0.,1.,0.)) ;
#4167=DIRECTION('Vector Direction',(0.,1.,0.)) ;
#4180=DIRECTION('Vector Direction',(0.,1.,0.)) ;
#4195=DIRECTION('Vector Direction',(0.,1.,0.)) ;
#4208=DIRECTION('Vector Direction',(0.00872653549837,0.,-0.999961923064)) ;
#4215=DIRECTION('Vector Direction',(0.,1.,0.)) ;
#4228=DIRECTION('Vector Direction',(0.,1.,0.)) ;
#4241=DIRECTION('Vector Direction',(0.,1.,0.)) ;
#4280=DIRECTION('Axis2P3D Direction',(0.,0.999961923064,-0.00872653549837)) ;
#4281=DIRECTION('Axis2P3D XDirection',(1.,0.,0.)) ;
#4291=DIRECTION('Vector Direction',(1.,0.,0.)) ;
#4303=DIRECTION('Axis2P3D Direction',(0.999961923064,0.,0.00872653549837)) ;
#4304=DIRECTION('Axis2P3D XDirection',(0.,-1.,0.)) ;
#4314=DIRECTION('Vector Direction',(0.,-1.,0.)) ;
#4326=DIRECTION('Axis2P3D Direction',(-0.,0.999961923064,0.00872653549837)) ;
#4327=DIRECTION('Axis2P3D XDirection',(1.,0.,0.)) ;
#4339=DIRECTION('Vector Direction',(1.,0.,0.)) ;
#4376=DIRECTION('Vector Direction',(1.,0.,0.)) ;
#4389=DIRECTION('Vector Direction',(1.,0.,0.)) ;
#4409=DIRECTION('Axis2P3D Direction',(-0.999961923064,0.,-0.00872653549837)) ;
#4410=DIRECTION('Axis2P3D XDirection',(-0.00872653549837,0.,0.999961923064)) ;
#4414=DIRECTION('Vector Direction',(-0.00872620324395,0.00872620322823,0.999923850478)) ;
#4421=DIRECTION('Vector Direction',(0.,-1.,0.)) ;
#4428=DIRECTION('Vector Direction',(0.,-1.,0.)) ;
#4435=DIRECTION('Vector Direction',(-0.00872620324394,-0.00872620325606,0.999923850477)) ;
#4442=DIRECTION('Vector Direction',(0.,1.,0.)) ;
#4457=DIRECTION('Axis2P3D Direction',(0.,0.999961923064,-0.00872653549837)) ;
#4458=DIRECTION('Axis2P3D XDirection',(1.,0.,0.)) ;
#4468=DIRECTION('Vector Direction',(1.,0.,0.)) ;
#4480=DIRECTION('Axis2P3D Direction',(-0.999961923064,0.,-0.00872653549837)) ;
#4481=DIRECTION('Axis2P3D XDirection',(0.,1.,0.)) ;
#4491=DIRECTION('Vector Direction',(0.,1.,0.)) ;
#4503=DIRECTION('Axis2P3D Direction',(-6.21929771875E-019,0.999390827019,0.0348994967025)) ;
#4504=DIRECTION('Axis2P3D XDirection',(1.,0.,1.78205942961E-017)) ;
#4514=DIRECTION('Vector Direction',(1.,0.,1.78205942961E-017)) ;
#4553=DIRECTION('Vector Direction',(1.,0.,1.78205942961E-017)) ;
#4570=DIRECTION('Axis2P3D Direction',(-0.999961923064,0.,0.00872653549837)) ;
#4571=DIRECTION('Axis2P3D XDirection',(0.,1.,0.)) ;
#4581=DIRECTION('Vector Direction',(0.,1.,0.)) ;
#4593=DIRECTION('Axis2P3D Direction',(0.,0.999961923064,-0.00872653549837)) ;
#4594=DIRECTION('Axis2P3D XDirection',(1.,0.,0.)) ;
#4604=DIRECTION('Vector Direction',(1.,0.,0.)) ;
#4616=DIRECTION('Axis2P3D Direction',(0.999961923064,0.,-0.00872653549837)) ;
#4617=DIRECTION('Axis2P3D XDirection',(-0.00872653549837,0.,-0.999961923064)) ;
#4621=DIRECTION('Vector Direction',(0.,-1.,0.)) ;
#4628=DIRECTION('Vector Direction',(0.,1.,0.)) ;
#4635=DIRECTION('Vector Direction',(-0.00872620324394,0.00872620324403,-0.999923850478)) ;
#4642=DIRECTION('Vector Direction',(0.,-1.,0.)) ;
#4657=DIRECTION('Axis2P3D Direction',(0.999961923064,0.,-0.00872653549837)) ;
#4658=DIRECTION('Axis2P3D XDirection',(0.,-1.,0.)) ;
#4668=DIRECTION('Vector Direction',(0.,-1.,0.)) ;
#4680=DIRECTION('Axis2P3D Direction',(0.,0.999961923064,-0.00872653549837)) ;
#4681=DIRECTION('Axis2P3D XDirection',(1.,0.,0.)) ;
#4691=DIRECTION('Vector Direction',(1.,0.,0.)) ;
#4703=DIRECTION('Axis2P3D Direction',(-0.999961923064,0.,0.00872653549837)) ;
#4704=DIRECTION('Axis2P3D XDirection',(0.,1.,0.)) ;
#4716=DIRECTION('Vector Direction',(0.,1.,0.)) ;
#4729=DIRECTION('Vector Direction',(0.,1.,0.)) ;
#4742=DIRECTION('Vector Direction',(0.,1.,0.)) ;
#4749=DIRECTION('Vector Direction',(-0.00872653549837,0.,-0.999961923064)) ;
#4762=DIRECTION('Vector Direction',(0.,1.,0.)) ;
#4777=DIRECTION('Vector Direction',(0.,1.,0.)) ;
#4790=DIRECTION('Vector Direction',(0.,1.,0.)) ;
#4807=DIRECTION('Vector Direction',(0.,1.,0.)) ;
#4830=DIRECTION('Vector Direction',(0.,1.,0.)) ;
#4843=DIRECTION('Vector Direction',(0.,1.,0.)) ;
#4876=DIRECTION('Axis2P3D Direction',(0.,-0.961562645157,-0.274585650461)) ;
#4877=DIRECTION('Axis2P3D XDirection',(0.,0.274585650461,-0.961562645157)) ;
#4881=DIRECTION('Vector Direction',(0.0335595933272,-0.274430981363,0.961021014424)) ;
#4888=DIRECTION('Vector Direction',(-1.,0.,0.)) ;
#4895=DIRECTION('Vector Direction',(1.,0.,0.)) ;
#4909=DIRECTION('Axis2P3D Direction',(0.999390827019,0.,-0.0348994967025)) ;
#4910=DIRECTION('Axis2P3D XDirection',(0.,-1.,0.)) ;
#4932=DIRECTION('Vector Direction',(0.,-1.,0.)) ;
#4946=DIRECTION('Axis2P3D Direction',(0.,-0.961562645157,0.274585650461)) ;
#4947=DIRECTION('Axis2P3D XDirection',(0.,-0.274585650461,-0.961562645157)) ;
#4951=DIRECTION('Vector Direction',(1.,0.,0.)) ;
#4958=DIRECTION('Vector Direction',(-1.,1.27170510696E-015,2.03472817113E-014)) ;
#4972=DIRECTION('Axis2P3D Direction',(-0.,0.999961923064,0.00872653549837)) ;
#4973=DIRECTION('Axis2P3D XDirection',(1.,0.,0.)) ;
#4983=DIRECTION('Vector Direction',(1.,0.,0.)) ;
#4995=DIRECTION('Axis2P3D Direction',(0.999961923064,0.,-0.00872653549837)) ;
#4996=DIRECTION('Axis2P3D XDirection',(0.,-1.,0.)) ;
#5006=DIRECTION('Vector Direction',(0.,-1.,0.)) ;
#5018=DIRECTION('Axis2P3D Direction',(0.,0.999961923064,-0.00872653549837)) ;
#5019=DIRECTION('Axis2P3D XDirection',(1.,0.,0.)) ;
#5023=DIRECTION('Vector Direction',(1.,0.,0.)) ;
#5038=DIRECTION('Vector Direction',(1.,0.,0.)) ;
#5075=DIRECTION('Vector Direction',(1.,0.,0.)) ;
#5101=DIRECTION('Vector Direction',(0.00872620324395,-0.0087262031968,0.999923850478)) ;
#5108=DIRECTION('Vector Direction',(0.,-1.,0.)) ;
#5115=DIRECTION('Vector Direction',(0.,-1.,0.)) ;
#5122=DIRECTION('Vector Direction',(-0.00872620324394,-0.00872620324391,-0.999923850478)) ;
#5129=DIRECTION('Vector Direction',(0.,1.,0.)) ;
#5144=DIRECTION('Axis2P3D Direction',(-5.56872366953E-017,0.999961923064,0.00872653549837)) ;
#5145=DIRECTION('Axis2P3D XDirection',(1.,5.56893571754E-017,0.)) ;
#5149=DIRECTION('Vector Direction',(1.,7.12823771845E-017,0.)) ;
#5167=DIRECTION('Axis2P3D Direction',(-0.999961923064,0.,0.00872653549837)) ;
#5168=DIRECTION('Axis2P3D XDirection',(0.,1.,0.)) ;
#5178=DIRECTION('Vector Direction',(0.,1.,0.)) ;
#5190=DIRECTION('Axis2P3D Direction',(6.21929771875E-019,0.999390827019,-0.0348994967025)) ;
#5191=DIRECTION('Axis2P3D XDirection',(1.,0.,1.78205942961E-017)) ;
#5201=DIRECTION('Vector Direction',(1.,0.,1.78205942961E-017)) ;
#5240=DIRECTION('Vector Direction',(1.,0.,1.78205942961E-017)) ;
#5257=DIRECTION('Axis2P3D Direction',(-0.999961923064,0.,-0.00872653549837)) ;
#5258=DIRECTION('Axis2P3D XDirection',(0.,1.,0.)) ;
#5262=DIRECTION('Vector Direction',(0.,1.,0.)) ;
#5280=DIRECTION('Axis2P3D Direction',(-5.56872366953E-017,0.999961923064,0.00872653549837)) ;
#5281=DIRECTION('Axis2P3D XDirection',(1.,5.56893571754E-017,0.)) ;
#5285=DIRECTION('Vector Direction',(1.,7.12823771845E-017,0.)) ;
#5303=DIRECTION('Vector Direction',(0.,-1.,0.)) ;
#5310=DIRECTION('Vector Direction',(0.,1.,0.)) ;
#5317=DIRECTION('Vector Direction',(-0.00872620324394,0.00872620325606,0.999923850477)) ;
#5324=DIRECTION('Vector Direction',(0.,-1.,0.)) ;
#5339=DIRECTION('Axis2P3D Direction',(0.999961923064,0.,0.00872653549837)) ;
#5340=DIRECTION('Axis2P3D XDirection',(0.,-1.,0.)) ;
#5350=DIRECTION('Vector Direction',(0.,-1.,0.)) ;
#5362=DIRECTION('Axis2P3D Direction',(-0.,0.999961923064,0.00872653549837)) ;
#5363=DIRECTION('Axis2P3D XDirection',(1.,0.,0.)) ;
#5367=DIRECTION('Vector Direction',(1.,0.,0.)) ;
#5379=DIRECTION('Vector Direction',(-0.0335595933272,0.274430981363,0.961021014424)) ;
#5386=DIRECTION('Vector Direction',(-1.,0.,0.)) ;
#5393=DIRECTION('Vector Direction',(1.,0.,0.)) ;
#5407=DIRECTION('Axis2P3D Direction',(0.999390827019,0.,0.0348994967025)) ;
#5408=DIRECTION('Axis2P3D XDirection',(0.,-1.,0.)) ;
#5412=DIRECTION('Vector Direction',(0.,-1.,0.)) ;
#5444=DIRECTION('Vector Direction',(1.,0.,0.)) ;
#5451=DIRECTION('Vector Direction',(-1.,0.,0.)) ;
#5465=DIRECTION('Axis2P3D Direction',(0.,0.999847695156,-0.0174524064373)) ;
#5466=DIRECTION('Axis2P3D XDirection',(0.461803951069,0.0154799707842,0.886846932273)) ;
#5470=DIRECTION('Axis2P3D Direction',(1.,-1.69540555291E-017,-9.71297190746E-016)) ;
#5481=DIRECTION('Axis2P3D Direction',(-1.,0.,0.)) ;
#5482=DIRECTION('Axis2P3D XDirection',(0.,0.999847695156,-0.0174524064373)) ;
#5486=DIRECTION('Axis2P3D Direction',(-1.,0.,0.)) ;
#5498=DIRECTION('Axis2P3D Direction',(0.,0.,-1.)) ;
#5499=DIRECTION('Axis2P3D XDirection',(-0.454070247191,-0.890965886337,0.)) ;
#5503=DIRECTION('Axis2P3D Direction',(4.99600361081E-015,-1.,0.)) ;
#5514=DIRECTION('Axis2P3D Direction',(0.,1.,0.)) ;
#5515=DIRECTION('Axis2P3D XDirection',(0.,0.,-1.)) ;
#5526=DIRECTION('Axis2P3D Direction',(-0.0174497491607,0.0174497491607,0.999695459882)) ;
#5527=DIRECTION('Axis2P3D XDirection',(2.21285663404E-016,0.999847695156,-0.0174524064373)) ;
#5531=DIRECTION('Vector Direction',(-0.0174497491607,0.0174497491607,0.999695459882)) ;
#5538=DIRECTION('Axis2P3D Direction',(-0.0174497491607,0.0174497491607,0.999695459882)) ;
#5550=DIRECTION('Axis2P3D Direction',(0.,-0.999847695156,0.0174524064373)) ;
#5551=DIRECTION('Axis2P3D XDirection',(1.,0.,0.)) ;
#5585=DIRECTION('Vector Direction',(1.,0.,0.)) ;
#5590=DIRECTION('Vector Direction',(1.,0.,0.)) ;
#5606=DIRECTION('Axis2P3D Direction',(0.999847695156,1.73472347598E-018,-0.0174524064373)) ;
#5607=DIRECTION('Axis2P3D XDirection',(-0.00778627564054,-0.894961497641,-0.446075432693)) ;
#5624=DIRECTION('Axis2P3D Direction',(0.999847695156,-1.73472347598E-018,-0.0174524064373)) ;
#5625=DIRECTION('Axis2P3D XDirection',(0.0154799707842,-0.461803951069,0.886846932273)) ;
#5642=DIRECTION('Axis2P3D Direction',(-0.,0.,1.)) ;
#5643=DIRECTION('Axis2P3D XDirection',(0.,-1.,0.)) ;
#5647=DIRECTION('Vector Direction',(0.,-1.,0.)) ;
#5656=DIRECTION('Vector Direction',(-1.,0.,0.)) ;
#5663=DIRECTION('Vector Direction',(0.,1.,0.)) ;
#5670=DIRECTION('Vector Direction',(1.,0.,0.)) ;
#5675=DIRECTION('Vector Direction',(1.,0.,0.)) ;
#5682=DIRECTION('Vector Direction',(0.,-1.,0.)) ;
#5689=DIRECTION('Vector Direction',(1.,0.,0.)) ;
#5704=DIRECTION('Vector Direction',(0.,1.,0.)) ;
#5713=DIRECTION('Vector Direction',(-1.,0.,0.)) ;
#5720=DIRECTION('Vector Direction',(0.,-1.,0.)) ;
#5727=DIRECTION('Vector Direction',(-1.,0.,0.)) ;
#5734=DIRECTION('Vector Direction',(0.,-1.,0.)) ;
#5741=DIRECTION('Vector Direction',(1.,0.,0.)) ;
#5754=DIRECTION('Axis2P3D Direction',(-0.,0.,1.)) ;
#5763=DIRECTION('Axis2P3D Direction',(-0.,0.,1.)) ;
#5772=DIRECTION('Axis2P3D Direction',(-0.,0.,1.)) ;
#5781=DIRECTION('Axis2P3D Direction',(-0.,0.,1.)) ;
#5791=DIRECTION('Axis2P3D Direction',(1.06907280798E-016,0.999847695156,-0.0174524064373)) ;
#5792=DIRECTION('Axis2P3D XDirection',(-1.,1.06923565775E-016,0.)) ;
#5796=DIRECTION('Vector Direction',(-1.,1.06923565775E-016,0.)) ;
#5811=DIRECTION('Vector Direction',(-1.,1.06923565775E-016,0.)) ;
#5816=DIRECTION('Vector Direction',(-1.,1.06923565775E-016,0.)) ;
#5860=DIRECTION('Axis2P3D Direction',(-0.,0.,1.)) ;
#5861=DIRECTION('Axis2P3D XDirection',(0.,-1.,0.)) ;
#5865=DIRECTION('Vector Direction',(0.,-1.,0.)) ;
#5874=DIRECTION('Vector Direction',(-1.,0.,0.)) ;
#5881=DIRECTION('Vector Direction',(0.,1.,0.)) ;
#5888=DIRECTION('Vector Direction',(-1.,0.,0.)) ;
#5903=DIRECTION('Vector Direction',(0.,-1.,0.)) ;
#5910=DIRECTION('Vector Direction',(-1.,0.,0.)) ;
#5927=DIRECTION('Vector Direction',(0.,1.,0.)) ;
#5936=DIRECTION('Vector Direction',(0.907962911904,-0.41905053467,0.)) ;
#5943=DIRECTION('Vector Direction',(0.995809085439,-0.0914563576595,0.)) ;
#5950=DIRECTION('Vector Direction',(1.,0.,0.)) ;
#5957=DIRECTION('Vector Direction',(0.,1.,0.)) ;
#5964=DIRECTION('Vector Direction',(-1.,0.,0.)) ;
#5971=DIRECTION('Vector Direction',(-0.99555620081,0.0941692679598,0.)) ;
#5978=DIRECTION('Vector Direction',(-0.910362564814,0.41381155202,0.)) ;
#5985=DIRECTION('Vector Direction',(-0.608796498069,0.793326429623,0.)) ;
#5992=DIRECTION('Vector Direction',(-0.231629132757,0.972804165728,0.)) ;
#5999=DIRECTION('Vector Direction',(-1.,0.,0.)) ;
#6006=DIRECTION('Vector Direction',(0.,-1.,0.)) ;
#6013=DIRECTION('Vector Direction',(1.,0.,0.)) ;
#6033=DIRECTION('Axis2P3D Direction',(-0.,0.,1.)) ;
#6042=DIRECTION('Axis2P3D Direction',(-0.,0.,1.)) ;
#6051=DIRECTION('Axis2P3D Direction',(-0.,0.,1.)) ;
#6060=DIRECTION('Axis2P3D Direction',(-0.,0.,1.)) ;
#6070=DIRECTION('Axis2P3D Direction',(1.11022302463E-015,-9.86076131526E-032,-1.)) ;
#6071=DIRECTION('Axis2P3D XDirection',(-0.890965886337,0.454070247191,-1.11025530751E-015)) ;
#6075=DIRECTION('Axis2P3D Direction',(-1.,2.15105711021E-015,-1.11022302463E-015)) ;
#6086=DIRECTION('Axis2P3D Direction',(0.,0.,-1.)) ;
#6087=DIRECTION('Axis2P3D XDirection',(0.454070247191,0.890965886337,0.)) ;
#6091=DIRECTION('Axis2P3D Direction',(1.,2.91433543964E-015,0.)) ;
#6102=DIRECTION('Vector Direction',(0.,1.,0.)) ;
#6111=DIRECTION('Vector Direction',(-1.,0.,0.)) ;
#6118=DIRECTION('Vector Direction',(0.,-1.,0.)) ;
#6125=DIRECTION('Vector Direction',(1.,0.,0.)) ;
#6132=DIRECTION('Vector Direction',(0.,-1.,0.)) ;
#6149=DIRECTION('Vector Direction',(1.,0.,0.)) ;
#6154=DIRECTION('Vector Direction',(-1.,0.,0.)) ;
#6171=DIRECTION('Vector Direction',(0.0475950487756,0.998866713497,0.)) ;
#6180=DIRECTION('Vector Direction',(-0.135702603827,0.990749616863,0.)) ;
#6187=DIRECTION('Vector Direction',(-0.4472135955,0.894427191,0.)) ;
#6194=DIRECTION('Vector Direction',(-0.681433276058,0.731880243128,0.)) ;
#6201=DIRECTION('Vector Direction',(-0.810118245893,0.586266515904,0.)) ;
#6208=DIRECTION('Vector Direction',(-0.858222285904,0.51327819745,0.)) ;
#6215=DIRECTION('Vector Direction',(-0.803946417546,0.594701738449,0.)) ;
#6222=DIRECTION('Vector Direction',(-0.53907940558,0.842254946248,0.)) ;
#6229=DIRECTION('Vector Direction',(-0.18326830055,0.983062932885,0.)) ;
#6236=DIRECTION('Vector Direction',(0.177460223532,0.984127973926,0.)) ;
#6243=DIRECTION('Vector Direction',(0.533319846585,0.84591367245,0.)) ;
#6250=DIRECTION('Vector Direction',(0.859117232095,0.511778840436,0.)) ;
#6257=DIRECTION('Vector Direction',(0.986823950965,0.161797681697,0.)) ;
#6264=DIRECTION('Vector Direction',(0.984789302674,-0.173752782245,0.)) ;
#6271=DIRECTION('Vector Direction',(0.842264009732,-0.539065244576,0.)) ;
#6278=DIRECTION('Vector Direction',(0.497872472276,-0.867250253013,0.)) ;
#6285=DIRECTION('Vector Direction',(0.132146043375,-0.991230257418,0.)) ;
#6292=DIRECTION('Vector Direction',(1.,0.,0.)) ;
#6299=DIRECTION('Vector Direction',(-0.169221837675,0.985577987606,0.)) ;
#6306=DIRECTION('Vector Direction',(-0.530025734244,0.847981557016,0.)) ;
#6313=DIRECTION('Vector Direction',(-0.841159498201,0.540787110225,0.)) ;
#6320=DIRECTION('Vector Direction',(-0.986112031154,0.166081492087,0.)) ;
#6327=DIRECTION('Vector Direction',(-0.985452384233,-0.169951753179,0.)) ;
#6334=DIRECTION('Vector Direction',(-0.858644298114,-0.512571916238,0.)) ;
#6341=DIRECTION('Vector Direction',(-0.557684354717,-0.830053107038,0.)) ;
#6348=DIRECTION('Vector Direction',(-0.177830341869,-0.984061161468,0.)) ;
#6355=DIRECTION('Vector Direction',(0.176650990747,-0.984273553169,0.)) ;
#6362=DIRECTION('Vector Direction',(0.536885483426,-0.843655129591,0.)) ;
#6369=DIRECTION('Vector Direction',(0.790419454788,-0.612565984602,0.)) ;
#6376=DIRECTION('Vector Direction',(0.869773332618,-0.493451466576,0.)) ;
#6383=DIRECTION('Vector Direction',(0.838159828767,-0.545424698232,0.)) ;
#6390=DIRECTION('Vector Direction',(0.739195082935,-0.673491372896,0.)) ;
#6397=DIRECTION('Vector Direction',(0.554701423425,-0.832049476204,0.)) ;
#6404=DIRECTION('Vector Direction',(0.237864887793,-0.97129825242,0.)) ;
#6411=DIRECTION('Vector Direction',(-1.,0.,0.)) ;
#6418=DIRECTION('Vector Direction',(0.,-1.,0.)) ;
#6425=DIRECTION('Vector Direction',(1.,0.,0.)) ;
#6469=DIRECTION('Axis2P3D Direction',(-0.,0.,1.)) ;
#6478=DIRECTION('Axis2P3D Direction',(-0.,0.,1.)) ;
#6487=DIRECTION('Axis2P3D Direction',(-0.,0.,1.)) ;
#6496=DIRECTION('Axis2P3D Direction',(-0.,0.,1.)) ;
#6506=DIRECTION('Axis2P3D Direction',(0.,0.999847695156,0.0174524064373)) ;
#6507=DIRECTION('Axis2P3D XDirection',(-1.,0.,0.)) ;
#6517=DIRECTION('Vector Direction',(-1.,0.,0.)) ;
#6529=DIRECTION('Axis2P3D Direction',(-1.,-0.,0.)) ;
#6530=DIRECTION('Axis2P3D XDirection',(0.,4.16333634234E-016,-1.)) ;
#6548=DIRECTION('Axis2P3D Direction',(1.,0.,0.)) ;
#6549=DIRECTION('Axis2P3D XDirection',(0.,-0.999847695156,-0.0174524064373)) ;
#6553=DIRECTION('Axis2P3D Direction',(1.,0.,0.)) ;
#6572=DIRECTION('Axis2P3D Direction',(-0.0348941878126,0.0174417781381,-0.999238800304)) ;
#6573=DIRECTION('Axis2P3D XDirection',(0.999390827019,6.17344717013E-016,-0.0348994967025)) ;
#6577=DIRECTION('Axis2P3D Direction',(-0.0348941878126,0.0174417781381,-0.999238800304)) ;
#6584=DIRECTION('Axis2P3D Direction',(-0.0348941878126,0.0174417781381,-0.999238800304)) ;
#6591=DIRECTION('Vector Direction',(-0.0348941878126,0.0174417781381,-0.999238800304)) ;
#6697=DIRECTION('Axis2P3D Direction',(0.0348941878126,0.0174417781381,-0.999238800304)) ;
#6698=DIRECTION('Axis2P3D XDirection',(0.,-0.999847695156,-0.0174524064373)) ;
#6702=DIRECTION('Axis2P3D Direction',(0.0348941878126,0.0174417781381,-0.999238800304)) ;
#6709=DIRECTION('Vector Direction',(0.0348941878126,0.0174417781381,-0.999238800304)) ;
#6721=DIRECTION('Axis2P3D Direction',(-0.999847695156,-2.60208521397E-018,-0.0174524064373)) ;
#6722=DIRECTION('Axis2P3D XDirection',(0.00778627564054,0.894961497641,-0.446075432693)) ;
#6726=DIRECTION('Axis2P3D Direction',(-1.08990356973E-017,1.,6.24405336908E-016)) ;
#6737=DIRECTION('Axis2P3D Direction',(-0.0174497491607,-0.0174497491607,0.999695459882)) ;
#6738=DIRECTION('Axis2P3D XDirection',(-0.999847695156,0.,-0.0174524064373)) ;
#6742=DIRECTION('Axis2P3D Direction',(-0.0174497491607,-0.0174497491607,0.999695459882)) ;
#6766=DIRECTION('Axis2P3D Direction',(0.,-1.,-0.)) ;
#6767=DIRECTION('Axis2P3D XDirection',(-0.999847695156,0.,-0.0174524064373)) ;
#6771=DIRECTION('Axis2P3D Direction',(0.,-1.,-0.)) ;
#6776=DIRECTION('Axis2P3D Direction',(0.,-1.,-0.)) ;
#6788=DIRECTION('Axis2P3D Direction',(-0.0174497491607,0.0174497491607,0.999695459882)) ;
#6789=DIRECTION('Axis2P3D XDirection',(2.19821990471E-016,0.999847695156,-0.0174524064373)) ;
#6793=DIRECTION('Axis2P3D Direction',(-0.0174497491607,0.0174497491607,0.999695459882)) ;
#6817=DIRECTION('Axis2P3D Direction',(0.,-1.,-0.)) ;
#6818=DIRECTION('Axis2P3D XDirection',(-0.999847695156,0.,-0.0174524064373)) ;
#6822=DIRECTION('Axis2P3D Direction',(0.,-1.,-0.)) ;
#6834=DIRECTION('Vector Direction',(0.,1.,0.)) ;
#6848=DIRECTION('Axis2P3D Direction',(0.,-1.,-0.)) ;
#6849=DIRECTION('Axis2P3D XDirection',(-0.999847695156,0.,-0.0174524064373)) ;
#6860=DIRECTION('Axis2P3D Direction',(-1.73472347598E-018,-0.999847695156,0.0174524064373)) ;
#6861=DIRECTION('Axis2P3D XDirection',(-0.250415752443,0.0168963447486,0.967990942345)) ;
#6865=DIRECTION('Axis2P3D Direction',(0.0174497491607,0.0174497491607,0.999695459882)) ;
#6884=DIRECTION('Axis2P3D Direction',(0.,1.,0.)) ;
#6885=DIRECTION('Axis2P3D XDirection',(-0.999847695156,0.,0.0174524064373)) ;
#6889=DIRECTION('Axis2P3D Direction',(0.,1.,0.)) ;
#6896=DIRECTION('Vector Direction',(0.,1.,0.)) ;
#6908=DIRECTION('Axis2P3D Direction',(-1.73472347598E-018,0.999847695156,0.0174524064373)) ;
#6909=DIRECTION('Axis2P3D XDirection',(-0.713303818888,0.0122316054537,-0.700748207124)) ;
#6913=DIRECTION('Axis2P3D Direction',(-0.0174497491607,0.0174497491607,-0.999695459882)) ;
#6946=DIRECTION('Vector Direction',(0.,1.,0.)) ;
#6984=DIRECTION('Axis2P3D Direction',(-0.0174497491607,0.0174497491607,-0.999695459882)) ;
#6985=DIRECTION('Axis2P3D XDirection',(-0.999847695156,-2.89156719402E-016,0.0174524064373)) ;
#6989=DIRECTION('Vector Direction',(-0.0174497491607,0.0174497491607,-0.999695459882)) ;
#7001=DIRECTION('Axis2P3D Direction',(0.999847695156,-0.,0.0174524064373)) ;
#7002=DIRECTION('Axis2P3D XDirection',(0.,1.,0.)) ;
#7006=DIRECTION('Vector Direction',(0.,1.,0.)) ;
#7018=DIRECTION('Axis2P3D Direction',(0.,1.,0.)) ;
#7019=DIRECTION('Axis2P3D XDirection',(-1.7694179455E-016,0.,-1.)) ;
#7052=DIRECTION('Vector Direction',(0.,1.,0.)) ;
#7090=DIRECTION('Axis2P3D Direction',(-0.0174497491607,-0.0174497491607,-0.999695459882)) ;
#7091=DIRECTION('Axis2P3D XDirection',(0.,-0.999847695156,0.0174524064373)) ;
#7095=DIRECTION('Axis2P3D Direction',(-0.0174497491607,-0.0174497491607,-0.999695459882)) ;
#7102=DIRECTION('Vector Direction',(-0.0174497491607,-0.0174497491607,-0.999695459882)) ;
#7114=DIRECTION('Axis2P3D Direction',(-1.73472347598E-018,-0.999847695156,0.0174524064373)) ;
#7115=DIRECTION('Axis2P3D XDirection',(-0.250415752443,0.0168963447486,0.967990942345)) ;
#7131=DIRECTION('Axis2P3D Direction',(0.,1.,0.)) ;
#7132=DIRECTION('Axis2P3D XDirection',(-0.999847695156,0.,0.0174524064373)) ;
#7136=DIRECTION('Axis2P3D Direction',(0.,1.,0.)) ;
#7143=DIRECTION('Vector Direction',(0.,1.,0.)) ;
#7155=DIRECTION('Axis2P3D Direction',(0.,0.999847695156,0.0174524064373)) ;
#7156=DIRECTION('Axis2P3D XDirection',(-0.713303818888,0.0122316054537,-0.700748207124)) ;
#7160=DIRECTION('Axis2P3D Direction',(-0.0174497491607,0.0174497491607,-0.999695459882)) ;
#7171=DIRECTION('Axis2P3D Direction',(-0.0174497491607,0.0174497491607,-0.999695459882)) ;
#7172=DIRECTION('Axis2P3D XDirection',(-0.999847695156,-2.98426647977E-016,0.0174524064373)) ;
#7176=DIRECTION('Vector Direction',(-0.0174497491607,0.0174497491607,-0.999695459882)) ;
#7188=DIRECTION('Axis2P3D Direction',(-0.0174497491607,-0.0174497491607,-0.999695459882)) ;
#7189=DIRECTION('Axis2P3D XDirection',(0.,-0.999847695156,0.0174524064373)) ;
#7193=DIRECTION('Vector Direction',(-0.0174497491607,-0.0174497491607,-0.999695459882)) ;
#7205=DIRECTION('Axis2P3D Direction',(0.,-0.999961923064,0.00872653549837)) ;
#7206=DIRECTION('Axis2P3D XDirection',(-1.,0.,0.)) ;
#7256=DIRECTION('Vector Direction',(-1.,0.,0.)) ;
#7261=DIRECTION('Vector Direction',(-1.,0.,0.)) ;
#7303=DIRECTION('Axis2P3D Direction',(0.,0.,1.)) ;
#7304=DIRECTION('Axis2P3D XDirection',(-1.,0.,0.)) ;
#7308=DIRECTION('Vector Direction',(1.,0.,0.)) ;
#7315=DIRECTION('Vector Direction',(0.,1.,0.)) ;
#7327=DIRECTION('Axis2P3D Direction',(-3.78673209514E-017,0.999961923064,0.00872653549837)) ;
#7328=DIRECTION('Axis2P3D XDirection',(1.,3.78687628779E-017,0.)) ;
#7332=DIRECTION('Vector Direction',(1.,3.56411885909E-017,0.)) ;
#7350=DIRECTION('Axis2P3D Direction',(0.,0.,1.)) ;
#7351=DIRECTION('Axis2P3D XDirection',(1.,0.,0.)) ;
#7355=DIRECTION('Vector Direction',(1.,0.,0.)) ;
#7362=DIRECTION('Vector Direction',(0.,1.,0.)) ;
#7374=DIRECTION('Axis2P3D Direction',(0.,-0.999961923064,0.00872653549837)) ;
#7375=DIRECTION('Axis2P3D XDirection',(-1.,0.,0.)) ;
#7379=DIRECTION('Vector Direction',(-1.,0.,0.)) ;
#7384=DIRECTION('Vector Direction',(-1.,0.,0.)) ;
#7428=DIRECTION('Axis2P3D Direction',(0.,0.,1.)) ;
#7429=DIRECTION('Axis2P3D XDirection',(1.,0.,0.)) ;
#7433=DIRECTION('Vector Direction',(0.,1.,0.)) ;
#7442=DIRECTION('Vector Direction',(-1.,0.,0.)) ;
#7449=DIRECTION('Vector Direction',(0.,1.,0.)) ;
#7456=DIRECTION('Axis2P3D Direction',(0.,0.,1.)) ;
#7463=DIRECTION('Vector Direction',(0.,-1.,0.)) ;
#7470=DIRECTION('Vector Direction',(-1.,0.,0.)) ;
#7475=DIRECTION('Vector Direction',(1.,0.,0.)) ;
#7482=DIRECTION('Vector Direction',(0.,-1.,0.)) ;
#7489=DIRECTION('Axis2P3D Direction',(0.,0.,1.)) ;
#7509=DIRECTION('Axis2P3D Direction',(0.,1.,-0.)) ;
#7510=DIRECTION('Axis2P3D XDirection',(-1.,0.,0.)) ;
#7514=DIRECTION('Vector Direction',(1.,0.,0.)) ;
#7521=DIRECTION('Vector Direction',(0.,0.,1.)) ;
#7533=DIRECTION('Axis2P3D Direction',(0.,-0.707106781187,-0.707106781187)) ;
#7534=DIRECTION('Axis2P3D XDirection',(1.,0.,0.)) ;
#7538=DIRECTION('Vector Direction',(1.,0.,0.)) ;
#7545=DIRECTION('Vector Direction',(0.,-0.707106781187,0.707106781187)) ;
#7557=DIRECTION('Axis2P3D Direction',(0.,0.,1.)) ;
#7558=DIRECTION('Axis2P3D XDirection',(1.,0.,0.)) ;
#7562=DIRECTION('Vector Direction',(-1.,0.,0.)) ;
#7569=DIRECTION('Vector Direction',(0.,-1.,0.)) ;
#7576=DIRECTION('Axis2P3D Direction',(0.,0.,1.)) ;
#7583=DIRECTION('Axis2P3D Direction',(0.,0.,1.)) ;
#7590=DIRECTION('Axis2P3D Direction',(0.,0.,1.)) ;
#7597=DIRECTION('Vector Direction',(-1.75910244086E-015,-1.,0.)) ;
#7604=DIRECTION('Vector Direction',(1.,0.,0.)) ;
#7611=DIRECTION('Vector Direction',(-1.75910244086E-015,-1.,0.)) ;
#7618=DIRECTION('Axis2P3D Direction',(0.,0.,1.)) ;
#7625=DIRECTION('Axis2P3D Direction',(0.,0.,1.)) ;
#7632=DIRECTION('Axis2P3D Direction',(0.,0.,1.)) ;
#7639=DIRECTION('Vector Direction',(0.,-1.,0.)) ;
#7644=DIRECTION('Axis2P3D Direction',(0.,0.,1.)) ;
#7651=DIRECTION('Vector Direction',(0.,1.,0.)) ;
#7658=DIRECTION('Vector Direction',(1.,0.,0.)) ;
#7665=DIRECTION('Vector Direction',(0.,-1.,0.)) ;
#7672=DIRECTION('Axis2P3D Direction',(0.,0.,1.)) ;
#7679=DIRECTION('Vector Direction',(1.,0.,0.)) ;
#7686=DIRECTION('Axis2P3D Direction',(0.,0.,1.)) ;
#7693=DIRECTION('Vector Direction',(0.,1.,0.)) ;
#7700=DIRECTION('Vector Direction',(1.,0.,0.)) ;
#7707=DIRECTION('Vector Direction',(0.,-1.,0.)) ;
#7714=DIRECTION('Axis2P3D Direction',(0.,0.,1.)) ;
#7748=DIRECTION('Axis2P3D Direction',(0.,0.,-1.)) ;
#7749=DIRECTION('Axis2P3D XDirection',(0.461356664764,0.8872147586,0.)) ;
#7775=DIRECTION('Axis2P3D Direction',(0.,0.,1.)) ;
#7776=DIRECTION('Axis2P3D XDirection',(1.,0.,0.)) ;
#7780=DIRECTION('Vector Direction',(1.,0.,0.)) ;
#7787=DIRECTION('Vector Direction',(0.,-1.,0.)) ;
#7799=DIRECTION('Axis2P3D Direction',(-7.45027540485E-017,0.999961923064,0.00872653549837)) ;
#7800=DIRECTION('Axis2P3D XDirection',(1.,7.45055909931E-017,0.)) ;
#7804=DIRECTION('Vector Direction',(1.,6.77427071103E-017,0.)) ;
#7821=DIRECTION('Vector Direction',(1.,6.77427071103E-017,0.)) ;
#7836=DIRECTION('Vector Direction',(1.,1.35485414221E-016,0.)) ;
#7856=DIRECTION('Axis2P3D Direction',(-0.,0.,1.)) ;
#7857=DIRECTION('Axis2P3D XDirection',(0.,-1.,0.)) ;
#7861=DIRECTION('Vector Direction',(8.98958520384E-011,-1.,0.)) ;
#7868=DIRECTION('Vector Direction',(-1.,1.29601035332E-011,0.)) ;
#7875=DIRECTION('Vector Direction',(-4.99079803273E-009,-1.,0.)) ;
#7882=DIRECTION('Vector Direction',(-1.,0.,0.)) ;
#7889=DIRECTION('Vector Direction',(1.01047507447E-008,-1.,0.)) ;
#7896=DIRECTION('Vector Direction',(-1.,-6.19051411605E-011,0.)) ;
#7903=DIRECTION('Vector Direction',(-9.96229248446E-009,-1.,0.)) ;
#7910=DIRECTION('Vector Direction',(-1.,0.,0.)) ;
#7917=DIRECTION('Vector Direction',(5.04273706793E-009,-1.,0.)) ;
#7924=DIRECTION('Vector Direction',(-1.,-1.29601035246E-011,0.)) ;
#7931=DIRECTION('Vector Direction',(-5.97082840953E-011,-1.,0.)) ;
#7959=DIRECTION('Axis2P3D Direction',(0.,-0.999961923064,-0.00872653549837)) ;
#7960=DIRECTION('Axis2P3D XDirection',(0.,0.00872653549837,-0.999961923064)) ;
#7964=DIRECTION('Vector Direction',(1.,0.,0.)) ;
#7977=DIRECTION('Axis2P3D Direction',(-0.,0.,1.)) ;
#7978=DIRECTION('Axis2P3D XDirection',(0.,-1.,0.)) ;
#7982=DIRECTION('Vector Direction',(1.,0.,0.)) ;
#7994=DIRECTION('Axis2P3D Direction',(0.,-0.999961923064,0.00872653549837)) ;
#7995=DIRECTION('Axis2P3D XDirection',(0.,-0.00872653549837,-0.999961923064)) ;
#8007=DIRECTION('Vector Direction',(-1.31722706116E-010,-1.,0.)) ;
#8014=DIRECTION('Vector Direction',(-1.,1.29601035193E-011,0.)) ;
#8021=DIRECTION('Vector Direction',(-5.04271010762E-009,-1.,0.)) ;
#8028=DIRECTION('Vector Direction',(-1.,0.,0.)) ;
#8035=DIRECTION('Vector Direction',(9.96229248446E-009,-1.,0.)) ;
#8042=DIRECTION('Vector Direction',(-1.,6.19017624687E-011,0.)) ;
#8049=DIRECTION('Vector Direction',(-1.01047507447E-008,-1.,0.)) ;
#8056=DIRECTION('Vector Direction',(-1.,0.,0.)) ;
#8063=DIRECTION('Vector Direction',(4.99078455257E-009,-1.,0.)) ;
#8070=DIRECTION('Vector Direction',(-1.,-1.29606715081E-011,0.)) ;
#8077=DIRECTION('Vector Direction',(-9.98801113747E-012,-1.,0.)) ;
#8082=DIRECTION('Vector Direction',(-1.,0.,0.)) ;
#8110=DIRECTION('Axis2P3D Direction',(0.,0.999961923064,-0.00872653549837)) ;
#8111=DIRECTION('Axis2P3D XDirection',(1.,0.,0.)) ;
#8115=DIRECTION('Vector Direction',(1.,0.,0.)) ;
#8124=DIRECTION('Vector Direction',(1.,0.,0.)) ;
#8131=DIRECTION('Vector Direction',(1.,0.,0.)) ;
#8138=DIRECTION('Vector Direction',(1.,0.,0.)) ;
#8145=DIRECTION('Vector Direction',(1.,0.,0.)) ;
#8150=DIRECTION('Vector Direction',(1.,0.,0.)) ;
#8167=DIRECTION('Axis2P3D Direction',(0.,0.,-1.)) ;
#8168=DIRECTION('Axis2P3D XDirection',(-1.,0.,0.)) ;
#8172=DIRECTION('Vector Direction',(0.,1.,0.)) ;
#8185=DIRECTION('Axis2P3D Direction',(0.,0.,1.)) ;
#8186=DIRECTION('Axis2P3D XDirection',(1.,0.,0.)) ;
#8190=DIRECTION('Axis2P3D Direction',(0.,0.,1.)) ;
#8199=DIRECTION('Vector Direction',(0.,-1.,0.)) ;
#8206=DIRECTION('Vector Direction',(1.,0.,0.)) ;
#8213=DIRECTION('Vector Direction',(0.,1.,0.)) ;
#8218=DIRECTION('Vector Direction',(0.,1.,0.)) ;
#8225=DIRECTION('Vector Direction',(-1.,0.,0.)) ;
#8232=DIRECTION('Vector Direction',(0.,-1.,0.)) ;
#8239=DIRECTION('Axis2P3D Direction',(0.,0.,1.)) ;
#8246=DIRECTION('Vector Direction',(0.,1.,0.)) ;
#8253=DIRECTION('Vector Direction',(-1.,0.,0.)) ;
#8260=DIRECTION('Vector Direction',(0.,1.,0.)) ;
#8280=DIRECTION('Axis2P3D Direction',(-0.999961923064,0.,0.00872653549837)) ;
#8281=DIRECTION('Axis2P3D XDirection',(0.,1.,0.)) ;
#8291=DIRECTION('Vector Direction',(0.,1.,0.)) ;
#8306=DIRECTION('Vector Direction',(0.,1.,0.)) ;
#8335=DIRECTION('Axis2P3D Direction',(0.,1.,-0.)) ;
#8336=DIRECTION('Axis2P3D XDirection',(0.999961923064,-0.,-0.00872653549837)) ;
#8361=DIRECTION('Axis2P3D Direction',(-0.999961923064,0.,-0.00872653549837)) ;
#8362=DIRECTION('Axis2P3D XDirection',(0.,1.,0.)) ;
#8378=DIRECTION('Vector Direction',(0.,1.,0.)) ;
#8393=DIRECTION('Vector Direction',(0.,1.,0.)) ;
#8416=DIRECTION('Axis2P3D Direction',(-0.,-0.999961923064,-0.00872653549837)) ;
#8417=DIRECTION('Axis2P3D XDirection',(-1.,0.,0.)) ;
#8456=DIRECTION('Axis2P3D Direction',(0.,0.,-1.)) ;
#8457=DIRECTION('Axis2P3D XDirection',(-1.,0.,0.)) ;
#8461=DIRECTION('Vector Direction',(1.,0.,0.)) ;
#8468=DIRECTION('Vector Direction',(0.,1.,0.)) ;
#8484=DIRECTION('Vector Direction',(0.,1.,0.)) ;
#8491=DIRECTION('Vector Direction',(-1.,0.,0.)) ;
#8507=DIRECTION('Axis2P3D Direction',(0.999390827019,0.,0.0348994967025)) ;
#8508=DIRECTION('Axis2P3D XDirection',(-0.0348994967025,0.,0.999390827019)) ;
#8512=DIRECTION('Vector Direction',(0.,1.,0.)) ;
#8535=DIRECTION('Vector Direction',(0.,-1.,0.)) ;
#8540=DIRECTION('Vector Direction',(0.0348782627424,0.0348782627424,-0.998782765959)) ;
#8554=DIRECTION('Axis2P3D Direction',(0.,1.,-0.)) ;
#8555=DIRECTION('Axis2P3D XDirection',(-0.999390827019,0.,0.0348994967025)) ;
#8559=DIRECTION('Vector Direction',(0.,1.,0.)) ;
#8572=DIRECTION('Axis2P3D Direction',(-0.999390827019,0.,0.0348994967025)) ;
#8573=DIRECTION('Axis2P3D XDirection',(-0.0348994967025,0.,-0.999390827019)) ;
#8596=DIRECTION('Vector Direction',(0.,-1.,0.)) ;
#8603=DIRECTION('Vector Direction',(0.0348782627411,-0.034878263785,0.998782765922)) ;
#8617=DIRECTION('Vector Direction',(0.,-1.,0.)) ;
#8624=DIRECTION('Vector Direction',(1.,0.,0.)) ;
#8636=DIRECTION('Axis2P3D Direction',(-3.78673209514E-017,0.999961923064,0.00872653549837)) ;
#8637=DIRECTION('Axis2P3D XDirection',(1.,3.78687628779E-017,0.)) ;
#8647=DIRECTION('Vector Direction',(1.,3.56411885909E-017,0.)) ;
#8659=DIRECTION('Vector Direction',(0.,1.,0.)) ;
#8671=DIRECTION('Vector Direction',(0.,0.,1.)) ;
#8678=DIRECTION('Vector Direction',(1.,0.,0.)) ;
#8690=DIRECTION('Axis2P3D Direction',(0.,-0.707106781187,-0.707106781187)) ;
#8691=DIRECTION('Axis2P3D XDirection',(1.,0.,0.)) ;
#8695=DIRECTION('Vector Direction',(0.,-0.707106781187,0.707106781187)) ;
#8707=DIRECTION('Axis2P3D Direction',(0.,0.,-1.)) ;
#8708=DIRECTION('Axis2P3D XDirection',(0.678261537587,0.734820581251,0.)) ;
#8734=DIRECTION('Vector Direction',(-4.57124168578E-015,-1.,0.)) ;
#8746=DIRECTION('Vector Direction',(1.,0.,0.)) ;
#8759=DIRECTION('Vector Direction',(1.,0.,0.)) ;
#8779=DIRECTION('Vector Direction',(0.,1.,0.)) ;
#8792=DIRECTION('Axis2P3D Direction',(-0.999961923064,0.,-0.00872653549837)) ;
#8793=DIRECTION('Axis2P3D XDirection',(0.,1.,0.)) ;
#8797=DIRECTION('Vector Direction',(0.,1.,0.)) ;
#8814=DIRECTION('Vector Direction',(0.,1.,0.)) ;
#8833=DIRECTION('Vector Direction',(0.,1.,0.)) ;
#8875=DIRECTION('Axis2P3D Direction',(-0.999961923064,0.,0.00872653549837)) ;
#8876=DIRECTION('Axis2P3D XDirection',(0.,1.,0.)) ;
#8890=DIRECTION('Vector Direction',(0.,1.,0.)) ;
#8901=DIRECTION('Vector Direction',(0.,1.,0.)) ;
#8920=DIRECTION('Vector Direction',(0.,1.,0.)) ;
#8937=DIRECTION('Vector Direction',(0.,1.,0.)) ;
#8946=DIRECTION('Vector Direction',(-1.,0.,0.)) ;
#8953=DIRECTION('Vector Direction',(0.,1.,0.)) ;
#8960=DIRECTION('Axis2P3D Direction',(0.,0.,1.)) ;
#8967=DIRECTION('Vector Direction',(0.,-1.,0.)) ;
#8974=DIRECTION('Vector Direction',(-1.,0.,0.)) ;
#8979=DIRECTION('Vector Direction',(1.,0.,0.)) ;
#8986=DIRECTION('Vector Direction',(0.,-1.,0.)) ;
#8993=DIRECTION('Axis2P3D Direction',(0.,0.,1.)) ;
#9013=DIRECTION('Axis2P3D Direction',(0.,-0.999961923064,0.00872653549837)) ;
#9014=DIRECTION('Axis2P3D XDirection',(-1.,0.,0.)) ;
#9053=DIRECTION('Vector Direction',(-1.,0.,0.)) ;
#9060=DIRECTION('Vector Direction',(0.,1.,0.)) ;
#9076=DIRECTION('Vector Direction',(0.0348941878126,-0.0174417781381,-0.999238800304)) ;
#9104=DIRECTION('Vector Direction',(0.,1.,0.)) ;
#9111=DIRECTION('Vector Direction',(0.0348782627424,-0.0348782627424,-0.998782765959)) ;
#9116=DIRECTION('Vector Direction',(0.,-1.,0.)) ;
#9130=DIRECTION('Axis2P3D Direction',(0.,1.,-0.)) ;
#9131=DIRECTION('Axis2P3D XDirection',(-0.999390827019,0.,0.0348994967025)) ;
#9151=DIRECTION('Vector Direction',(0.,1.,0.)) ;
#9164=DIRECTION('Vector Direction',(0.,-1.,0.)) ;
#9189=DIRECTION('Vector Direction',(-0.0348941878126,-0.0174417781381,-0.999238800304)) ;
#9194=DIRECTION('Vector Direction',(0.0348782627411,0.034878263785,0.998782765922)) ;
#9208=DIRECTION('Vector Direction',(0.,1.,0.)) ;
#9215=DIRECTION('Vector Direction',(1.,0.,0.)) ;
#9231=DIRECTION('Axis2P3D Direction',(-1.11022302463E-015,0.,-1.)) ;
#9232=DIRECTION('Axis2P3D XDirection',(-0.454070247191,-0.890965886337,5.55127653753E-016)) ;
#9236=DIRECTION('Axis2P3D Direction',(-1.,-2.77555756156E-016,1.11022302463E-015)) ;
#9247=DIRECTION('Axis2P3D Direction',(-1.,0.,0.)) ;
#9248=DIRECTION('Axis2P3D XDirection',(0.,0.999847695156,-0.0174524064373)) ;
#9266=DIRECTION('Axis2P3D Direction',(-1.,0.,0.)) ;
#9267=DIRECTION('Axis2P3D XDirection',(0.,0.999847695156,-0.0174524064373)) ;
#9285=DIRECTION('Axis2P3D Direction',(-0.0348941878126,-0.0174417781381,-0.999238800304)) ;
#9286=DIRECTION('Axis2P3D XDirection',(0.,0.999847695156,-0.0174524064373)) ;
#9290=DIRECTION('Axis2P3D Direction',(-0.0348941878126,-0.0174417781381,-0.999238800304)) ;
#9295=DIRECTION('Axis2P3D Direction',(-0.0348941878126,-0.0174417781381,-0.999238800304)) ;
#9376=DIRECTION('Axis2P3D Direction',(0.0348941878126,-0.0174417781381,-0.999238800304)) ;
#9377=DIRECTION('Axis2P3D XDirection',(-0.999390827019,1.18256099357E-014,-0.0348994967025)) ;
#9381=DIRECTION('Axis2P3D Direction',(0.0348941878126,-0.0174417781381,-0.999238800304)) ;
#9393=DIRECTION('Axis2P3D Direction',(1.,-3.11453244197E-020,-1.78431444098E-018)) ;
#9394=DIRECTION('Axis2P3D XDirection',(-1.78431444098E-018,1.7694179455E-016,-1.)) ;
#9412=DIRECTION('Axis2P3D Direction',(1.,0.,0.)) ;
#9413=DIRECTION('Axis2P3D XDirection',(0.,-0.999847695156,-0.0174524064373)) ;
#9417=DIRECTION('Axis2P3D Direction',(1.,0.,0.)) ;
#9429=DIRECTION('Axis2P3D Direction',(1.,-3.11453244197E-020,-1.78431444098E-018)) ;
#9430=DIRECTION('Axis2P3D XDirection',(-1.78431444098E-018,1.7694179455E-016,-1.)) ;
#9434=DIRECTION('Axis2P3D Direction',(1.,-3.11453244197E-020,-1.78431444098E-018)) ;
#9453=DIRECTION('Axis2P3D Direction',(0.,1.,0.)) ;
#9454=DIRECTION('Axis2P3D XDirection',(0.,0.,-1.)) ;
#9458=DIRECTION('Vector Direction',(0.,1.,0.)) ;
#9467=DIRECTION('Axis2P3D Direction',(0.,1.,0.)) ;
#9487=DIRECTION('Axis2P3D Direction',(-1.,0.,0.)) ;
#9488=DIRECTION('Axis2P3D XDirection',(0.,0.999390827019,-0.0348994967025)) ;
#9502=DIRECTION('Vector Direction',(-1.,0.,0.)) ;
#9514=DIRECTION('Axis2P3D Direction',(0.,-1.,0.)) ;
#9515=DIRECTION('Axis2P3D XDirection',(0.,0.,-1.)) ;
#9519=DIRECTION('Axis2P3D Direction',(0.,-1.,0.)) ;
#9526=DIRECTION('Vector Direction',(0.,-1.,0.)) ;
#9538=DIRECTION('Axis2P3D Direction',(1.8552297088E-016,-9.7232017007E-016,1.)) ;
#9539=DIRECTION('Axis2P3D XDirection',(-0.0441418921646,-0.99902527163,-8.91212923114E-016)) ;
#9543=DIRECTION('Axis2P3D Direction',(-1.49824597173E-013,-1.,-9.7232017007E-016)) ;
#9550=DIRECTION('Axis2P3D Direction',(1.8552297088E-016,-9.7232017007E-016,1.)) ;
#9557=DIRECTION('Axis2P3D Direction',(-1.47548639973E-013,1.,9.7232017007E-016)) ;
#9569=DIRECTION('Axis2P3D Direction',(0.,-0.,1.)) ;
#9570=DIRECTION('Axis2P3D XDirection',(-0.309016994375,0.951056516295,0.)) ;
#9574=DIRECTION('Axis2P3D Direction',(0.,-0.,1.)) ;
#9586=DIRECTION('Axis2P3D Direction',(2.38818870718E-016,-1.3680020857E-015,1.)) ;
#9587=DIRECTION('Axis2P3D XDirection',(0.186360979674,-0.982481340919,-1.78242584623E-015)) ;
#9591=DIRECTION('Axis2P3D Direction',(-1.01751940207E-013,-1.,-1.3680020857E-015)) ;
#9598=DIRECTION('Axis2P3D Direction',(2.38818870718E-016,-1.3680020857E-015,1.)) ;
#9605=DIRECTION('Axis2P3D Direction',(-1.00586206031E-013,1.,1.3680020857E-015)) ;
#9617=DIRECTION('Axis2P3D Direction',(0.,-0.,1.)) ;
#9618=DIRECTION('Axis2P3D XDirection',(-0.964868417429,0.262733585688,0.)) ;
#9622=DIRECTION('Axis2P3D Direction',(0.,-0.,1.)) ;
#9634=DIRECTION('Axis2P3D Direction',(0.0348941878126,-0.0174417781381,-0.999238800304)) ;
#9635=DIRECTION('Axis2P3D XDirection',(-0.999390827019,-3.1793144506E-015,-0.0348994967025)) ;
#9639=DIRECTION('Axis2P3D Direction',(0.0348941878126,-0.0174417781381,-0.999238800304)) ;
#9646=DIRECTION('Axis2P3D Direction',(0.0348941878126,-0.0174417781381,-0.999238800304)) ;
#9653=DIRECTION('Vector Direction',(0.0348941878126,-0.0174417781381,-0.999238800304)) ;
#9759=DIRECTION('Axis2P3D Direction',(0.0348941878126,0.0174417781381,0.999238800304)) ;
#9760=DIRECTION('Axis2P3D XDirection',(0.999390827019,-6.14634211582E-016,-0.0348994967025)) ;
#9764=DIRECTION('Axis2P3D Direction',(0.0348941878126,0.0174417781381,0.999238800304)) ;
#9771=DIRECTION('Vector Direction',(0.0348941878126,0.0174417781381,0.999238800304)) ;
#9783=DIRECTION('Axis2P3D Direction',(0.,1.,0.)) ;
#9784=DIRECTION('Axis2P3D XDirection',(0.,0.,-1.)) ;
#9788=DIRECTION('Axis2P3D Direction',(0.,1.,0.)) ;
#9808=DIRECTION('Axis2P3D Direction',(-1.,0.,0.)) ;
#9809=DIRECTION('Axis2P3D XDirection',(0.,0.999390827019,-0.0348994967025)) ;
#9821=DIRECTION('Vector Direction',(-1.,0.,0.)) ;
#9833=DIRECTION('Axis2P3D Direction',(0.,-1.,0.)) ;
#9834=DIRECTION('Axis2P3D XDirection',(0.,0.,-1.)) ;
#9838=DIRECTION('Axis2P3D Direction',(0.,-1.,0.)) ;
#9850=DIRECTION('Axis2P3D Direction',(-7.9461322023E-017,-1.11554869607E-016,1.)) ;
#9851=DIRECTION('Axis2P3D XDirection',(0.0441418921472,0.999025271631,2.22803230778E-016)) ;
#9855=DIRECTION('Axis2P3D Direction',(1.47770684578E-013,1.,1.11554869607E-016)) ;
#9862=DIRECTION('Axis2P3D Direction',(-7.9461322023E-017,-1.11554869607E-016,1.)) ;
#9869=DIRECTION('Axis2P3D Direction',(1.4743761767E-013,-1.,-1.11554869607E-016)) ;
#9881=DIRECTION('Axis2P3D Direction',(0.,0.,1.)) ;
#9882=DIRECTION('Axis2P3D XDirection',(0.309016994375,-0.951056516295,0.)) ;
#9886=DIRECTION('Axis2P3D Direction',(0.,0.,1.)) ;
#9898=DIRECTION('Axis2P3D Direction',(-1.08582449982E-016,2.18736522727E-016,1.)) ;
#9899=DIRECTION('Axis2P3D XDirection',(-0.186360979674,0.982481340919,-2.22803230778E-016)) ;
#9903=DIRECTION('Axis2P3D Direction',(1.01474384451E-013,1.,-2.18736522727E-016)) ;
#9910=DIRECTION('Axis2P3D Direction',(-1.08582449982E-016,2.18736522727E-016,1.)) ;
#9917=DIRECTION('Axis2P3D Direction',(1.00475183729E-013,-1.,2.18736522727E-016)) ;
#9929=DIRECTION('Axis2P3D Direction',(-0.,0.,1.)) ;
#9930=DIRECTION('Axis2P3D XDirection',(0.964868417737,-0.262733584555,0.)) ;
#9934=DIRECTION('Axis2P3D Direction',(-0.,0.,1.)) ;
#9946=DIRECTION('Axis2P3D Direction',(0.,-1.,0.)) ;
#9947=DIRECTION('Axis2P3D XDirection',(0.,0.,-1.)) ;
#9951=DIRECTION('Axis2P3D Direction',(0.,-1.,0.)) ;
#9971=DIRECTION('Axis2P3D Direction',(-1.,0.,0.)) ;
#9972=DIRECTION('Axis2P3D XDirection',(0.,0.,-1.)) ;
#9984=DIRECTION('Vector Direction',(-1.,0.,0.)) ;
#9996=DIRECTION('Axis2P3D Direction',(0.,1.,0.)) ;
#9997=DIRECTION('Axis2P3D XDirection',(0.,0.,-1.)) ;
#10001=DIRECTION('Axis2P3D Direction',(0.,1.,0.)) ;
#10013=DIRECTION('Axis2P3D Direction',(-0.,0.,1.)) ;
#10014=DIRECTION('Axis2P3D XDirection',(0.929745031968,-0.368203986304,0.)) ;
#10018=DIRECTION('Axis2P3D Direction',(-4.5446979513E-013,1.,-0.)) ;
#10025=DIRECTION('Axis2P3D Direction',(-3.13990350437E-005,-0.999999999507,0.)) ;
#10032=DIRECTION('Axis2P3D Direction',(-0.,0.,1.)) ;
#10044=DIRECTION('Axis2P3D Direction',(0.,-0.,1.)) ;
#10045=DIRECTION('Axis2P3D XDirection',(-0.982279461951,0.18742214018,0.)) ;
#10049=DIRECTION('Axis2P3D Direction',(0.,-0.,1.)) ;
#10061=DIRECTION('Axis2P3D Direction',(-0.,0.,1.)) ;
#10062=DIRECTION('Axis2P3D XDirection',(0.929745090932,-0.368203837417,0.)) ;
#10066=DIRECTION('Axis2P3D Direction',(2.0981436788E-007,1.,0.)) ;
#10073=DIRECTION('Axis2P3D Direction',(-3.12785312274E-005,-0.999999999511,0.)) ;
#10080=DIRECTION('Axis2P3D Direction',(-0.,0.,1.)) ;
#10092=DIRECTION('Axis2P3D Direction',(0.,-0.,1.)) ;
#10093=DIRECTION('Axis2P3D XDirection',(-0.886180948917,0.463339320344,0.)) ;
#10097=DIRECTION('Axis2P3D Direction',(0.,-0.,1.)) ;
#10197=DIRECTION('Axis2P3D Direction',(-0.999847695156,-1.73472347598E-018,-0.0174524064373)) ;
#10198=DIRECTION('Axis2P3D XDirection',(0.00778627564054,0.894961497641,-0.446075432693)) ;
#10208=DIRECTION('Axis2P3D Direction',(-0.999847695156,1.73472347598E-018,-0.0174524064373)) ;
#10209=DIRECTION('Axis2P3D XDirection',(-0.0154799707842,0.461803951069,0.886846932273)) ;
#10219=DIRECTION('Axis2P3D Direction',(0.999847695156,0.,-0.0174524064373)) ;
#10220=DIRECTION('Axis2P3D XDirection',(0.,-1.,0.)) ;
#10231=DIRECTION('Axis2P3D Direction',(0.999847695156,0.,-0.0174524064373)) ;
#10232=DIRECTION('Axis2P3D XDirection',(0.,-1.,0.)) ;
#10243=DIRECTION('Axis2P3D Direction',(0.999961923064,0.,-0.00872653549837)) ;
#10244=DIRECTION('Axis2P3D XDirection',(-0.00872653549837,0.,-0.999961923064)) ;
#10248=DIRECTION('Vector Direction',(0.,1.,0.)) ;
#10262=DIRECTION('Axis2P3D Direction',(-0.999961923064,0.,0.00872653549837)) ;
#10263=DIRECTION('Axis2P3D XDirection',(0.00872653549837,0.,0.999961923064)) ;
#10267=DIRECTION('Vector Direction',(-0.00872121993311,-0.0348981696893,-0.999352819616)) ;
#10274=DIRECTION('Vector Direction',(-0.00872121993319,-0.034898169455,-0.999352819625)) ;
#10281=DIRECTION('Vector Direction',(0.,1.,0.)) ;
#10294=DIRECTION('Axis2P3D Direction',(0.,1.,-0.)) ;
#10295=DIRECTION('Axis2P3D XDirection',(0.999961923064,-0.,-0.00872653549837)) ;
#10315=DIRECTION('Vector Direction',(0.,1.,0.)) ;
#10327=DIRECTION('Axis2P3D Direction',(-0.999961923064,0.,-0.00872653549837)) ;
#10328=DIRECTION('Axis2P3D XDirection',(-0.00872653549837,0.,0.999961923064)) ;
#10332=DIRECTION('Vector Direction',(0.00872121993319,-0.034898169455,-0.999352819625)) ;
#10339=DIRECTION('Vector Direction',(0.00872121993311,-0.0348981696893,-0.999352819616)) ;
#10352=DIRECTION('Axis2P3D Direction',(-0.999961923064,0.,-0.00872653549837)) ;
#10353=DIRECTION('Axis2P3D XDirection',(-0.00872653549837,0.,0.999961923064)) ;
#10357=DIRECTION('Vector Direction',(0.,1.,0.)) ;
#10371=DIRECTION('Axis2P3D Direction',(0.,1.,-0.)) ;
#10372=DIRECTION('Axis2P3D XDirection',(0.999961923064,-0.,-0.00872653549837)) ;
#10383=DIRECTION('Axis2P3D Direction',(1.,0.,0.)) ;
#10384=DIRECTION('Axis2P3D XDirection',(0.,1.,0.)) ;
#10388=DIRECTION('Vector Direction',(0.,0.707106781187,-0.707106781187)) ;
#10395=DIRECTION('Vector Direction',(0.,0.,1.)) ;
#10400=DIRECTION('Vector Direction',(0.,0.,1.)) ;
#10413=DIRECTION('Vector Direction',(0.,0.,1.)) ;
#10420=DIRECTION('Vector Direction',(1.,0.,0.)) ;
#10432=DIRECTION('Axis2P3D Direction',(1.,0.,0.)) ;
#10433=DIRECTION('Axis2P3D XDirection',(0.,1.,0.)) ;
#10437=DIRECTION('Vector Direction',(0.,0.,1.)) ;
#10442=DIRECTION('Vector Direction',(0.,0.707106781187,-0.707106781187)) ;
#10455=DIRECTION('Axis2P3D Direction',(0.,0.,1.)) ;
#10456=DIRECTION('Axis2P3D XDirection',(-1.,1.22464679915E-016,0.)) ;
#10460=DIRECTION('Axis2P3D Direction',(0.,0.,1.)) ;
#10469=DIRECTION('Vector Direction',(0.,0.,1.)) ;
#10474=DIRECTION('Vector Direction',(0.,0.,1.)) ;
#10479=DIRECTION('Vector Direction',(0.,0.,1.)) ;
#10495=DIRECTION('Axis2P3D Direction',(-1.,0.,0.)) ;
#10496=DIRECTION('Axis2P3D XDirection',(0.,-1.,0.)) ;
#10508=DIRECTION('Axis2P3D Direction',(-1.,0.,0.)) ;
#10509=DIRECTION('Axis2P3D XDirection',(0.,-1.,0.)) ;
#10513=DIRECTION('Vector Direction',(0.,0.,1.)) ;
#10526=DIRECTION('Axis2P3D Direction',(0.,0.,1.)) ;
#10527=DIRECTION('Axis2P3D XDirection',(1.,0.,0.)) ;
#10531=DIRECTION('Axis2P3D Direction',(0.,0.,1.)) ;
#10540=DIRECTION('Vector Direction',(0.,0.,1.)) ;
#10545=DIRECTION('Vector Direction',(0.,0.,1.)) ;
#10561=DIRECTION('Axis2P3D Direction',(0.,0.,1.)) ;
#10573=DIRECTION('Axis2P3D Direction',(0.,-0.707106781187,-0.707106781187)) ;
#10574=DIRECTION('Axis2P3D XDirection',(1.,0.,0.)) ;
#10585=DIRECTION('Axis2P3D Direction',(0.,0.,1.)) ;
#10597=DIRECTION('Axis2P3D Direction',(-0.999961923064,0.,0.00872653549837)) ;
#10598=DIRECTION('Axis2P3D XDirection',(0.,-1.,0.)) ;
#10609=DIRECTION('Axis2P3D Direction',(-0.999961923064,2.47808203238E-017,-0.00872653549837)) ;
#10610=DIRECTION('Axis2P3D XDirection',(-2.47817639375E-017,-1.,0.)) ;
#10614=DIRECTION('Vector Direction',(0.,-1.,0.)) ;
#10634=DIRECTION('Axis2P3D Direction',(0.,0.,-1.)) ;
#10635=DIRECTION('Axis2P3D XDirection',(0.461356664764,0.8872147586,0.)) ;
#10661=DIRECTION('Axis2P3D Direction',(-3.85195637307E-017,0.999961923064,-0.00872653549837)) ;
#10662=DIRECTION('Axis2P3D XDirection',(-1.,-3.85210304935E-017,0.)) ;
#10666=DIRECTION('Vector Direction',(-1.,-3.42409159942E-017,0.)) ;
#10686=DIRECTION('Axis2P3D Direction',(0.,0.,-1.)) ;
#10687=DIRECTION('Axis2P3D XDirection',(0.678261537587,0.734820581251,0.)) ;
#10713=DIRECTION('Axis2P3D Direction',(-0.999961923064,-2.47808203316E-017,0.00872653549837)) ;
#10714=DIRECTION('Axis2P3D XDirection',(2.47817639452E-017,-1.,0.)) ;
#10718=DIRECTION('Vector Direction',(0.,-1.,0.)) ;
#10730=DIRECTION('Axis2P3D Direction',(-0.999961923064,-0.,-0.00872653549837)) ;
#10731=DIRECTION('Axis2P3D XDirection',(0.,-1.,0.)) ;
#10751=DIRECTION('Axis2P3D Direction',(1.78199157422E-017,-0.999961923064,0.00872653549837)) ;
#10752=DIRECTION('Axis2P3D XDirection',(-1.,-1.78205942958E-017,0.)) ;
#10762=DIRECTION('Vector Direction',(-1.,-1.78205942958E-017,0.)) ;
#10774=DIRECTION('Axis2P3D Direction',(-0.999961923064,0.,-0.00872653549837)) ;
#10775=DIRECTION('Axis2P3D XDirection',(0.,1.,0.)) ;
#10779=DIRECTION('Vector Direction',(0.,1.,0.)) ;
#10796=DIRECTION('Vector Direction',(0.,1.,0.)) ;
#10821=DIRECTION('Axis2P3D Direction',(0.,-0.707106781187,0.707106781187)) ;
#10822=DIRECTION('Axis2P3D XDirection',(0.,-0.707106781187,-0.707106781187)) ;
#10826=DIRECTION('Vector Direction',(-0.00617070990691,-0.707093318572,-0.707093318572)) ;
#10833=DIRECTION('Vector Direction',(1.,0.,0.)) ;
#10845=DIRECTION('Axis2P3D Direction',(-0.999961923064,0.,0.00872653549837)) ;
#10846=DIRECTION('Axis2P3D XDirection',(0.,1.,0.)) ;
#10850=DIRECTION('Vector Direction',(0.,1.,0.)) ;
#10867=DIRECTION('Vector Direction',(0.,1.,0.)) ;
#10892=DIRECTION('Axis2P3D Direction',(1.78199157422E-017,-0.999961923064,0.00872653549837)) ;
#10893=DIRECTION('Axis2P3D XDirection',(-1.,-1.78205942958E-017,0.)) ;
#10903=DIRECTION('Vector Direction',(-1.,-1.78205942958E-017,0.)) ;
#10915=DIRECTION('Axis2P3D Direction',(-0.999961923064,0.,-0.00872653549837)) ;
#10916=DIRECTION('Axis2P3D XDirection',(0.,1.,0.)) ;
#10920=DIRECTION('Vector Direction',(0.,1.,0.)) ;
#10937=DIRECTION('Vector Direction',(0.,1.,0.)) ;
#10962=DIRECTION('Vector Direction',(-0.00617070990691,-0.707093318572,-0.707093318572)) ;
#10969=DIRECTION('Vector Direction',(1.,0.,0.)) ;
#10981=DIRECTION('Axis2P3D Direction',(-0.999961923064,0.,0.00872653549837)) ;
#10982=DIRECTION('Axis2P3D XDirection',(0.,1.,0.)) ;
#10986=DIRECTION('Vector Direction',(0.,1.,0.)) ;
#11003=DIRECTION('Vector Direction',(0.,1.,0.)) ;
#11028=DIRECTION('Axis2P3D Direction',(1.78199157422E-017,-0.999961923064,0.00872653549837)) ;
#11029=DIRECTION('Axis2P3D XDirection',(-1.,-1.78205942958E-017,0.)) ;
#11033=DIRECTION('Vector Direction',(-1.,-1.78205942958E-017,0.)) ;
#11045=DIRECTION('Axis2P3D Direction',(-1.78199157422E-017,-0.999961923064,-0.00872653549837)) ;
#11046=DIRECTION('Axis2P3D XDirection',(-1.,1.78205942958E-017,0.)) ;
#11050=DIRECTION('Vector Direction',(-1.,1.78205942958E-017,0.)) ;
#11068=DIRECTION('Axis2P3D Direction',(-0.999961923064,0.,0.00872653549837)) ;
#11069=DIRECTION('Axis2P3D XDirection',(0.,1.,0.)) ;
#11073=DIRECTION('Vector Direction',(0.,1.,0.)) ;
#11090=DIRECTION('Vector Direction',(0.,1.,0.)) ;
#11115=DIRECTION('Axis2P3D Direction',(0.,-0.707106781187,-0.707106781187)) ;
#11116=DIRECTION('Axis2P3D XDirection',(0.,0.707106781187,-0.707106781187)) ;
#11120=DIRECTION('Vector Direction',(0.00617070990691,0.707093318572,-0.707093318572)) ;
#11127=DIRECTION('Vector Direction',(1.,0.,0.)) ;
#11139=DIRECTION('Axis2P3D Direction',(-0.999961923064,0.,-0.00872653549837)) ;
#11140=DIRECTION('Axis2P3D XDirection',(0.,1.,0.)) ;
#11144=DIRECTION('Vector Direction',(0.,1.,0.)) ;
#11161=DIRECTION('Vector Direction',(0.,1.,0.)) ;
#11186=DIRECTION('Axis2P3D Direction',(-1.78199157422E-017,-0.999961923064,-0.00872653549837)) ;
#11187=DIRECTION('Axis2P3D XDirection',(-1.,1.78205942958E-017,0.)) ;
#11197=DIRECTION('Vector Direction',(-1.,1.78205942958E-017,0.)) ;
#11209=DIRECTION('Axis2P3D Direction',(-0.999961923064,0.,0.00872653549837)) ;
#11210=DIRECTION('Axis2P3D XDirection',(0.,1.,0.)) ;
#11214=DIRECTION('Vector Direction',(0.,1.,0.)) ;
#11231=DIRECTION('Vector Direction',(0.,1.,0.)) ;
#11256=DIRECTION('Vector Direction',(0.00617070990691,0.707093318572,-0.707093318572)) ;
#11263=DIRECTION('Vector Direction',(1.,0.,0.)) ;
#11275=DIRECTION('Axis2P3D Direction',(-0.999961923064,0.,-0.00872653549837)) ;
#11276=DIRECTION('Axis2P3D XDirection',(0.,1.,0.)) ;
#11280=DIRECTION('Vector Direction',(0.,1.,0.)) ;
#11297=DIRECTION('Vector Direction',(0.,1.,0.)) ;
#11322=DIRECTION('Axis2P3D Direction',(-1.78199157422E-017,-0.999961923064,-0.00872653549837)) ;
#11323=DIRECTION('Axis2P3D XDirection',(-1.,1.78205942958E-017,0.)) ;
#11338=DIRECTION('Axis2P3D Direction',(7.56913885E-017,0.999390827019,-0.0348994967025)) ;
#11339=DIRECTION('Axis2P3D XDirection',(1.,-7.57375257543E-017,0.)) ;
#11369=DIRECTION('Axis2P3D Direction',(1.,0.,0.)) ;
#11370=DIRECTION('Axis2P3D XDirection',(0.,1.,0.)) ;
#11374=DIRECTION('Vector Direction',(0.,0.707106781187,0.707106781187)) ;
#11383=DIRECTION('Vector Direction',(0.,-1.,-1.75910244086E-015)) ;
#11390=DIRECTION('Vector Direction',(0.,0.,-1.)) ;
#11395=DIRECTION('Vector Direction',(0.,0.,1.)) ;
#11408=DIRECTION('Axis2P3D Direction',(0.,1.,-0.)) ;
#11409=DIRECTION('Axis2P3D XDirection',(-1.,0.,0.)) ;
#11413=DIRECTION('Vector Direction',(-1.,0.,0.)) ;
#11420=DIRECTION('Vector Direction',(0.,0.,1.)) ;
#11432=DIRECTION('Axis2P3D Direction',(1.,0.,0.)) ;
#11433=DIRECTION('Axis2P3D XDirection',(0.,1.,0.)) ;
#11437=DIRECTION('Vector Direction',(0.,0.,-1.)) ;
#11444=DIRECTION('Vector Direction',(0.,-1.,-1.75910244086E-015)) ;
#11451=DIRECTION('Vector Direction',(0.,0.707106781187,0.707106781187)) ;
#11464=DIRECTION('Axis2P3D Direction',(0.,0.,-1.)) ;
#11465=DIRECTION('Axis2P3D XDirection',(-1.,-1.22464679915E-016,0.)) ;
#11469=DIRECTION('Axis2P3D Direction',(0.,0.,-1.)) ;
#11478=DIRECTION('Vector Direction',(0.,0.,-1.)) ;
#11485=DIRECTION('Axis2P3D Direction',(0.,0.,-1.)) ;
#11490=DIRECTION('Vector Direction',(0.,0.,-1.)) ;
#11497=DIRECTION('Axis2P3D Direction',(0.,0.,-1.)) ;
#11504=DIRECTION('Vector Direction',(0.,0.,-1.)) ;
#11520=DIRECTION('Axis2P3D Direction',(-1.,0.,0.)) ;
#11521=DIRECTION('Axis2P3D XDirection',(0.,-1.,0.)) ;
#11525=DIRECTION('Vector Direction',(0.,-1.,0.)) ;
#11532=DIRECTION('Vector Direction',(0.,0.,1.)) ;
#11539=DIRECTION('Vector Direction',(0.,-0.707106781187,-0.707106781187)) ;
#11552=DIRECTION('Vector Direction',(1.,0.,8.82020595985E-017)) ;
#11564=DIRECTION('Vector Direction',(0.,0.,1.)) ;
#11571=DIRECTION('Vector Direction',(-1.,0.,0.)) ;
#11583=DIRECTION('Axis2P3D Direction',(-1.,0.,0.)) ;
#11584=DIRECTION('Axis2P3D XDirection',(0.,-1.,0.)) ;
#11588=DIRECTION('Vector Direction',(0.,-0.707106781187,-0.707106781187)) ;
#11595=DIRECTION('Vector Direction',(0.,0.,-1.)) ;
#11602=DIRECTION('Vector Direction',(0.,-1.,0.)) ;
#11615=DIRECTION('Axis2P3D Direction',(0.,0.,-1.)) ;
#11616=DIRECTION('Axis2P3D XDirection',(1.,0.,0.)) ;
#11620=DIRECTION('Axis2P3D Direction',(0.,0.,-1.)) ;
#11629=DIRECTION('Vector Direction',(0.,0.,-1.)) ;
#11636=DIRECTION('Axis2P3D Direction',(0.,0.,-1.)) ;
#11641=DIRECTION('Axis2P3D Direction',(0.,0.,-1.)) ;
#11648=DIRECTION('Vector Direction',(0.,0.,-1.)) ;
#11664=DIRECTION('Axis2P3D Direction',(0.,0.,1.)) ;
#11665=DIRECTION('Axis2P3D XDirection',(1.,0.,0.)) ;
#11687=DIRECTION('Axis2P3D Direction',(0.,0.,-1.)) ;
#11688=DIRECTION('Axis2P3D XDirection',(0.678261537587,-0.734820581251,0.)) ;
#11692=DIRECTION('Axis2P3D Direction',(0.,0.,1.)) ;
#11704=DIRECTION('Axis2P3D Direction',(0.,0.,1.)) ;
#11705=DIRECTION('Axis2P3D XDirection',(1.,0.,0.)) ;
#11709=DIRECTION('Vector Direction',(1.,0.,0.)) ;
#11714=DIRECTION('Axis2P3D Direction',(0.,0.,1.)) ;
#11721=DIRECTION('Vector Direction',(1.,0.,0.)) ;
#11728=DIRECTION('Axis2P3D Direction',(0.,0.,1.)) ;
#11733=DIRECTION('Vector Direction',(1.,0.,0.)) ;
#11738=DIRECTION('Axis2P3D Direction',(0.,0.,1.)) ;
#11743=DIRECTION('Vector Direction',(1.,0.,0.)) ;
#11748=DIRECTION('Axis2P3D Direction',(0.,0.,1.)) ;
#11753=DIRECTION('Vector Direction',(-1.,0.,0.)) ;
#11758=DIRECTION('Axis2P3D Direction',(0.,0.,1.)) ;
#11763=DIRECTION('Vector Direction',(-1.,0.,0.)) ;
#11797=DIRECTION('Axis2P3D Direction',(0.,-0.707106781187,0.707106781187)) ;
#11798=DIRECTION('Axis2P3D XDirection',(-1.,0.,0.)) ;
#11827=DIRECTION('Axis2P3D Direction',(0.,0.,-1.)) ;
#11828=DIRECTION('Axis2P3D XDirection',(0.461356665215,-0.887214758365,0.)) ;
#11839=DIRECTION('Axis2P3D Direction',(0.,-0.707106781187,0.707106781187)) ;
#11840=DIRECTION('Axis2P3D XDirection',(-1.,0.,0.)) ;
#11851=DIRECTION('Axis2P3D Direction',(0.,1.,-0.)) ;
#11852=DIRECTION('Axis2P3D XDirection',(1.,-0.,-7.65713739785E-016)) ;
#11877=DIRECTION('Axis2P3D Direction',(-0.,-0.999390827019,-0.0348994967025)) ;
#11878=DIRECTION('Axis2P3D XDirection',(-1.,0.,0.)) ;
#11891=DIRECTION('Axis2P3D Direction',(0.,1.,-0.)) ;
#11892=DIRECTION('Axis2P3D XDirection',(-1.,0.,0.)) ;
#11896=DIRECTION('Vector Direction',(-1.,0.,-8.82020598595E-017)) ;
#11903=DIRECTION('Vector Direction',(0.,0.,1.)) ;
#11915=DIRECTION('Axis2P3D Direction',(0.,-0.707106781187,-0.707106781187)) ;
#11916=DIRECTION('Axis2P3D XDirection',(1.,0.,0.)) ;
#11920=DIRECTION('Vector Direction',(1.,0.,0.)) ;
#11927=DIRECTION('Vector Direction',(0.,-0.707106781187,0.707106781187)) ;
#11939=DIRECTION('Vector Direction',(-1.,0.,0.)) ;
#11946=DIRECTION('Vector Direction',(-3.51820488171E-015,-1.,0.)) ;
#11953=DIRECTION('Axis2P3D Direction',(0.,0.,1.)) ;
#11960=DIRECTION('Axis2P3D Direction',(0.,0.,1.)) ;
#11967=DIRECTION('Axis2P3D Direction',(0.,0.,1.)) ;
#11974=DIRECTION('Vector Direction',(0.,-1.,0.)) ;
#11981=DIRECTION('Vector Direction',(1.,0.,0.)) ;
#11988=DIRECTION('Vector Direction',(0.,-1.,0.)) ;
#11995=DIRECTION('Axis2P3D Direction',(0.,0.,1.)) ;
#12002=DIRECTION('Axis2P3D Direction',(0.,0.,1.)) ;
#12009=DIRECTION('Axis2P3D Direction',(0.,0.,1.)) ;
#12016=DIRECTION('Vector Direction',(0.,-1.,0.)) ;
#12021=DIRECTION('Axis2P3D Direction',(0.,0.,1.)) ;
#12026=DIRECTION('Vector Direction',(1.,0.,0.)) ;
#12031=DIRECTION('Axis2P3D Direction',(0.,0.,1.)) ;
#12038=DIRECTION('Vector Direction',(1.,0.,0.)) ;
#12045=DIRECTION('Axis2P3D Direction',(0.,0.,1.)) ;
#12050=DIRECTION('Vector Direction',(1.,0.,0.)) ;
#12055=DIRECTION('Axis2P3D Direction',(0.,0.,1.)) ;
#12089=DIRECTION('Axis2P3D Direction',(0.,0.,-1.)) ;
#12090=DIRECTION('Axis2P3D XDirection',(0.461356665215,0.887214758365,0.)) ;
#12115=DIRECTION('Axis2P3D Direction',(0.,0.,-1.)) ;
#12116=DIRECTION('Axis2P3D XDirection',(0.678261537587,0.734820581251,0.)) ;
#12141=DIRECTION('Vector Direction',(0.,0.,1.)) ;
#12148=DIRECTION('Vector Direction',(1.,0.,0.)) ;
#12160=DIRECTION('Axis2P3D Direction',(0.,-0.707106781187,-0.707106781187)) ;
#12161=DIRECTION('Axis2P3D XDirection',(1.,0.,0.)) ;
#12165=DIRECTION('Vector Direction',(0.,-0.707106781187,0.707106781187)) ;
#12177=DIRECTION('Vector Direction',(0.,0.707106781187,-0.707106781187)) ;
#12184=DIRECTION('Vector Direction',(0.,0.,1.)) ;
#12189=DIRECTION('Vector Direction',(0.,0.,-1.)) ;
#12202=DIRECTION('Vector Direction',(0.,0.,1.)) ;
#12209=DIRECTION('Vector Direction',(1.,0.,0.)) ;
#12221=DIRECTION('Vector Direction',(0.,0.,-1.)) ;
#12226=DIRECTION('Vector Direction',(0.,0.707106781187,-0.707106781187)) ;
#12239=DIRECTION('Axis2P3D Direction',(0.,0.,1.)) ;
#12240=DIRECTION('Axis2P3D XDirection',(-1.,1.22464679915E-016,0.)) ;
#12244=DIRECTION('Axis2P3D Direction',(0.,0.,1.)) ;
#12253=DIRECTION('Vector Direction',(0.,0.,1.)) ;
#12258=DIRECTION('Vector Direction',(0.,0.,1.)) ;
#12263=DIRECTION('Vector Direction',(0.,0.,1.)) ;
#12287=DIRECTION('Vector Direction',(0.,0.,-1.)) ;
#12300=DIRECTION('Axis2P3D Direction',(0.,0.,1.)) ;
#12301=DIRECTION('Axis2P3D XDirection',(1.,0.,0.)) ;
#12305=DIRECTION('Axis2P3D Direction',(0.,0.,1.)) ;
#12314=DIRECTION('Vector Direction',(0.,0.,1.)) ;
#12319=DIRECTION('Vector Direction',(0.,0.,1.)) ;
#12356=DIRECTION('Axis2P3D Direction',(0.,-0.999390827019,0.0348994967025)) ;
#12357=DIRECTION('Axis2P3D XDirection',(-1.,0.,0.)) ;
#12571=DIRECTION('Axis2P3D Direction',(0.999390827019,0.,0.0348994967025)) ;
#12572=DIRECTION('Axis2P3D XDirection',(-0.0348994967025,0.,0.999390827019)) ;
#12576=DIRECTION('Vector Direction',(0.0348782627424,-0.0348782627424,-0.998782765959)) ;
#12583=DIRECTION('Vector Direction',(0.,-1.,0.)) ;
#12596=DIRECTION('Axis2P3D Direction',(0.,-0.999390827019,0.0348994967025)) ;
#12597=DIRECTION('Axis2P3D XDirection',(-1.,0.,0.)) ;
#12630=DIRECTION('Axis2P3D Direction',(-0.999390827019,0.,0.0348994967025)) ;
#12631=DIRECTION('Axis2P3D XDirection',(-0.0348994967025,0.,-0.999390827019)) ;
#12635=DIRECTION('Vector Direction',(0.,-1.,0.)) ;
#12648=DIRECTION('Axis2P3D Direction',(9.21485110439E-014,5.26430750843E-013,-1.)) ;
#12649=DIRECTION('Axis2P3D XDirection',(0.996102986712,-0.0881977316203,4.53113078906E-014)) ;
#12653=DIRECTION('Vector Direction',(0.242535625036,5.06584059036E-013,-0.970142500145)) ;
#12658=DIRECTION('Vector Direction',(-0.242535625036,5.06943083883E-013,-0.970142500145)) ;
#12670=DIRECTION('Axis2P3D Direction',(-0.,-5.55111512313E-016,-1.)) ;
#12671=DIRECTION('Axis2P3D XDirection',(-1.,0.,0.)) ;
#12682=DIRECTION('Axis2P3D Direction',(4.9219887425E-014,4.06896738525E-013,-1.)) ;
#12683=DIRECTION('Axis2P3D XDirection',(1.,-2.3807514229E-013,4.91512492373E-014)) ;
#12687=DIRECTION('Vector Direction',(0.242535625036,3.94747819214E-013,-0.970142500145)) ;
#12692=DIRECTION('Vector Direction',(-0.242535625036,3.94927331637E-013,-0.970142500145)) ;
#12704=DIRECTION('Axis2P3D Direction',(-0.,-5.55111512313E-016,-1.)) ;
#12705=DIRECTION('Axis2P3D XDirection',(-0.809016994375,0.587785252292,0.)) ;
#12716=DIRECTION('Axis2P3D Direction',(0.,1.,-0.)) ;
#12717=DIRECTION('Axis2P3D XDirection',(-0.999390827019,0.,0.0348994967025)) ;
#12731=DIRECTION('Axis2P3D Direction',(-9.25185853854E-014,-5.26985862355E-013,-1.)) ;
#12732=DIRECTION('Axis2P3D XDirection',(-0.996102986715,0.0881977315856,4.53113078906E-014)) ;
#12736=DIRECTION('Vector Direction',(-0.242535625036,-5.08379183271E-013,-0.970142500145)) ;
#12741=DIRECTION('Axis2P3D Direction',(4.70175157815E-014,5.31014653733E-013,1.)) ;
#12746=DIRECTION('Vector Direction',(0.242535625036,-5.06943083883E-013,-0.970142500145)) ;
#12758=DIRECTION('Axis2P3D Direction',(-0.,-0.,-1.)) ;
#12759=DIRECTION('Axis2P3D XDirection',(1.,-8.66515817104E-016,0.)) ;
#12770=DIRECTION('Axis2P3D Direction',(-4.9219887425E-014,-4.07081775696E-013,-1.)) ;
#12771=DIRECTION('Axis2P3D XDirection',(-1.,2.3915828642E-013,4.91512492373E-014)) ;
#12775=DIRECTION('Vector Direction',(-0.242535625036,-3.96363431025E-013,-0.970142500145)) ;
#12780=DIRECTION('Axis2P3D Direction',(9.73569800102E-026,4.07081775696E-013,1.)) ;
#12785=DIRECTION('Vector Direction',(0.242535625036,-3.94927331637E-013,-0.970142500145)) ;
#12797=DIRECTION('Axis2P3D Direction',(3.70074341542E-016,-0.,-1.)) ;
#12798=DIRECTION('Axis2P3D XDirection',(0.809016994375,-0.587785252292,0.)) ;
#12809=DIRECTION('Axis2P3D Direction',(9.25185853854E-014,5.25505564989E-013,-1.)) ;
#12810=DIRECTION('Axis2P3D XDirection',(0.996102986717,-0.088197731562,4.607929616E-014)) ;
#12814=DIRECTION('Vector Direction',(0.242535625036,-2.9220733584E-008,-0.970142500145)) ;
#12819=DIRECTION('Axis2P3D Direction',(-4.68874656888E-014,-5.29545871363E-013,1.)) ;
#12824=DIRECTION('Vector Direction',(-0.242535625036,4.30829816332E-013,-0.970142500145)) ;
#12836=DIRECTION('Axis2P3D Direction',(-3.70074341542E-016,-0.,-1.)) ;
#12837=DIRECTION('Axis2P3D XDirection',(-1.,-8.66515817104E-016,0.)) ;
#12848=DIRECTION('Axis2P3D Direction',(4.95899617666E-014,4.0560147833E-013,-1.)) ;
#12849=DIRECTION('Axis2P3D XDirection',(1.,-2.37425255518E-013,4.99192375066E-014)) ;
#12853=DIRECTION('Vector Direction',(0.242535625036,3.36047256739E-013,-0.970142500145)) ;
#12858=DIRECTION('Axis2P3D Direction',(-9.63000346673E-026,-4.0560147833E-013,1.)) ;
#12863=DIRECTION('Vector Direction',(-0.242535625036,5.08878773526E-008,-0.970142500145)) ;
#12875=DIRECTION('Axis2P3D Direction',(3.70074341542E-016,-0.,-1.)) ;
#12876=DIRECTION('Axis2P3D XDirection',(-0.809016994375,0.587785252292,0.)) ;
#12887=DIRECTION('Axis2P3D Direction',(0.,0.999847695156,-0.0174524064373)) ;
#12888=DIRECTION('Axis2P3D XDirection',(0.,0.0174524064373,0.999847695156)) ;
#12912=DIRECTION('Vector Direction',(1.,5.70168395908E-011,0.)) ;
#12939=DIRECTION('Axis2P3D Direction',(0.,0.,-1.)) ;
#12940=DIRECTION('Axis2P3D XDirection',(0.678261537587,-0.734820581251,0.)) ;
#12964=DIRECTION('Axis2P3D Direction',(0.,0.,-1.)) ;
#12965=DIRECTION('Axis2P3D XDirection',(0.461356665215,-0.887214758365,0.)) ;
#12982=DIRECTION('Axis2P3D Direction',(-0.,0.999847695156,0.0174524064373)) ;
#12983=DIRECTION('Axis2P3D XDirection',(0.,-0.0174524064373,0.999847695156)) ;
#12994=DIRECTION('Axis2P3D Direction',(0.,0.,-1.)) ;
#12995=DIRECTION('Axis2P3D XDirection',(0.461356665215,0.887214758365,0.)) ;
#13034=DIRECTION('Vector Direction',(1.,5.70867081328E-011,0.)) ;
#13048=DIRECTION('Axis2P3D Direction',(0.,0.,-1.)) ;
#13049=DIRECTION('Axis2P3D XDirection',(0.678261537587,0.734820581251,0.)) ;
#13073=DIRECTION('Axis2P3D Direction',(0.,-0.707106781187,0.707106781187)) ;
#13074=DIRECTION('Axis2P3D XDirection',(-1.,0.,0.)) ;
#13099=DIRECTION('Axis2P3D Direction',(-6.84792243954E-017,0.999961923064,0.00872653549837)) ;
#13100=DIRECTION('Axis2P3D XDirection',(-1.,-6.84818319737E-017,0.)) ;
#13118=DIRECTION('Axis2P3D Direction',(0.,-0.707106781187,-0.707106781187)) ;
#13119=DIRECTION('Axis2P3D XDirection',(1.,0.,0.)) ;
#13137=DIRECTION('Axis2P3D Direction',(6.84792243954E-017,0.999961923064,-0.00872653549837)) ;
#13138=DIRECTION('Axis2P3D XDirection',(-1.,6.84818319737E-017,0.)) ;
#13149=DIRECTION('Axis2P3D Direction',(-0.,1.,0.)) ;
#13150=DIRECTION('Axis2P3D XDirection',(1.,0.,0.)) ;
#13154=DIRECTION('Vector Direction',(0.,0.,-1.)) ;
#13161=DIRECTION('Vector Direction',(0.,0.,-1.)) ;
#13168=DIRECTION('Vector Direction',(1.,0.,0.)) ;
#13180=DIRECTION('Axis2P3D Direction',(-1.,0.,0.)) ;
#13181=DIRECTION('Axis2P3D XDirection',(0.,1.,0.)) ;
#13185=DIRECTION('Vector Direction',(0.,0.,-1.)) ;
#13192=DIRECTION('Vector Direction',(0.,1.,0.)) ;
#13204=DIRECTION('Axis2P3D Direction',(1.,0.,0.)) ;
#13205=DIRECTION('Axis2P3D XDirection',(0.,-1.,0.)) ;
#13209=DIRECTION('Vector Direction',(0.,0.,-1.)) ;
#13216=DIRECTION('Vector Direction',(0.,-1.,0.)) ;
#13228=DIRECTION('Axis2P3D Direction',(0.,0.,-1.)) ;
#13229=DIRECTION('Axis2P3D XDirection',(1.,0.,0.)) ;
#13233=DIRECTION('Vector Direction',(-1.,0.,0.)) ;
#13240=DIRECTION('Vector Direction',(0.,-1.,0.)) ;
#13247=DIRECTION('Vector Direction',(-1.,0.,0.)) ;
#13261=DIRECTION('Axis2P3D Direction',(-0.,-1.,-0.)) ;
#13262=DIRECTION('Axis2P3D XDirection',(-1.,0.,0.)) ;
#13266=DIRECTION('Vector Direction',(0.,0.,-1.)) ;
#13278=DIRECTION('Axis2P3D Direction',(-0.,-1.,-0.)) ;
#13279=DIRECTION('Axis2P3D XDirection',(-1.,0.,0.)) ;
#13283=DIRECTION('Vector Direction',(0.,0.,-1.)) ;
#13295=DIRECTION('Axis2P3D Direction',(1.,0.,0.)) ;
#13296=DIRECTION('Axis2P3D XDirection',(0.,-1.,0.)) ;
#13307=DIRECTION('Axis2P3D Direction',(-0.,1.,0.)) ;
#13308=DIRECTION('Axis2P3D XDirection',(1.,0.,0.)) ;
#13312=DIRECTION('Vector Direction',(0.,0.,-1.)) ;
#13319=DIRECTION('Vector Direction',(0.,0.,-1.)) ;
#13326=DIRECTION('Vector Direction',(1.,0.,0.)) ;
#13338=DIRECTION('Axis2P3D Direction',(-1.,0.,0.)) ;
#13339=DIRECTION('Axis2P3D XDirection',(0.,1.,0.)) ;
#13343=DIRECTION('Vector Direction',(0.,0.,-1.)) ;
#13350=DIRECTION('Vector Direction',(0.,1.,0.)) ;
#13362=DIRECTION('Axis2P3D Direction',(1.,0.,0.)) ;
#13363=DIRECTION('Axis2P3D XDirection',(0.,-1.,0.)) ;
#13367=DIRECTION('Vector Direction',(0.,0.,-1.)) ;
#13374=DIRECTION('Vector Direction',(0.,-1.,0.)) ;
#13386=DIRECTION('Axis2P3D Direction',(0.,0.,-1.)) ;
#13387=DIRECTION('Axis2P3D XDirection',(1.,0.,0.)) ;
#13391=DIRECTION('Vector Direction',(-1.,0.,0.)) ;
#13398=DIRECTION('Vector Direction',(-0.231629132757,0.972804165728,0.)) ;
#13405=DIRECTION('Vector Direction',(-0.608796498069,0.793326429623,0.)) ;
#13412=DIRECTION('Vector Direction',(-0.910362564814,0.41381155202,0.)) ;
#13419=DIRECTION('Vector Direction',(-0.99555620081,0.0941692679598,0.)) ;
#13426=DIRECTION('Vector Direction',(-1.,0.,0.)) ;
#13433=DIRECTION('Vector Direction',(0.,1.,0.)) ;
#13440=DIRECTION('Vector Direction',(1.,0.,0.)) ;
#13447=DIRECTION('Vector Direction',(0.995809085439,-0.0914563576595,0.)) ;
#13454=DIRECTION('Vector Direction',(0.907962911904,-0.41905053467,0.)) ;
#13475=DIRECTION('Axis2P3D Direction',(0.41905053467,0.907962911904,0.)) ;
#13476=DIRECTION('Axis2P3D XDirection',(0.907962911904,-0.41905053467,0.)) ;
#13480=DIRECTION('Vector Direction',(0.,0.,-1.)) ;
#13492=DIRECTION('Axis2P3D Direction',(-0.,-1.,-0.)) ;
#13493=DIRECTION('Axis2P3D XDirection',(-1.,0.,0.)) ;
#13497=DIRECTION('Vector Direction',(0.,0.,-1.)) ;
#13509=DIRECTION('Axis2P3D Direction',(-0.972804165728,-0.231629132757,-0.)) ;
#13510=DIRECTION('Axis2P3D XDirection',(-0.231629132757,0.972804165728,0.)) ;
#13514=DIRECTION('Vector Direction',(0.,0.,-1.)) ;
#13526=DIRECTION('Axis2P3D Direction',(-0.793326429623,-0.608796498069,-0.)) ;
#13527=DIRECTION('Axis2P3D XDirection',(-0.608796498069,0.793326429623,0.)) ;
#13531=DIRECTION('Vector Direction',(0.,0.,-1.)) ;
#13543=DIRECTION('Axis2P3D Direction',(-0.41381155202,-0.910362564814,-0.)) ;
#13544=DIRECTION('Axis2P3D XDirection',(-0.910362564814,0.41381155202,0.)) ;
#13548=DIRECTION('Vector Direction',(0.,0.,-1.)) ;
#13560=DIRECTION('Axis2P3D Direction',(-0.0941692679598,-0.99555620081,-0.)) ;
#13561=DIRECTION('Axis2P3D XDirection',(-0.99555620081,0.0941692679598,0.)) ;
#13565=DIRECTION('Vector Direction',(0.,0.,-1.)) ;
#13577=DIRECTION('Axis2P3D Direction',(-0.,-1.,-0.)) ;
#13578=DIRECTION('Axis2P3D XDirection',(-1.,0.,0.)) ;
#13582=DIRECTION('Vector Direction',(0.,0.,-1.)) ;
#13594=DIRECTION('Axis2P3D Direction',(-1.,0.,0.)) ;
#13595=DIRECTION('Axis2P3D XDirection',(0.,1.,0.)) ;
#13599=DIRECTION('Vector Direction',(0.,0.,-1.)) ;
#13611=DIRECTION('Axis2P3D Direction',(-0.,1.,0.)) ;
#13612=DIRECTION('Axis2P3D XDirection',(1.,0.,0.)) ;
#13616=DIRECTION('Vector Direction',(0.,0.,-1.)) ;
#13628=DIRECTION('Axis2P3D Direction',(0.0914563576595,0.995809085439,0.)) ;
#13629=DIRECTION('Axis2P3D XDirection',(0.995809085439,-0.0914563576595,0.)) ;
#13640=DIRECTION('Axis2P3D Direction',(-0.,1.,0.)) ;
#13641=DIRECTION('Axis2P3D XDirection',(1.,0.,0.)) ;
#13645=DIRECTION('Vector Direction',(0.,0.,-1.)) ;
#13652=DIRECTION('Vector Direction',(0.,0.,-1.)) ;
#13659=DIRECTION('Vector Direction',(1.,0.,0.)) ;
#13671=DIRECTION('Axis2P3D Direction',(-0.998866713497,0.0475950487756,0.)) ;
#13672=DIRECTION('Axis2P3D XDirection',(0.0475950487756,0.998866713497,0.)) ;
#13676=DIRECTION('Vector Direction',(0.,0.,-1.)) ;
#13683=DIRECTION('Vector Direction',(0.0475950487756,0.998866713497,0.)) ;
#13695=DIRECTION('Axis2P3D Direction',(1.,0.,0.)) ;
#13696=DIRECTION('Axis2P3D XDirection',(0.,-1.,0.)) ;
#13700=DIRECTION('Vector Direction',(0.,0.,-1.)) ;
#13707=DIRECTION('Vector Direction',(0.,-1.,0.)) ;
#13719=DIRECTION('Vector Direction',(-1.,0.,0.)) ;
#13726=DIRECTION('Vector Direction',(0.237864887793,-0.97129825242,0.)) ;
#13733=DIRECTION('Vector Direction',(0.554701423425,-0.832049476204,0.)) ;
#13740=DIRECTION('Vector Direction',(0.739195082935,-0.673491372896,0.)) ;
#13747=DIRECTION('Vector Direction',(0.838159828767,-0.545424698232,0.)) ;
#13754=DIRECTION('Vector Direction',(0.869773332618,-0.493451466576,0.)) ;
#13761=DIRECTION('Vector Direction',(0.790419454788,-0.612565984602,0.)) ;
#13768=DIRECTION('Vector Direction',(0.536885483426,-0.843655129591,0.)) ;
#13775=DIRECTION('Vector Direction',(0.176650990747,-0.984273553169,0.)) ;
#13782=DIRECTION('Vector Direction',(-0.177830341869,-0.984061161468,0.)) ;
#13789=DIRECTION('Vector Direction',(-0.557684354717,-0.830053107038,0.)) ;
#13796=DIRECTION('Vector Direction',(-0.858644298114,-0.512571916238,0.)) ;
#13803=DIRECTION('Vector Direction',(-0.985452384233,-0.169951753179,0.)) ;
#13810=DIRECTION('Vector Direction',(-0.986112031154,0.166081492087,0.)) ;
#13817=DIRECTION('Vector Direction',(-0.841159498201,0.540787110225,0.)) ;
#13824=DIRECTION('Vector Direction',(-0.530025734244,0.847981557016,0.)) ;
#13831=DIRECTION('Vector Direction',(-0.169221837675,0.985577987606,0.)) ;
#13838=DIRECTION('Vector Direction',(1.,0.,0.)) ;
#13845=DIRECTION('Vector Direction',(0.132146043375,-0.991230257418,0.)) ;
#13852=DIRECTION('Vector Direction',(0.497872472276,-0.867250253013,0.)) ;
#13859=DIRECTION('Vector Direction',(0.842264009732,-0.539065244576,0.)) ;
#13866=DIRECTION('Vector Direction',(0.984789302674,-0.173752782245,0.)) ;
#13873=DIRECTION('Vector Direction',(0.986823950965,0.161797681697,0.)) ;
#13880=DIRECTION('Vector Direction',(0.859117232095,0.511778840436,0.)) ;
#13887=DIRECTION('Vector Direction',(0.533319846585,0.84591367245,0.)) ;
#13894=DIRECTION('Vector Direction',(0.177460223532,0.984127973926,0.)) ;
#13901=DIRECTION('Vector Direction',(-0.18326830055,0.983062932885,0.)) ;
#13908=DIRECTION('Vector Direction',(-0.53907940558,0.842254946248,0.)) ;
#13915=DIRECTION('Vector Direction',(-0.803946417546,0.594701738449,0.)) ;
#13922=DIRECTION('Vector Direction',(-0.858222285904,0.51327819745,0.)) ;
#13929=DIRECTION('Vector Direction',(-0.810118245893,0.586266515904,0.)) ;
#13936=DIRECTION('Vector Direction',(-0.681433276058,0.731880243128,0.)) ;
#13943=DIRECTION('Vector Direction',(-0.4472135955,0.894427191,0.)) ;
#13950=DIRECTION('Vector Direction',(-0.135702603827,0.990749616863,0.)) ;
#13995=DIRECTION('Axis2P3D Direction',(-0.990749616863,-0.135702603827,-0.)) ;
#13996=DIRECTION('Axis2P3D XDirection',(-0.135702603827,0.990749616863,0.)) ;
#14000=DIRECTION('Vector Direction',(0.,0.,-1.)) ;
#14012=DIRECTION('Axis2P3D Direction',(-0.,-1.,-0.)) ;
#14013=DIRECTION('Axis2P3D XDirection',(-1.,0.,0.)) ;
#14017=DIRECTION('Vector Direction',(0.,0.,-1.)) ;
#14029=DIRECTION('Axis2P3D Direction',(0.97129825242,0.237864887793,0.)) ;
#14030=DIRECTION('Axis2P3D XDirection',(0.237864887793,-0.97129825242,0.)) ;
#14034=DIRECTION('Vector Direction',(0.,0.,-1.)) ;
#14046=DIRECTION('Axis2P3D Direction',(0.832049476204,0.554701423425,0.)) ;
#14047=DIRECTION('Axis2P3D XDirection',(0.554701423425,-0.832049476204,0.)) ;
#14051=DIRECTION('Vector Direction',(0.,0.,-1.)) ;
#14063=DIRECTION('Axis2P3D Direction',(0.673491372896,0.739195082935,0.)) ;
#14064=DIRECTION('Axis2P3D XDirection',(0.739195082935,-0.673491372896,0.)) ;
#14068=DIRECTION('Vector Direction',(0.,0.,-1.)) ;
#14080=DIRECTION('Axis2P3D Direction',(0.545424698232,0.838159828767,0.)) ;
#14081=DIRECTION('Axis2P3D XDirection',(0.838159828767,-0.545424698232,0.)) ;
#14085=DIRECTION('Vector Direction',(0.,0.,-1.)) ;
#14097=DIRECTION('Axis2P3D Direction',(0.493451466576,0.869773332618,0.)) ;
#14098=DIRECTION('Axis2P3D XDirection',(0.869773332618,-0.493451466576,0.)) ;
#14102=DIRECTION('Vector Direction',(0.,0.,-1.)) ;
#14114=DIRECTION('Axis2P3D Direction',(0.612565984602,0.790419454788,0.)) ;
#14115=DIRECTION('Axis2P3D XDirection',(0.790419454788,-0.612565984602,0.)) ;
#14119=DIRECTION('Vector Direction',(0.,0.,-1.)) ;
#14131=DIRECTION('Axis2P3D Direction',(0.843655129591,0.536885483426,0.)) ;
#14132=DIRECTION('Axis2P3D XDirection',(0.536885483426,-0.843655129591,0.)) ;
#14136=DIRECTION('Vector Direction',(0.,0.,-1.)) ;
#14148=DIRECTION('Axis2P3D Direction',(0.984273553169,0.176650990747,0.)) ;
#14149=DIRECTION('Axis2P3D XDirection',(0.176650990747,-0.984273553169,0.)) ;
#14153=DIRECTION('Vector Direction',(0.,0.,-1.)) ;
#14165=DIRECTION('Axis2P3D Direction',(0.984061161468,-0.177830341869,0.)) ;
#14166=DIRECTION('Axis2P3D XDirection',(-0.177830341869,-0.984061161468,0.)) ;
#14170=DIRECTION('Vector Direction',(0.,0.,-1.)) ;
#14182=DIRECTION('Axis2P3D Direction',(0.830053107038,-0.557684354717,0.)) ;
#14183=DIRECTION('Axis2P3D XDirection',(-0.557684354717,-0.830053107038,0.)) ;
#14187=DIRECTION('Vector Direction',(0.,0.,-1.)) ;
#14199=DIRECTION('Axis2P3D Direction',(0.512571916238,-0.858644298114,0.)) ;
#14200=DIRECTION('Axis2P3D XDirection',(-0.858644298114,-0.512571916238,0.)) ;
#14204=DIRECTION('Vector Direction',(0.,0.,-1.)) ;
#14216=DIRECTION('Axis2P3D Direction',(0.169951753179,-0.985452384233,0.)) ;
#14217=DIRECTION('Axis2P3D XDirection',(-0.985452384233,-0.169951753179,0.)) ;
#14221=DIRECTION('Vector Direction',(0.,0.,-1.)) ;
#14233=DIRECTION('Axis2P3D Direction',(-0.166081492087,-0.986112031154,-0.)) ;
#14234=DIRECTION('Axis2P3D XDirection',(-0.986112031154,0.166081492087,0.)) ;
#14238=DIRECTION('Vector Direction',(0.,0.,-1.)) ;
#14250=DIRECTION('Axis2P3D Direction',(-0.540787110225,-0.841159498201,-0.)) ;
#14251=DIRECTION('Axis2P3D XDirection',(-0.841159498201,0.540787110225,0.)) ;
#14255=DIRECTION('Vector Direction',(0.,0.,-1.)) ;
#14267=DIRECTION('Axis2P3D Direction',(-0.847981557016,-0.530025734244,-0.)) ;
#14268=DIRECTION('Axis2P3D XDirection',(-0.530025734244,0.847981557016,0.)) ;
#14272=DIRECTION('Vector Direction',(0.,0.,-1.)) ;
#14284=DIRECTION('Axis2P3D Direction',(-0.985577987606,-0.169221837675,-0.)) ;
#14285=DIRECTION('Axis2P3D XDirection',(-0.169221837675,0.985577987606,0.)) ;
#14289=DIRECTION('Vector Direction',(0.,0.,-1.)) ;
#14301=DIRECTION('Axis2P3D Direction',(-0.,1.,0.)) ;
#14302=DIRECTION('Axis2P3D XDirection',(1.,0.,0.)) ;
#14306=DIRECTION('Vector Direction',(0.,0.,-1.)) ;
#14318=DIRECTION('Axis2P3D Direction',(0.991230257418,0.132146043375,0.)) ;
#14319=DIRECTION('Axis2P3D XDirection',(0.132146043375,-0.991230257418,0.)) ;
#14323=DIRECTION('Vector Direction',(0.,0.,-1.)) ;
#14335=DIRECTION('Axis2P3D Direction',(0.867250253013,0.497872472276,0.)) ;
#14336=DIRECTION('Axis2P3D XDirection',(0.497872472276,-0.867250253013,0.)) ;
#14340=DIRECTION('Vector Direction',(0.,0.,-1.)) ;
#14352=DIRECTION('Axis2P3D Direction',(0.539065244576,0.842264009732,0.)) ;
#14353=DIRECTION('Axis2P3D XDirection',(0.842264009732,-0.539065244576,0.)) ;
#14357=DIRECTION('Vector Direction',(0.,0.,-1.)) ;
#14369=DIRECTION('Axis2P3D Direction',(0.173752782245,0.984789302674,0.)) ;
#14370=DIRECTION('Axis2P3D XDirection',(0.984789302674,-0.173752782245,0.)) ;
#14374=DIRECTION('Vector Direction',(0.,0.,-1.)) ;
#14386=DIRECTION('Axis2P3D Direction',(-0.161797681697,0.986823950965,0.)) ;
#14387=DIRECTION('Axis2P3D XDirection',(0.986823950965,0.161797681697,0.)) ;
#14391=DIRECTION('Vector Direction',(0.,0.,-1.)) ;
#14403=DIRECTION('Axis2P3D Direction',(-0.511778840436,0.859117232095,0.)) ;
#14404=DIRECTION('Axis2P3D XDirection',(0.859117232095,0.511778840436,0.)) ;
#14408=DIRECTION('Vector Direction',(0.,0.,-1.)) ;
#14420=DIRECTION('Axis2P3D Direction',(-0.84591367245,0.533319846585,0.)) ;
#14421=DIRECTION('Axis2P3D XDirection',(0.533319846585,0.84591367245,0.)) ;
#14425=DIRECTION('Vector Direction',(0.,0.,-1.)) ;
#14437=DIRECTION('Axis2P3D Direction',(-0.984127973926,0.177460223532,0.)) ;
#14438=DIRECTION('Axis2P3D XDirection',(0.177460223532,0.984127973926,0.)) ;
#14442=DIRECTION('Vector Direction',(0.,0.,-1.)) ;
#14454=DIRECTION('Axis2P3D Direction',(-0.983062932885,-0.18326830055,-0.)) ;
#14455=DIRECTION('Axis2P3D XDirection',(-0.18326830055,0.983062932885,0.)) ;
#14459=DIRECTION('Vector Direction',(0.,0.,-1.)) ;
#14471=DIRECTION('Axis2P3D Direction',(-0.842254946248,-0.53907940558,-0.)) ;
#14472=DIRECTION('Axis2P3D XDirection',(-0.53907940558,0.842254946248,0.)) ;
#14476=DIRECTION('Vector Direction',(0.,0.,-1.)) ;
#14488=DIRECTION('Axis2P3D Direction',(-0.594701738449,-0.803946417546,-0.)) ;
#14489=DIRECTION('Axis2P3D XDirection',(-0.803946417546,0.594701738449,0.)) ;
#14493=DIRECTION('Vector Direction',(0.,0.,-1.)) ;
#14505=DIRECTION('Axis2P3D Direction',(-0.51327819745,-0.858222285904,-0.)) ;
#14506=DIRECTION('Axis2P3D XDirection',(-0.858222285904,0.51327819745,0.)) ;
#14510=DIRECTION('Vector Direction',(0.,0.,-1.)) ;
#14522=DIRECTION('Axis2P3D Direction',(-0.586266515904,-0.810118245893,-0.)) ;
#14523=DIRECTION('Axis2P3D XDirection',(-0.810118245893,0.586266515904,0.)) ;
#14527=DIRECTION('Vector Direction',(0.,0.,-1.)) ;
#14539=DIRECTION('Axis2P3D Direction',(-0.731880243128,-0.681433276058,-0.)) ;
#14540=DIRECTION('Axis2P3D XDirection',(-0.681433276058,0.731880243128,0.)) ;
#14544=DIRECTION('Vector Direction',(0.,0.,-1.)) ;
#14556=DIRECTION('Axis2P3D Direction',(-0.894427191,-0.4472135955,-0.)) ;
#14557=DIRECTION('Axis2P3D XDirection',(-0.4472135955,0.894427191,0.)) ;
#47=AXIS2_PLACEMENT_3D(' ',#46,$,$) ;
#54=AXIS2_PLACEMENT_3D('Plane Axis2P3D',#51,#52,#53) ;
#94=AXIS2_PLACEMENT_3D('Plane Axis2P3D',#91,#92,#93) ;
#322=AXIS2_PLACEMENT_3D('Plane Axis2P3D',#319,#320,#321) ;
#377=AXIS2_PLACEMENT_3D('Plane Axis2P3D',#374,#375,#376) ;
#400=AXIS2_PLACEMENT_3D('Plane Axis2P3D',#397,#398,#399) ;
#449=AXIS2_PLACEMENT_3D('Cylinder Axis2P3D',#446,#447,#448) ;
#460=AXIS2_PLACEMENT_3D('Circle Axis2P3D',#458,#459,$) ;
#480=AXIS2_PLACEMENT_3D('Plane Axis2P3D',#477,#478,#479) ;
#511=AXIS2_PLACEMENT_3D('Plane Axis2P3D',#508,#509,#510) ;
#584=AXIS2_PLACEMENT_3D('Plane Axis2P3D',#581,#582,#583) ;
#621=AXIS2_PLACEMENT_3D('Cylinder Axis2P3D',#618,#619,#620) ;
#632=AXIS2_PLACEMENT_3D('Circle Axis2P3D',#630,#631,$) ;
#645=AXIS2_PLACEMENT_3D('Plane Axis2P3D',#642,#643,#644) ;
#669=AXIS2_PLACEMENT_3D('Cylinder Axis2P3D',#666,#667,#668) ;
#680=AXIS2_PLACEMENT_3D('Circle Axis2P3D',#678,#679,$) ;
#693=AXIS2_PLACEMENT_3D('Plane Axis2P3D',#690,#691,#692) ;
#724=AXIS2_PLACEMENT_3D('Plane Axis2P3D',#721,#722,#723) ;
#911=AXIS2_PLACEMENT_3D('Cylinder Axis2P3D',#908,#909,#910) ;
#937=AXIS2_PLACEMENT_3D('Cylinder Axis2P3D',#934,#935,#936) ;
#941=AXIS2_PLACEMENT_3D('Circle Axis2P3D',#939,#940,$) ;
#948=AXIS2_PLACEMENT_3D('Circle Axis2P3D',#946,#947,$) ;
#968=AXIS2_PLACEMENT_3D('Cylinder Axis2P3D',#965,#966,#967) ;
#1122=AXIS2_PLACEMENT_3D('Plane Axis2P3D',#1119,#1120,#1121) ;
#1171=AXIS2_PLACEMENT_3D('Plane Axis2P3D',#1168,#1169,#1170) ;
#1208=AXIS2_PLACEMENT_3D('Cylinder Axis2P3D',#1205,#1206,#1207) ;
#1219=AXIS2_PLACEMENT_3D('Circle Axis2P3D',#1217,#1218,$) ;
#1244=AXIS2_PLACEMENT_3D('Plane Axis2P3D',#1241,#1242,#1243) ;
#1268=AXIS2_PLACEMENT_3D('Plane Axis2P3D',#1265,#1266,#1267) ;
#1351=AXIS2_PLACEMENT_3D('Cylinder Axis2P3D',#1348,#1349,#1350) ;
#1363=AXIS2_PLACEMENT_3D('Sphere Axis2P3D',#1360,#1361,#1362) ;
#1367=AXIS2_PLACEMENT_3D('Circle Axis2P3D',#1365,#1366,$) ;
#1387=AXIS2_PLACEMENT_3D('Plane Axis2P3D',#1384,#1385,#1386) ;
#1452=AXIS2_PLACEMENT_3D('Cylinder Axis2P3D',#1449,#1450,#1451) ;
#1529=AXIS2_PLACEMENT_3D('Cylinder Axis2P3D',#1526,#1527,#1528) ;
#1533=AXIS2_PLACEMENT_3D('Circle Axis2P3D',#1531,#1532,$) ;
#1553=AXIS2_PLACEMENT_3D('Sphere Axis2P3D',#1550,#1551,#1552) ;
#1570=AXIS2_PLACEMENT_3D('Cylinder Axis2P3D',#1567,#1568,#1569) ;
#1574=AXIS2_PLACEMENT_3D('Circle Axis2P3D',#1572,#1573,$) ;
#1594=AXIS2_PLACEMENT_3D('Sphere Axis2P3D',#1591,#1592,#1593) ;
#1598=AXIS2_PLACEMENT_3D('Circle Axis2P3D',#1596,#1597,$) ;
#1610=AXIS2_PLACEMENT_3D('Cylinder Axis2P3D',#1607,#1608,#1609) ;
#1727=AXIS2_PLACEMENT_3D('Plane Axis2P3D',#1724,#1725,#1726) ;
#1750=AXIS2_PLACEMENT_3D('Cylinder Axis2P3D',#1747,#1748,#1749) ;
#1754=AXIS2_PLACEMENT_3D('Circle Axis2P3D',#1752,#1753,$) ;
#1767=AXIS2_PLACEMENT_3D('Cylinder Axis2P3D',#1764,#1765,#1766) ;
#1800=AXIS2_PLACEMENT_3D('Plane Axis2P3D',#1797,#1798,#1799) ;
#2046=AXIS2_PLACEMENT_3D('Plane Axis2P3D',#2043,#2044,#2045) ;
#2069=AXIS2_PLACEMENT_3D('Cylinder Axis2P3D',#2066,#2067,#2068) ;
#2073=AXIS2_PLACEMENT_3D('Circle Axis2P3D',#2071,#2072,$) ;
#2093=AXIS2_PLACEMENT_3D('Plane Axis2P3D',#2090,#2091,#2092) ;
#2116=AXIS2_PLACEMENT_3D('Cylinder Axis2P3D',#2113,#2114,#2115) ;
#2120=AXIS2_PLACEMENT_3D('Circle Axis2P3D',#2118,#2119,$) ;
#2133=AXIS2_PLACEMENT_3D('Plane Axis2P3D',#2130,#2131,#2132) ;
#2284=AXIS2_PLACEMENT_3D('Plane Axis2P3D',#2281,#2282,#2283) ;
#2673=AXIS2_PLACEMENT_3D('Plane Axis2P3D',#2670,#2671,#2672) ;
#2696=AXIS2_PLACEMENT_3D('Cylinder Axis2P3D',#2693,#2694,#2695) ;
#2715=AXIS2_PLACEMENT_3D('Plane Axis2P3D',#2712,#2713,#2714) ;
#2738=AXIS2_PLACEMENT_3D('Cylinder Axis2P3D',#2735,#2736,#2737) ;
#2742=AXIS2_PLACEMENT_3D('Circle Axis2P3D',#2740,#2741,$) ;
#2762=AXIS2_PLACEMENT_3D('Plane Axis2P3D',#2759,#2760,#2761) ;
#2785=AXIS2_PLACEMENT_3D('Cylinder Axis2P3D',#2782,#2783,#2784) ;
#2796=AXIS2_PLACEMENT_3D('Circle Axis2P3D',#2794,#2795,$) ;
#2809=AXIS2_PLACEMENT_3D('Plane Axis2P3D',#2806,#2807,#2808) ;
#2960=AXIS2_PLACEMENT_3D('Cylinder Axis2P3D',#2957,#2958,#2959) ;
#2964=AXIS2_PLACEMENT_3D('Circle Axis2P3D',#2962,#2963,$) ;
#2977=AXIS2_PLACEMENT_3D('Cylinder Axis2P3D',#2974,#2975,#2976) ;
#2981=AXIS2_PLACEMENT_3D('Circle Axis2P3D',#2979,#2980,$) ;
#3001=AXIS2_PLACEMENT_3D('Sphere Axis2P3D',#2998,#2999,#3000) ;
#3018=AXIS2_PLACEMENT_3D('Cylinder Axis2P3D',#3015,#3016,#3017) ;
#3035=AXIS2_PLACEMENT_3D('Cylinder Axis2P3D',#3032,#3033,#3034) ;
#3039=AXIS2_PLACEMENT_3D('Circle Axis2P3D',#3037,#3038,$) ;
#3046=AXIS2_PLACEMENT_3D('Circle Axis2P3D',#3044,#3045,$) ;
#3066=AXIS2_PLACEMENT_3D('Cylinder Axis2P3D',#3063,#3064,#3065) ;
#3070=AXIS2_PLACEMENT_3D('Circle Axis2P3D',#3068,#3069,$) ;
#3112=AXIS2_PLACEMENT_3D('Cylinder Axis2P3D',#3109,#3110,#3111) ;
#3123=AXIS2_PLACEMENT_3D('Circle Axis2P3D',#3121,#3122,$) ;
#3136=AXIS2_PLACEMENT_3D('Cylinder Axis2P3D',#3133,#3134,#3135) ;
#3147=AXIS2_PLACEMENT_3D('Circle Axis2P3D',#3145,#3146,$) ;
#3160=AXIS2_PLACEMENT_3D('Cylinder Axis2P3D',#3157,#3158,#3159) ;
#3171=AXIS2_PLACEMENT_3D('Circle Axis2P3D',#3169,#3170,$) ;
#3184=AXIS2_PLACEMENT_3D('Cylinder Axis2P3D',#3181,#3182,#3183) ;
#3188=AXIS2_PLACEMENT_3D('Circle Axis2P3D',#3186,#3187,$) ;
#3221=AXIS2_PLACEMENT_3D('Cylinder Axis2P3D',#3218,#3219,#3220) ;
#3234=AXIS2_PLACEMENT_3D('Circle Axis2P3D',#3232,#3233,$) ;
#3254=AXIS2_PLACEMENT_3D('Plane Axis2P3D',#3251,#3252,#3253) ;
#3266=AXIS2_PLACEMENT_3D('Plane Axis2P3D',#3263,#3264,#3265) ;
#3278=AXIS2_PLACEMENT_3D('Plane Axis2P3D',#3275,#3276,#3277) ;
#3340=AXIS2_PLACEMENT_3D('Cylinder Axis2P3D',#3337,#3338,#3339) ;
#3351=AXIS2_PLACEMENT_3D('Circle Axis2P3D',#3349,#3350,$) ;
#3364=AXIS2_PLACEMENT_3D('Plane Axis2P3D',#3361,#3362,#3363) ;
#3472=AXIS2_PLACEMENT_3D('Cylinder Axis2P3D',#3469,#3470,#3471) ;
#3476=AXIS2_PLACEMENT_3D('Circle Axis2P3D',#3474,#3475,$) ;
#3489=AXIS2_PLACEMENT_3D('Cylinder Axis2P3D',#3486,#3487,#3488) ;
#3493=AXIS2_PLACEMENT_3D('Circle Axis2P3D',#3491,#3492,$) ;
#3498=AXIS2_PLACEMENT_3D('Circle Axis2P3D',#3496,#3497,$) ;
#3511=AXIS2_PLACEMENT_3D('Sphere Axis2P3D',#3508,#3509,#3510) ;
#3580=AXIS2_PLACEMENT_3D('Cylinder Axis2P3D',#3577,#3578,#3579) ;
#3591=AXIS2_PLACEMENT_3D('Circle Axis2P3D',#3589,#3590,$) ;
#3611=AXIS2_PLACEMENT_3D('Plane Axis2P3D',#3608,#3609,#3610) ;
#3635=AXIS2_PLACEMENT_3D('Cylinder Axis2P3D',#3632,#3633,#3634) ;
#3646=AXIS2_PLACEMENT_3D('Circle Axis2P3D',#3644,#3645,$) ;
#3659=AXIS2_PLACEMENT_3D('Plane Axis2P3D',#3656,#3657,#3658) ;
#3690=AXIS2_PLACEMENT_3D('Plane Axis2P3D',#3687,#3688,#3689) ;
#3836=AXIS2_PLACEMENT_3D('Plane Axis2P3D',#3833,#3834,#3835) ;
#3873=AXIS2_PLACEMENT_3D('Cylinder Axis2P3D',#3870,#3871,#3872) ;
#3884=AXIS2_PLACEMENT_3D('Circle Axis2P3D',#3882,#3883,$) ;
#3916=AXIS2_PLACEMENT_3D('Cylinder Axis2P3D',#3913,#3914,#3915) ;
#3927=AXIS2_PLACEMENT_3D('Circle Axis2P3D',#3925,#3926,$) ;
#3940=AXIS2_PLACEMENT_3D('Plane Axis2P3D',#3937,#3938,#3939) ;
#3971=AXIS2_PLACEMENT_3D('Cylinder Axis2P3D',#3968,#3969,#3970) ;
#3975=AXIS2_PLACEMENT_3D('Circle Axis2P3D',#3973,#3974,$) ;
#3988=AXIS2_PLACEMENT_3D('Plane Axis2P3D',#3985,#3986,#3987) ;
#4019=AXIS2_PLACEMENT_3D('Sphere Axis2P3D',#4016,#4017,#4018) ;
#4030=AXIS2_PLACEMENT_3D('Cylinder Axis2P3D',#4027,#4028,#4029) ;
#4042=AXIS2_PLACEMENT_3D('Cylinder Axis2P3D',#4039,#4040,#4041) ;
#4046=AXIS2_PLACEMENT_3D('Circle Axis2P3D',#4044,#4045,$) ;
#4103=AXIS2_PLACEMENT_3D('Plane Axis2P3D',#4100,#4101,#4102) ;
#4282=AXIS2_PLACEMENT_3D('Plane Axis2P3D',#4279,#4280,#4281) ;
#4305=AXIS2_PLACEMENT_3D('Plane Axis2P3D',#4302,#4303,#4304) ;
#4328=AXIS2_PLACEMENT_3D('Plane Axis2P3D',#4325,#4326,#4327) ;
#4411=AXIS2_PLACEMENT_3D('Plane Axis2P3D',#4408,#4409,#4410) ;
#4459=AXIS2_PLACEMENT_3D('Plane Axis2P3D',#4456,#4457,#4458) ;
#4482=AXIS2_PLACEMENT_3D('Plane Axis2P3D',#4479,#4480,#4481) ;
#4505=AXIS2_PLACEMENT_3D('Plane Axis2P3D',#4502,#4503,#4504) ;
#4572=AXIS2_PLACEMENT_3D('Plane Axis2P3D',#4569,#4570,#4571) ;
#4595=AXIS2_PLACEMENT_3D('Plane Axis2P3D',#4592,#4593,#4594) ;
#4618=AXIS2_PLACEMENT_3D('Plane Axis2P3D',#4615,#4616,#4617) ;
#4659=AXIS2_PLACEMENT_3D('Plane Axis2P3D',#4656,#4657,#4658) ;
#4682=AXIS2_PLACEMENT_3D('Plane Axis2P3D',#4679,#4680,#4681) ;
#4705=AXIS2_PLACEMENT_3D('Plane Axis2P3D',#4702,#4703,#4704) ;
#4878=AXIS2_PLACEMENT_3D('Plane Axis2P3D',#4875,#4876,#4877) ;
#4911=AXIS2_PLACEMENT_3D('Plane Axis2P3D',#4908,#4909,#4910) ;
#4948=AXIS2_PLACEMENT_3D('Plane Axis2P3D',#4945,#4946,#4947) ;
#4974=AXIS2_PLACEMENT_3D('Plane Axis2P3D',#4971,#4972,#4973) ;
#4997=AXIS2_PLACEMENT_3D('Plane Axis2P3D',#4994,#4995,#4996) ;
#5020=AXIS2_PLACEMENT_3D('Plane Axis2P3D',#5017,#5018,#5019) ;
#5146=AXIS2_PLACEMENT_3D('Plane Axis2P3D',#5143,#5144,#5145) ;
#5169=AXIS2_PLACEMENT_3D('Plane Axis2P3D',#5166,#5167,#5168) ;
#5192=AXIS2_PLACEMENT_3D('Plane Axis2P3D',#5189,#5190,#5191) ;
#5259=AXIS2_PLACEMENT_3D('Plane Axis2P3D',#5256,#5257,#5258) ;
#5282=AXIS2_PLACEMENT_3D('Plane Axis2P3D',#5279,#5280,#5281) ;
#5341=AXIS2_PLACEMENT_3D('Plane Axis2P3D',#5338,#5339,#5340) ;
#5364=AXIS2_PLACEMENT_3D('Plane Axis2P3D',#5361,#5362,#5363) ;
#5409=AXIS2_PLACEMENT_3D('Plane Axis2P3D',#5406,#5407,#5408) ;
#5467=AXIS2_PLACEMENT_3D('Sphere Axis2P3D',#5464,#5465,#5466) ;
#5471=AXIS2_PLACEMENT_3D('Circle Axis2P3D',#5469,#5470,$) ;
#5483=AXIS2_PLACEMENT_3D('Cylinder Axis2P3D',#5480,#5481,#5482) ;
#5487=AXIS2_PLACEMENT_3D('Circle Axis2P3D',#5485,#5486,$) ;
#5500=AXIS2_PLACEMENT_3D('Sphere Axis2P3D',#5497,#5498,#5499) ;
#5504=AXIS2_PLACEMENT_3D('Circle Axis2P3D',#5502,#5503,$) ;
#5516=AXIS2_PLACEMENT_3D('Cylinder Axis2P3D',#5513,#5514,#5515) ;
#5528=AXIS2_PLACEMENT_3D('Cylinder Axis2P3D',#5525,#5526,#5527) ;
#5539=AXIS2_PLACEMENT_3D('Circle Axis2P3D',#5537,#5538,$) ;
#5552=AXIS2_PLACEMENT_3D('Plane Axis2P3D',#5549,#5550,#5551) ;
#5608=AXIS2_PLACEMENT_3D('Sphere Axis2P3D',#5605,#5606,#5607) ;
#5626=AXIS2_PLACEMENT_3D('Sphere Axis2P3D',#5623,#5624,#5625) ;
#5644=AXIS2_PLACEMENT_3D('Plane Axis2P3D',#5641,#5642,#5643) ;
#5755=AXIS2_PLACEMENT_3D('Circle Axis2P3D',#5753,#5754,$) ;
#5764=AXIS2_PLACEMENT_3D('Circle Axis2P3D',#5762,#5763,$) ;
#5773=AXIS2_PLACEMENT_3D('Circle Axis2P3D',#5771,#5772,$) ;
#5782=AXIS2_PLACEMENT_3D('Circle Axis2P3D',#5780,#5781,$) ;
#5793=AXIS2_PLACEMENT_3D('Plane Axis2P3D',#5790,#5791,#5792) ;
#5862=AXIS2_PLACEMENT_3D('Plane Axis2P3D',#5859,#5860,#5861) ;
#6034=AXIS2_PLACEMENT_3D('Circle Axis2P3D',#6032,#6033,$) ;
#6043=AXIS2_PLACEMENT_3D('Circle Axis2P3D',#6041,#6042,$) ;
#6052=AXIS2_PLACEMENT_3D('Circle Axis2P3D',#6050,#6051,$) ;
#6061=AXIS2_PLACEMENT_3D('Circle Axis2P3D',#6059,#6060,$) ;
#6072=AXIS2_PLACEMENT_3D('Sphere Axis2P3D',#6069,#6070,#6071) ;
#6076=AXIS2_PLACEMENT_3D('Circle Axis2P3D',#6074,#6075,$) ;
#6088=AXIS2_PLACEMENT_3D('Sphere Axis2P3D',#6085,#6086,#6087) ;
#6092=AXIS2_PLACEMENT_3D('Circle Axis2P3D',#6090,#6091,$) ;
#6470=AXIS2_PLACEMENT_3D('Circle Axis2P3D',#6468,#6469,$) ;
#6479=AXIS2_PLACEMENT_3D('Circle Axis2P3D',#6477,#6478,$) ;
#6488=AXIS2_PLACEMENT_3D('Circle Axis2P3D',#6486,#6487,$) ;
#6497=AXIS2_PLACEMENT_3D('Circle Axis2P3D',#6495,#6496,$) ;
#6508=AXIS2_PLACEMENT_3D('Plane Axis2P3D',#6505,#6506,#6507) ;
#6531=AXIS2_PLACEMENT_3D('Cylinder Axis2P3D',#6528,#6529,#6530) ;
#6550=AXIS2_PLACEMENT_3D('Cylinder Axis2P3D',#6547,#6548,#6549) ;
#6554=AXIS2_PLACEMENT_3D('Circle Axis2P3D',#6552,#6553,$) ;
#6574=AXIS2_PLACEMENT_3D('Cylinder Axis2P3D',#6571,#6572,#6573) ;
#6578=AXIS2_PLACEMENT_3D('Circle Axis2P3D',#6576,#6577,$) ;
#6585=AXIS2_PLACEMENT_3D('Circle Axis2P3D',#6583,#6584,$) ;
#6699=AXIS2_PLACEMENT_3D('Cylinder Axis2P3D',#6696,#6697,#6698) ;
#6703=AXIS2_PLACEMENT_3D('Circle Axis2P3D',#6701,#6702,$) ;
#6723=AXIS2_PLACEMENT_3D('Sphere Axis2P3D',#6720,#6721,#6722) ;
#6727=AXIS2_PLACEMENT_3D('Circle Axis2P3D',#6725,#6726,$) ;
#6739=AXIS2_PLACEMENT_3D('Cylinder Axis2P3D',#6736,#6737,#6738) ;
#6743=AXIS2_PLACEMENT_3D('Circle Axis2P3D',#6741,#6742,$) ;
#6768=AXIS2_PLACEMENT_3D('Cylinder Axis2P3D',#6765,#6766,#6767) ;
#6772=AXIS2_PLACEMENT_3D('Circle Axis2P3D',#6770,#6771,$) ;
#6777=AXIS2_PLACEMENT_3D('Circle Axis2P3D',#6775,#6776,$) ;
#6790=AXIS2_PLACEMENT_3D('Cylinder Axis2P3D',#6787,#6788,#6789) ;
#6794=AXIS2_PLACEMENT_3D('Circle Axis2P3D',#6792,#6793,$) ;
#6819=AXIS2_PLACEMENT_3D('Cylinder Axis2P3D',#6816,#6817,#6818) ;
#6823=AXIS2_PLACEMENT_3D('Circle Axis2P3D',#6821,#6822,$) ;
#6850=AXIS2_PLACEMENT_3D('Cylinder Axis2P3D',#6847,#6848,#6849) ;
#6862=AXIS2_PLACEMENT_3D('Sphere Axis2P3D',#6859,#6860,#6861) ;
#6866=AXIS2_PLACEMENT_3D('Circle Axis2P3D',#6864,#6865,$) ;
#6886=AXIS2_PLACEMENT_3D('Cylinder Axis2P3D',#6883,#6884,#6885) ;
#6890=AXIS2_PLACEMENT_3D('Circle Axis2P3D',#6888,#6889,$) ;
#6910=AXIS2_PLACEMENT_3D('Sphere Axis2P3D',#6907,#6908,#6909) ;
#6914=AXIS2_PLACEMENT_3D('Circle Axis2P3D',#6912,#6913,$) ;
#6986=AXIS2_PLACEMENT_3D('Cylinder Axis2P3D',#6983,#6984,#6985) ;
#7003=AXIS2_PLACEMENT_3D('Plane Axis2P3D',#7000,#7001,#7002) ;
#7020=AXIS2_PLACEMENT_3D('Cylinder Axis2P3D',#7017,#7018,#7019) ;
#7092=AXIS2_PLACEMENT_3D('Cylinder Axis2P3D',#7089,#7090,#7091) ;
#7096=AXIS2_PLACEMENT_3D('Circle Axis2P3D',#7094,#7095,$) ;
#7116=AXIS2_PLACEMENT_3D('Sphere Axis2P3D',#7113,#7114,#7115) ;
#7133=AXIS2_PLACEMENT_3D('Cylinder Axis2P3D',#7130,#7131,#7132) ;
#7137=AXIS2_PLACEMENT_3D('Circle Axis2P3D',#7135,#7136,$) ;
#7157=AXIS2_PLACEMENT_3D('Sphere Axis2P3D',#7154,#7155,#7156) ;
#7161=AXIS2_PLACEMENT_3D('Circle Axis2P3D',#7159,#7160,$) ;
#7173=AXIS2_PLACEMENT_3D('Cylinder Axis2P3D',#7170,#7171,#7172) ;
#7190=AXIS2_PLACEMENT_3D('Cylinder Axis2P3D',#7187,#7188,#7189) ;
#7207=AXIS2_PLACEMENT_3D('Plane Axis2P3D',#7204,#7205,#7206) ;
#7305=AXIS2_PLACEMENT_3D('Plane Axis2P3D',#7302,#7303,#7304) ;
#7329=AXIS2_PLACEMENT_3D('Plane Axis2P3D',#7326,#7327,#7328) ;
#7352=AXIS2_PLACEMENT_3D('Plane Axis2P3D',#7349,#7350,#7351) ;
#7376=AXIS2_PLACEMENT_3D('Plane Axis2P3D',#7373,#7374,#7375) ;
#7430=AXIS2_PLACEMENT_3D('Plane Axis2P3D',#7427,#7428,#7429) ;
#7457=AXIS2_PLACEMENT_3D('Circle Axis2P3D',#7455,#7456,$) ;
#7490=AXIS2_PLACEMENT_3D('Circle Axis2P3D',#7488,#7489,$) ;
#7511=AXIS2_PLACEMENT_3D('Plane Axis2P3D',#7508,#7509,#7510) ;
#7535=AXIS2_PLACEMENT_3D('Plane Axis2P3D',#7532,#7533,#7534) ;
#7559=AXIS2_PLACEMENT_3D('Plane Axis2P3D',#7556,#7557,#7558) ;
#7577=AXIS2_PLACEMENT_3D('Circle Axis2P3D',#7575,#7576,$) ;
#7584=AXIS2_PLACEMENT_3D('Circle Axis2P3D',#7582,#7583,$) ;
#7591=AXIS2_PLACEMENT_3D('Circle Axis2P3D',#7589,#7590,$) ;
#7619=AXIS2_PLACEMENT_3D('Circle Axis2P3D',#7617,#7618,$) ;
#7626=AXIS2_PLACEMENT_3D('Circle Axis2P3D',#7624,#7625,$) ;
#7633=AXIS2_PLACEMENT_3D('Circle Axis2P3D',#7631,#7632,$) ;
#7645=AXIS2_PLACEMENT_3D('Circle Axis2P3D',#7643,#7644,$) ;
#7673=AXIS2_PLACEMENT_3D('Circle Axis2P3D',#7671,#7672,$) ;
#7687=AXIS2_PLACEMENT_3D('Circle Axis2P3D',#7685,#7686,$) ;
#7715=AXIS2_PLACEMENT_3D('Circle Axis2P3D',#7713,#7714,$) ;
#7750=AXIS2_PLACEMENT_3D('Cone Axis2P3D',#7747,#7748,#7749) ;
#7777=AXIS2_PLACEMENT_3D('Plane Axis2P3D',#7774,#7775,#7776) ;
#7801=AXIS2_PLACEMENT_3D('Plane Axis2P3D',#7798,#7799,#7800) ;
#7858=AXIS2_PLACEMENT_3D('Plane Axis2P3D',#7855,#7856,#7857) ;
#7961=AXIS2_PLACEMENT_3D('Plane Axis2P3D',#7958,#7959,#7960) ;
#7979=AXIS2_PLACEMENT_3D('Plane Axis2P3D',#7976,#7977,#7978) ;
#7996=AXIS2_PLACEMENT_3D('Plane Axis2P3D',#7993,#7994,#7995) ;
#8112=AXIS2_PLACEMENT_3D('Plane Axis2P3D',#8109,#8110,#8111) ;
#8169=AXIS2_PLACEMENT_3D('Plane Axis2P3D',#8166,#8167,#8168) ;
#8187=AXIS2_PLACEMENT_3D('Plane Axis2P3D',#8184,#8185,#8186) ;
#8191=AXIS2_PLACEMENT_3D('Circle Axis2P3D',#8189,#8190,$) ;
#8240=AXIS2_PLACEMENT_3D('Circle Axis2P3D',#8238,#8239,$) ;
#8282=AXIS2_PLACEMENT_3D('Plane Axis2P3D',#8279,#8280,#8281) ;
#8337=AXIS2_PLACEMENT_3D('Cylinder Axis2P3D',#8334,#8335,#8336) ;
#8363=AXIS2_PLACEMENT_3D('Plane Axis2P3D',#8360,#8361,#8362) ;
#8418=AXIS2_PLACEMENT_3D('Plane Axis2P3D',#8415,#8416,#8417) ;
#8458=AXIS2_PLACEMENT_3D('Plane Axis2P3D',#8455,#8456,#8457) ;
#8509=AXIS2_PLACEMENT_3D('Plane Axis2P3D',#8506,#8507,#8508) ;
#8556=AXIS2_PLACEMENT_3D('Cylinder Axis2P3D',#8553,#8554,#8555) ;
#8574=AXIS2_PLACEMENT_3D('Plane Axis2P3D',#8571,#8572,#8573) ;
#8638=AXIS2_PLACEMENT_3D('Plane Axis2P3D',#8635,#8636,#8637) ;
#8692=AXIS2_PLACEMENT_3D('Plane Axis2P3D',#8689,#8690,#8691) ;
#8709=AXIS2_PLACEMENT_3D('Cone Axis2P3D',#8706,#8707,#8708) ;
#8794=AXIS2_PLACEMENT_3D('Plane Axis2P3D',#8791,#8792,#8793) ;
#8877=AXIS2_PLACEMENT_3D('Plane Axis2P3D',#8874,#8875,#8876) ;
#8961=AXIS2_PLACEMENT_3D('Circle Axis2P3D',#8959,#8960,$) ;
#8994=AXIS2_PLACEMENT_3D('Circle Axis2P3D',#8992,#8993,$) ;
#9015=AXIS2_PLACEMENT_3D('Plane Axis2P3D',#9012,#9013,#9014) ;
#9132=AXIS2_PLACEMENT_3D('Cylinder Axis2P3D',#9129,#9130,#9131) ;
#9233=AXIS2_PLACEMENT_3D('Sphere Axis2P3D',#9230,#9231,#9232) ;
#9237=AXIS2_PLACEMENT_3D('Circle Axis2P3D',#9235,#9236,$) ;
#9249=AXIS2_PLACEMENT_3D('Cylinder Axis2P3D',#9246,#9247,#9248) ;
#9268=AXIS2_PLACEMENT_3D('Cylinder Axis2P3D',#9265,#9266,#9267) ;
#9287=AXIS2_PLACEMENT_3D('Cylinder Axis2P3D',#9284,#9285,#9286) ;
#9291=AXIS2_PLACEMENT_3D('Circle Axis2P3D',#9289,#9290,$) ;
#9296=AXIS2_PLACEMENT_3D('Circle Axis2P3D',#9294,#9295,$) ;
#9378=AXIS2_PLACEMENT_3D('Cylinder Axis2P3D',#9375,#9376,#9377) ;
#9382=AXIS2_PLACEMENT_3D('Circle Axis2P3D',#9380,#9381,$) ;
#9395=AXIS2_PLACEMENT_3D('Cylinder Axis2P3D',#9392,#9393,#9394) ;
#9414=AXIS2_PLACEMENT_3D('Cylinder Axis2P3D',#9411,#9412,#9413) ;
#9418=AXIS2_PLACEMENT_3D('Circle Axis2P3D',#9416,#9417,$) ;
#9431=AXIS2_PLACEMENT_3D('Cylinder Axis2P3D',#9428,#9429,#9430) ;
#9435=AXIS2_PLACEMENT_3D('Circle Axis2P3D',#9433,#9434,$) ;
#9455=AXIS2_PLACEMENT_3D('Cylinder Axis2P3D',#9452,#9453,#9454) ;
#9468=AXIS2_PLACEMENT_3D('Circle Axis2P3D',#9466,#9467,$) ;
#9489=AXIS2_PLACEMENT_3D('Cylinder Axis2P3D',#9486,#9487,#9488) ;
#9516=AXIS2_PLACEMENT_3D('Cylinder Axis2P3D',#9513,#9514,#9515) ;
#9520=AXIS2_PLACEMENT_3D('Circle Axis2P3D',#9518,#9519,$) ;
#9540=AXIS2_PLACEMENT_3D('Torus Axis2P3D',#9537,#9538,#9539) ;
#9544=AXIS2_PLACEMENT_3D('Circle Axis2P3D',#9542,#9543,$) ;
#9551=AXIS2_PLACEMENT_3D('Circle Axis2P3D',#9549,#9550,$) ;
#9558=AXIS2_PLACEMENT_3D('Circle Axis2P3D',#9556,#9557,$) ;
#9571=AXIS2_PLACEMENT_3D('Torus Axis2P3D',#9568,#9569,#9570) ;
#9575=AXIS2_PLACEMENT_3D('Circle Axis2P3D',#9573,#9574,$) ;
#9588=AXIS2_PLACEMENT_3D('Torus Axis2P3D',#9585,#9586,#9587) ;
#9592=AXIS2_PLACEMENT_3D('Circle Axis2P3D',#9590,#9591,$) ;
#9599=AXIS2_PLACEMENT_3D('Circle Axis2P3D',#9597,#9598,$) ;
#9606=AXIS2_PLACEMENT_3D('Circle Axis2P3D',#9604,#9605,$) ;
#9619=AXIS2_PLACEMENT_3D('Torus Axis2P3D',#9616,#9617,#9618) ;
#9623=AXIS2_PLACEMENT_3D('Circle Axis2P3D',#9621,#9622,$) ;
#9636=AXIS2_PLACEMENT_3D('Cylinder Axis2P3D',#9633,#9634,#9635) ;
#9640=AXIS2_PLACEMENT_3D('Circle Axis2P3D',#9638,#9639,$) ;
#9647=AXIS2_PLACEMENT_3D('Circle Axis2P3D',#9645,#9646,$) ;
#9761=AXIS2_PLACEMENT_3D('Cylinder Axis2P3D',#9758,#9759,#9760) ;
#9765=AXIS2_PLACEMENT_3D('Circle Axis2P3D',#9763,#9764,$) ;
#9785=AXIS2_PLACEMENT_3D('Cylinder Axis2P3D',#9782,#9783,#9784) ;
#9789=AXIS2_PLACEMENT_3D('Circle Axis2P3D',#9787,#9788,$) ;
#9810=AXIS2_PLACEMENT_3D('Cylinder Axis2P3D',#9807,#9808,#9809) ;
#9835=AXIS2_PLACEMENT_3D('Cylinder Axis2P3D',#9832,#9833,#9834) ;
#9839=AXIS2_PLACEMENT_3D('Circle Axis2P3D',#9837,#9838,$) ;
#9852=AXIS2_PLACEMENT_3D('Torus Axis2P3D',#9849,#9850,#9851) ;
#9856=AXIS2_PLACEMENT_3D('Circle Axis2P3D',#9854,#9855,$) ;
#9863=AXIS2_PLACEMENT_3D('Circle Axis2P3D',#9861,#9862,$) ;
#9870=AXIS2_PLACEMENT_3D('Circle Axis2P3D',#9868,#9869,$) ;
#9883=AXIS2_PLACEMENT_3D('Torus Axis2P3D',#9880,#9881,#9882) ;
#9887=AXIS2_PLACEMENT_3D('Circle Axis2P3D',#9885,#9886,$) ;
#9900=AXIS2_PLACEMENT_3D('Torus Axis2P3D',#9897,#9898,#9899) ;
#9904=AXIS2_PLACEMENT_3D('Circle Axis2P3D',#9902,#9903,$) ;
#9911=AXIS2_PLACEMENT_3D('Circle Axis2P3D',#9909,#9910,$) ;
#9918=AXIS2_PLACEMENT_3D('Circle Axis2P3D',#9916,#9917,$) ;
#9931=AXIS2_PLACEMENT_3D('Torus Axis2P3D',#9928,#9929,#9930) ;
#9935=AXIS2_PLACEMENT_3D('Circle Axis2P3D',#9933,#9934,$) ;
#9948=AXIS2_PLACEMENT_3D('Cylinder Axis2P3D',#9945,#9946,#9947) ;
#9952=AXIS2_PLACEMENT_3D('Circle Axis2P3D',#9950,#9951,$) ;
#9973=AXIS2_PLACEMENT_3D('Cylinder Axis2P3D',#9970,#9971,#9972) ;
#9998=AXIS2_PLACEMENT_3D('Cylinder Axis2P3D',#9995,#9996,#9997) ;
#10002=AXIS2_PLACEMENT_3D('Circle Axis2P3D',#10000,#10001,$) ;
#10015=AXIS2_PLACEMENT_3D('Torus Axis2P3D',#10012,#10013,#10014) ;
#10019=AXIS2_PLACEMENT_3D('Circle Axis2P3D',#10017,#10018,$) ;
#10026=AXIS2_PLACEMENT_3D('Circle Axis2P3D',#10024,#10025,$) ;
#10033=AXIS2_PLACEMENT_3D('Circle Axis2P3D',#10031,#10032,$) ;
#10046=AXIS2_PLACEMENT_3D('Torus Axis2P3D',#10043,#10044,#10045) ;
#10050=AXIS2_PLACEMENT_3D('Circle Axis2P3D',#10048,#10049,$) ;
#10063=AXIS2_PLACEMENT_3D('Torus Axis2P3D',#10060,#10061,#10062) ;
#10067=AXIS2_PLACEMENT_3D('Circle Axis2P3D',#10065,#10066,$) ;
#10074=AXIS2_PLACEMENT_3D('Circle Axis2P3D',#10072,#10073,$) ;
#10081=AXIS2_PLACEMENT_3D('Circle Axis2P3D',#10079,#10080,$) ;
#10094=AXIS2_PLACEMENT_3D('Torus Axis2P3D',#10091,#10092,#10093) ;
#10098=AXIS2_PLACEMENT_3D('Circle Axis2P3D',#10096,#10097,$) ;
#10199=AXIS2_PLACEMENT_3D('Sphere Axis2P3D',#10196,#10197,#10198) ;
#10210=AXIS2_PLACEMENT_3D('Sphere Axis2P3D',#10207,#10208,#10209) ;
#10221=AXIS2_PLACEMENT_3D('Plane Axis2P3D',#10218,#10219,#10220) ;
#10233=AXIS2_PLACEMENT_3D('Plane Axis2P3D',#10230,#10231,#10232) ;
#10245=AXIS2_PLACEMENT_3D('Plane Axis2P3D',#10242,#10243,#10244) ;
#10264=AXIS2_PLACEMENT_3D('Plane Axis2P3D',#10261,#10262,#10263) ;
#10296=AXIS2_PLACEMENT_3D('Cylinder Axis2P3D',#10293,#10294,#10295) ;
#10329=AXIS2_PLACEMENT_3D('Plane Axis2P3D',#10326,#10327,#10328) ;
#10354=AXIS2_PLACEMENT_3D('Plane Axis2P3D',#10351,#10352,#10353) ;
#10373=AXIS2_PLACEMENT_3D('Cylinder Axis2P3D',#10370,#10371,#10372) ;
#10385=AXIS2_PLACEMENT_3D('Plane Axis2P3D',#10382,#10383,#10384) ;
#10434=AXIS2_PLACEMENT_3D('Plane Axis2P3D',#10431,#10432,#10433) ;
#10457=AXIS2_PLACEMENT_3D('Cylinder Axis2P3D',#10454,#10455,#10456) ;
#10461=AXIS2_PLACEMENT_3D('Circle Axis2P3D',#10459,#10460,$) ;
#10497=AXIS2_PLACEMENT_3D('Plane Axis2P3D',#10494,#10495,#10496) ;
#10510=AXIS2_PLACEMENT_3D('Plane Axis2P3D',#10507,#10508,#10509) ;
#10528=AXIS2_PLACEMENT_3D('Cylinder Axis2P3D',#10525,#10526,#10527) ;
#10532=AXIS2_PLACEMENT_3D('Circle Axis2P3D',#10530,#10531,$) ;
#10562=AXIS2_PLACEMENT_3D('Circle Axis2P3D',#10560,#10561,$) ;
#10575=AXIS2_PLACEMENT_3D('Plane Axis2P3D',#10572,#10573,#10574) ;
#10586=AXIS2_PLACEMENT_3D('Circle Axis2P3D',#10584,#10585,$) ;
#10599=AXIS2_PLACEMENT_3D('Plane Axis2P3D',#10596,#10597,#10598) ;
#10611=AXIS2_PLACEMENT_3D('Plane Axis2P3D',#10608,#10609,#10610) ;
#10636=AXIS2_PLACEMENT_3D('Cone Axis2P3D',#10633,#10634,#10635) ;
#10663=AXIS2_PLACEMENT_3D('Plane Axis2P3D',#10660,#10661,#10662) ;
#10688=AXIS2_PLACEMENT_3D('Cone Axis2P3D',#10685,#10686,#10687) ;
#10715=AXIS2_PLACEMENT_3D('Plane Axis2P3D',#10712,#10713,#10714) ;
#10732=AXIS2_PLACEMENT_3D('Plane Axis2P3D',#10729,#10730,#10731) ;
#10753=AXIS2_PLACEMENT_3D('Plane Axis2P3D',#10750,#10751,#10752) ;
#10776=AXIS2_PLACEMENT_3D('Plane Axis2P3D',#10773,#10774,#10775) ;
#10823=AXIS2_PLACEMENT_3D('Plane Axis2P3D',#10820,#10821,#10822) ;
#10847=AXIS2_PLACEMENT_3D('Plane Axis2P3D',#10844,#10845,#10846) ;
#10894=AXIS2_PLACEMENT_3D('Plane Axis2P3D',#10891,#10892,#10893) ;
#10917=AXIS2_PLACEMENT_3D('Plane Axis2P3D',#10914,#10915,#10916) ;
#10983=AXIS2_PLACEMENT_3D('Plane Axis2P3D',#10980,#10981,#10982) ;
#11030=AXIS2_PLACEMENT_3D('Plane Axis2P3D',#11027,#11028,#11029) ;
#11047=AXIS2_PLACEMENT_3D('Plane Axis2P3D',#11044,#11045,#11046) ;
#11070=AXIS2_PLACEMENT_3D('Plane Axis2P3D',#11067,#11068,#11069) ;
#11117=AXIS2_PLACEMENT_3D('Plane Axis2P3D',#11114,#11115,#11116) ;
#11141=AXIS2_PLACEMENT_3D('Plane Axis2P3D',#11138,#11139,#11140) ;
#11188=AXIS2_PLACEMENT_3D('Plane Axis2P3D',#11185,#11186,#11187) ;
#11211=AXIS2_PLACEMENT_3D('Plane Axis2P3D',#11208,#11209,#11210) ;
#11277=AXIS2_PLACEMENT_3D('Plane Axis2P3D',#11274,#11275,#11276) ;
#11324=AXIS2_PLACEMENT_3D('Plane Axis2P3D',#11321,#11322,#11323) ;
#11340=AXIS2_PLACEMENT_3D('Plane Axis2P3D',#11337,#11338,#11339) ;
#11371=AXIS2_PLACEMENT_3D('Plane Axis2P3D',#11368,#11369,#11370) ;
#11410=AXIS2_PLACEMENT_3D('Plane Axis2P3D',#11407,#11408,#11409) ;
#11434=AXIS2_PLACEMENT_3D('Plane Axis2P3D',#11431,#11432,#11433) ;
#11466=AXIS2_PLACEMENT_3D('Cylinder Axis2P3D',#11463,#11464,#11465) ;
#11470=AXIS2_PLACEMENT_3D('Circle Axis2P3D',#11468,#11469,$) ;
#11486=AXIS2_PLACEMENT_3D('Circle Axis2P3D',#11484,#11485,$) ;
#11498=AXIS2_PLACEMENT_3D('Circle Axis2P3D',#11496,#11497,$) ;
#11522=AXIS2_PLACEMENT_3D('Plane Axis2P3D',#11519,#11520,#11521) ;
#11585=AXIS2_PLACEMENT_3D('Plane Axis2P3D',#11582,#11583,#11584) ;
#11617=AXIS2_PLACEMENT_3D('Cylinder Axis2P3D',#11614,#11615,#11616) ;
#11621=AXIS2_PLACEMENT_3D('Circle Axis2P3D',#11619,#11620,$) ;
#11637=AXIS2_PLACEMENT_3D('Circle Axis2P3D',#11635,#11636,$) ;
#11642=AXIS2_PLACEMENT_3D('Circle Axis2P3D',#11640,#11641,$) ;
#11666=AXIS2_PLACEMENT_3D('Plane Axis2P3D',#11663,#11664,#11665) ;
#11689=AXIS2_PLACEMENT_3D('Cone Axis2P3D',#11686,#11687,#11688) ;
#11693=AXIS2_PLACEMENT_3D('Circle Axis2P3D',#11691,#11692,$) ;
#11706=AXIS2_PLACEMENT_3D('Plane Axis2P3D',#11703,#11704,#11705) ;
#11715=AXIS2_PLACEMENT_3D('Circle Axis2P3D',#11713,#11714,$) ;
#11729=AXIS2_PLACEMENT_3D('Circle Axis2P3D',#11727,#11728,$) ;
#11739=AXIS2_PLACEMENT_3D('Circle Axis2P3D',#11737,#11738,$) ;
#11749=AXIS2_PLACEMENT_3D('Circle Axis2P3D',#11747,#11748,$) ;
#11759=AXIS2_PLACEMENT_3D('Circle Axis2P3D',#11757,#11758,$) ;
#11799=AXIS2_PLACEMENT_3D('Plane Axis2P3D',#11796,#11797,#11798) ;
#11829=AXIS2_PLACEMENT_3D('Cone Axis2P3D',#11826,#11827,#11828) ;
#11841=AXIS2_PLACEMENT_3D('Plane Axis2P3D',#11838,#11839,#11840) ;
#11853=AXIS2_PLACEMENT_3D('Cylinder Axis2P3D',#11850,#11851,#11852) ;
#11879=AXIS2_PLACEMENT_3D('Plane Axis2P3D',#11876,#11877,#11878) ;
#11893=AXIS2_PLACEMENT_3D('Plane Axis2P3D',#11890,#11891,#11892) ;
#11917=AXIS2_PLACEMENT_3D('Plane Axis2P3D',#11914,#11915,#11916) ;
#11954=AXIS2_PLACEMENT_3D('Circle Axis2P3D',#11952,#11953,$) ;
#11961=AXIS2_PLACEMENT_3D('Circle Axis2P3D',#11959,#11960,$) ;
#11968=AXIS2_PLACEMENT_3D('Circle Axis2P3D',#11966,#11967,$) ;
#11996=AXIS2_PLACEMENT_3D('Circle Axis2P3D',#11994,#11995,$) ;
#12003=AXIS2_PLACEMENT_3D('Circle Axis2P3D',#12001,#12002,$) ;
#12010=AXIS2_PLACEMENT_3D('Circle Axis2P3D',#12008,#12009,$) ;
#12022=AXIS2_PLACEMENT_3D('Circle Axis2P3D',#12020,#12021,$) ;
#12032=AXIS2_PLACEMENT_3D('Circle Axis2P3D',#12030,#12031,$) ;
#12046=AXIS2_PLACEMENT_3D('Circle Axis2P3D',#12044,#12045,$) ;
#12056=AXIS2_PLACEMENT_3D('Circle Axis2P3D',#12054,#12055,$) ;
#12091=AXIS2_PLACEMENT_3D('Cone Axis2P3D',#12088,#12089,#12090) ;
#12117=AXIS2_PLACEMENT_3D('Cone Axis2P3D',#12114,#12115,#12116) ;
#12162=AXIS2_PLACEMENT_3D('Plane Axis2P3D',#12159,#12160,#12161) ;
#12241=AXIS2_PLACEMENT_3D('Cylinder Axis2P3D',#12238,#12239,#12240) ;
#12245=AXIS2_PLACEMENT_3D('Circle Axis2P3D',#12243,#12244,$) ;
#12302=AXIS2_PLACEMENT_3D('Cylinder Axis2P3D',#12299,#12300,#12301) ;
#12306=AXIS2_PLACEMENT_3D('Circle Axis2P3D',#12304,#12305,$) ;
#12358=AXIS2_PLACEMENT_3D('Plane Axis2P3D',#12355,#12356,#12357) ;
#12573=AXIS2_PLACEMENT_3D('Plane Axis2P3D',#12570,#12571,#12572) ;
#12598=AXIS2_PLACEMENT_3D('Plane Axis2P3D',#12595,#12596,#12597) ;
#12632=AXIS2_PLACEMENT_3D('Plane Axis2P3D',#12629,#12630,#12631) ;
#12650=AXIS2_PLACEMENT_3D('Cone Axis2P3D',#12647,#12648,#12649) ;
#12672=AXIS2_PLACEMENT_3D('Cone Axis2P3D',#12669,#12670,#12671) ;
#12684=AXIS2_PLACEMENT_3D('Cone Axis2P3D',#12681,#12682,#12683) ;
#12706=AXIS2_PLACEMENT_3D('Cone Axis2P3D',#12703,#12704,#12705) ;
#12718=AXIS2_PLACEMENT_3D('Cylinder Axis2P3D',#12715,#12716,#12717) ;
#12733=AXIS2_PLACEMENT_3D('Cone Axis2P3D',#12730,#12731,#12732) ;
#12742=AXIS2_PLACEMENT_3D('Circle Axis2P3D',#12740,#12741,$) ;
#12760=AXIS2_PLACEMENT_3D('Cone Axis2P3D',#12757,#12758,#12759) ;
#12772=AXIS2_PLACEMENT_3D('Cone Axis2P3D',#12769,#12770,#12771) ;
#12781=AXIS2_PLACEMENT_3D('Circle Axis2P3D',#12779,#12780,$) ;
#12799=AXIS2_PLACEMENT_3D('Cone Axis2P3D',#12796,#12797,#12798) ;
#12811=AXIS2_PLACEMENT_3D('Cone Axis2P3D',#12808,#12809,#12810) ;
#12820=AXIS2_PLACEMENT_3D('Circle Axis2P3D',#12818,#12819,$) ;
#12838=AXIS2_PLACEMENT_3D('Cone Axis2P3D',#12835,#12836,#12837) ;
#12850=AXIS2_PLACEMENT_3D('Cone Axis2P3D',#12847,#12848,#12849) ;
#12859=AXIS2_PLACEMENT_3D('Circle Axis2P3D',#12857,#12858,$) ;
#12877=AXIS2_PLACEMENT_3D('Cone Axis2P3D',#12874,#12875,#12876) ;
#12889=AXIS2_PLACEMENT_3D('Plane Axis2P3D',#12886,#12887,#12888) ;
#12941=AXIS2_PLACEMENT_3D('Cone Axis2P3D',#12938,#12939,#12940) ;
#12966=AXIS2_PLACEMENT_3D('Cone Axis2P3D',#12963,#12964,#12965) ;
#12984=AXIS2_PLACEMENT_3D('Plane Axis2P3D',#12981,#12982,#12983) ;
#12996=AXIS2_PLACEMENT_3D('Cone Axis2P3D',#12993,#12994,#12995) ;
#13050=AXIS2_PLACEMENT_3D('Cone Axis2P3D',#13047,#13048,#13049) ;
#13075=AXIS2_PLACEMENT_3D('Plane Axis2P3D',#13072,#13073,#13074) ;
#13101=AXIS2_PLACEMENT_3D('Plane Axis2P3D',#13098,#13099,#13100) ;
#13120=AXIS2_PLACEMENT_3D('Plane Axis2P3D',#13117,#13118,#13119) ;
#13139=AXIS2_PLACEMENT_3D('Plane Axis2P3D',#13136,#13137,#13138) ;
#13151=AXIS2_PLACEMENT_3D('Plane Axis2P3D',#13148,#13149,#13150) ;
#13182=AXIS2_PLACEMENT_3D('Plane Axis2P3D',#13179,#13180,#13181) ;
#13206=AXIS2_PLACEMENT_3D('Plane Axis2P3D',#13203,#13204,#13205) ;
#13230=AXIS2_PLACEMENT_3D('Plane Axis2P3D',#13227,#13228,#13229) ;
#13263=AXIS2_PLACEMENT_3D('Plane Axis2P3D',#13260,#13261,#13262) ;
#13280=AXIS2_PLACEMENT_3D('Plane Axis2P3D',#13277,#13278,#13279) ;
#13297=AXIS2_PLACEMENT_3D('Plane Axis2P3D',#13294,#13295,#13296) ;
#13309=AXIS2_PLACEMENT_3D('Plane Axis2P3D',#13306,#13307,#13308) ;
#13340=AXIS2_PLACEMENT_3D('Plane Axis2P3D',#13337,#13338,#13339) ;
#13364=AXIS2_PLACEMENT_3D('Plane Axis2P3D',#13361,#13362,#13363) ;
#13388=AXIS2_PLACEMENT_3D('Plane Axis2P3D',#13385,#13386,#13387) ;
#13477=AXIS2_PLACEMENT_3D('Plane Axis2P3D',#13474,#13475,#13476) ;
#13494=AXIS2_PLACEMENT_3D('Plane Axis2P3D',#13491,#13492,#13493) ;
#13511=AXIS2_PLACEMENT_3D('Plane Axis2P3D',#13508,#13509,#13510) ;
#13528=AXIS2_PLACEMENT_3D('Plane Axis2P3D',#13525,#13526,#13527) ;
#13545=AXIS2_PLACEMENT_3D('Plane Axis2P3D',#13542,#13543,#13544) ;
#13562=AXIS2_PLACEMENT_3D('Plane Axis2P3D',#13559,#13560,#13561) ;
#13579=AXIS2_PLACEMENT_3D('Plane Axis2P3D',#13576,#13577,#13578) ;
#13596=AXIS2_PLACEMENT_3D('Plane Axis2P3D',#13593,#13594,#13595) ;
#13613=AXIS2_PLACEMENT_3D('Plane Axis2P3D',#13610,#13611,#13612) ;
#13630=AXIS2_PLACEMENT_3D('Plane Axis2P3D',#13627,#13628,#13629) ;
#13642=AXIS2_PLACEMENT_3D('Plane Axis2P3D',#13639,#13640,#13641) ;
#13673=AXIS2_PLACEMENT_3D('Plane Axis2P3D',#13670,#13671,#13672) ;
#13697=AXIS2_PLACEMENT_3D('Plane Axis2P3D',#13694,#13695,#13696) ;
#13997=AXIS2_PLACEMENT_3D('Plane Axis2P3D',#13994,#13995,#13996) ;
#14014=AXIS2_PLACEMENT_3D('Plane Axis2P3D',#14011,#14012,#14013) ;
#14031=AXIS2_PLACEMENT_3D('Plane Axis2P3D',#14028,#14029,#14030) ;
#14048=AXIS2_PLACEMENT_3D('Plane Axis2P3D',#14045,#14046,#14047) ;
#14065=AXIS2_PLACEMENT_3D('Plane Axis2P3D',#14062,#14063,#14064) ;
#14082=AXIS2_PLACEMENT_3D('Plane Axis2P3D',#14079,#14080,#14081) ;
#14099=AXIS2_PLACEMENT_3D('Plane Axis2P3D',#14096,#14097,#14098) ;
#14116=AXIS2_PLACEMENT_3D('Plane Axis2P3D',#14113,#14114,#14115) ;
#14133=AXIS2_PLACEMENT_3D('Plane Axis2P3D',#14130,#14131,#14132) ;
#14150=AXIS2_PLACEMENT_3D('Plane Axis2P3D',#14147,#14148,#14149) ;
#14167=AXIS2_PLACEMENT_3D('Plane Axis2P3D',#14164,#14165,#14166) ;
#14184=AXIS2_PLACEMENT_3D('Plane Axis2P3D',#14181,#14182,#14183) ;
#14201=AXIS2_PLACEMENT_3D('Plane Axis2P3D',#14198,#14199,#14200) ;
#14218=AXIS2_PLACEMENT_3D('Plane Axis2P3D',#14215,#14216,#14217) ;
#14235=AXIS2_PLACEMENT_3D('Plane Axis2P3D',#14232,#14233,#14234) ;
#14252=AXIS2_PLACEMENT_3D('Plane Axis2P3D',#14249,#14250,#14251) ;
#14269=AXIS2_PLACEMENT_3D('Plane Axis2P3D',#14266,#14267,#14268) ;
#14286=AXIS2_PLACEMENT_3D('Plane Axis2P3D',#14283,#14284,#14285) ;
#14303=AXIS2_PLACEMENT_3D('Plane Axis2P3D',#14300,#14301,#14302) ;
#14320=AXIS2_PLACEMENT_3D('Plane Axis2P3D',#14317,#14318,#14319) ;
#14337=AXIS2_PLACEMENT_3D('Plane Axis2P3D',#14334,#14335,#14336) ;
#14354=AXIS2_PLACEMENT_3D('Plane Axis2P3D',#14351,#14352,#14353) ;
#14371=AXIS2_PLACEMENT_3D('Plane Axis2P3D',#14368,#14369,#14370) ;
#14388=AXIS2_PLACEMENT_3D('Plane Axis2P3D',#14385,#14386,#14387) ;
#14405=AXIS2_PLACEMENT_3D('Plane Axis2P3D',#14402,#14403,#14404) ;
#14422=AXIS2_PLACEMENT_3D('Plane Axis2P3D',#14419,#14420,#14421) ;
#14439=AXIS2_PLACEMENT_3D('Plane Axis2P3D',#14436,#14437,#14438) ;
#14456=AXIS2_PLACEMENT_3D('Plane Axis2P3D',#14453,#14454,#14455) ;
#14473=AXIS2_PLACEMENT_3D('Plane Axis2P3D',#14470,#14471,#14472) ;
#14490=AXIS2_PLACEMENT_3D('Plane Axis2P3D',#14487,#14488,#14489) ;
#14507=AXIS2_PLACEMENT_3D('Plane Axis2P3D',#14504,#14505,#14506) ;
#14524=AXIS2_PLACEMENT_3D('Plane Axis2P3D',#14521,#14522,#14523) ;
#14541=AXIS2_PLACEMENT_3D('Plane Axis2P3D',#14538,#14539,#14540) ;
#14558=AXIS2_PLACEMENT_3D('Plane Axis2P3D',#14555,#14556,#14557) ;
#40=PRODUCT_DEFINITION_SHAPE(' ',' ',#14) ;
#31=APPROVAL_PERSON_ORGANIZATION(#25,#21,#19) ;
#25=PERSON_AND_ORGANIZATION(#22,#23) ;
#22=PERSON(' ',' ',' ',$,$,$) ;
#23=ORGANIZATION(' ',' ',' ') ;
#21=APPROVAL(#20,' ') ;
#20=APPROVAL_STATUS('not_yet_approved') ;
#19=APPROVAL_ROLE('APPROVER') ;
#13=DATE_AND_TIME(#11,#12) ;
#12=LOCAL_TIME(10,59,57.,#10) ;
#10=COORDINATED_UNIVERSAL_TIME_OFFSET(0,0,.AHEAD.) ;
#85=ORIENTED_EDGE('',*,*,#64,.T.) ;
#86=ORIENTED_EDGE('',*,*,#71,.T.) ;
#87=ORIENTED_EDGE('',*,*,#78,.F.) ;
#88=ORIENTED_EDGE('',*,*,#83,.F.) ;
#293=ORIENTED_EDGE('',*,*,#104,.F.) ;
#294=ORIENTED_EDGE('',*,*,#123,.F.) ;
#295=ORIENTED_EDGE('',*,*,#129,.T.) ;
#296=ORIENTED_EDGE('',*,*,#136,.T.) ;
#297=ORIENTED_EDGE('',*,*,#142,.T.) ;
#298=ORIENTED_EDGE('',*,*,#149,.F.) ;
#299=ORIENTED_EDGE('',*,*,#155,.F.) ;
#300=ORIENTED_EDGE('',*,*,#162,.F.) ;
#301=ORIENTED_EDGE('',*,*,#168,.T.) ;
#302=ORIENTED_EDGE('',*,*,#175,.F.) ;
#303=ORIENTED_EDGE('',*,*,#181,.F.) ;
#304=ORIENTED_EDGE('',*,*,#188,.F.) ;
#305=ORIENTED_EDGE('',*,*,#194,.T.) ;
#306=ORIENTED_EDGE('',*,*,#213,.F.) ;
#307=ORIENTED_EDGE('',*,*,#219,.F.) ;
#308=ORIENTED_EDGE('',*,*,#238,.F.) ;
#309=ORIENTED_EDGE('',*,*,#244,.T.) ;
#310=ORIENTED_EDGE('',*,*,#251,.F.) ;
#311=ORIENTED_EDGE('',*,*,#255,.T.) ;
#312=ORIENTED_EDGE('',*,*,#64,.F.) ;
#313=ORIENTED_EDGE('',*,*,#261,.F.) ;
#314=ORIENTED_EDGE('',*,*,#268,.T.) ;
#315=ORIENTED_EDGE('',*,*,#274,.T.) ;
#316=ORIENTED_EDGE('',*,*,#291,.F.) ;
#364=ORIENTED_EDGE('',*,*,#334,.F.) ;
#365=ORIENTED_EDGE('',*,*,#338,.T.) ;
#366=ORIENTED_EDGE('',*,*,#71,.F.) ;
#367=ORIENTED_EDGE('',*,*,#255,.F.) ;
#368=ORIENTED_EDGE('',*,*,#344,.T.) ;
#369=ORIENTED_EDGE('',*,*,#350,.T.) ;
#370=ORIENTED_EDGE('',*,*,#357,.T.) ;
#371=ORIENTED_EDGE('',*,*,#362,.T.) ;
#391=ORIENTED_EDGE('',*,*,#384,.F.) ;
#392=ORIENTED_EDGE('',*,*,#78,.T.) ;
#393=ORIENTED_EDGE('',*,*,#338,.F.) ;
#394=ORIENTED_EDGE('',*,*,#389,.F.) ;
#436=ORIENTED_EDGE('',*,*,#410,.F.) ;
#437=ORIENTED_EDGE('',*,*,#417,.F.) ;
#438=ORIENTED_EDGE('',*,*,#423,.T.) ;
#439=ORIENTED_EDGE('',*,*,#427,.F.) ;
#440=ORIENTED_EDGE('',*,*,#261,.T.) ;
#441=ORIENTED_EDGE('',*,*,#83,.T.) ;
#442=ORIENTED_EDGE('',*,*,#384,.T.) ;
#443=ORIENTED_EDGE('',*,*,#434,.F.) ;
#471=ORIENTED_EDGE('',*,*,#457,.T.) ;
#472=ORIENTED_EDGE('',*,*,#464,.F.) ;
#473=ORIENTED_EDGE('',*,*,#469,.F.) ;
#474=ORIENTED_EDGE('',*,*,#291,.T.) ;
#501=ORIENTED_EDGE('',*,*,#487,.F.) ;
#502=ORIENTED_EDGE('',*,*,#457,.F.) ;
#503=ORIENTED_EDGE('',*,*,#274,.F.) ;
#504=ORIENTED_EDGE('',*,*,#494,.F.) ;
#505=ORIENTED_EDGE('',*,*,#499,.F.) ;
#538=ORIENTED_EDGE('',*,*,#427,.T.) ;
#539=ORIENTED_EDGE('',*,*,#519,.F.) ;
#540=ORIENTED_EDGE('',*,*,#526,.F.) ;
#541=ORIENTED_EDGE('',*,*,#531,.T.) ;
#542=ORIENTED_EDGE('',*,*,#136,.F.) ;
#543=ORIENTED_EDGE('',*,*,#536,.F.) ;
#544=ORIENTED_EDGE('',*,*,#268,.F.) ;
#572=ORIENTED_EDGE('',*,*,#251,.T.) ;
#573=ORIENTED_EDGE('',*,*,#551,.T.) ;
#574=ORIENTED_EDGE('',*,*,#188,.T.) ;
#575=ORIENTED_EDGE('',*,*,#558,.F.) ;
#576=ORIENTED_EDGE('',*,*,#565,.F.) ;
#577=ORIENTED_EDGE('',*,*,#570,.F.) ;
#578=ORIENTED_EDGE('',*,*,#344,.F.) ;
#611=ORIENTED_EDGE('',*,*,#594,.F.) ;
#612=ORIENTED_EDGE('',*,*,#599,.F.) ;
#613=ORIENTED_EDGE('',*,*,#244,.F.) ;
#614=ORIENTED_EDGE('',*,*,#605,.F.) ;
#615=ORIENTED_EDGE('',*,*,#609,.F.) ;
#636=ORIENTED_EDGE('',*,*,#629,.F.) ;
#637=ORIENTED_EDGE('',*,*,#634,.T.) ;
#638=ORIENTED_EDGE('',*,*,#605,.T.) ;
#639=ORIENTED_EDGE('',*,*,#238,.T.) ;
#660=ORIENTED_EDGE('',*,*,#219,.T.) ;
#661=ORIENTED_EDGE('',*,*,#653,.T.) ;
#662=ORIENTED_EDGE('',*,*,#658,.T.) ;
#663=ORIENTED_EDGE('',*,*,#629,.T.) ;
#684=ORIENTED_EDGE('',*,*,#677,.T.) ;
#685=ORIENTED_EDGE('',*,*,#682,.F.) ;
#686=ORIENTED_EDGE('',*,*,#653,.F.) ;
#687=ORIENTED_EDGE('',*,*,#213,.T.) ;
#714=ORIENTED_EDGE('',*,*,#700,.F.) ;
#715=ORIENTED_EDGE('',*,*,#677,.F.) ;
#716=ORIENTED_EDGE('',*,*,#194,.F.) ;
#717=ORIENTED_EDGE('',*,*,#707,.F.) ;
#718=ORIENTED_EDGE('',*,*,#712,.F.) ;
#767=ORIENTED_EDGE('',*,*,#734,.T.) ;
#768=ORIENTED_EDGE('',*,*,#741,.T.) ;
#769=ORIENTED_EDGE('',*,*,#745,.T.) ;
#770=ORIENTED_EDGE('',*,*,#558,.T.) ;
#771=ORIENTED_EDGE('',*,*,#181,.T.) ;
#772=ORIENTED_EDGE('',*,*,#752,.T.) ;
#773=ORIENTED_EDGE('',*,*,#758,.T.) ;
#774=ORIENTED_EDGE('',*,*,#765,.F.) ;
#894=ORIENTED_EDGE('',*,*,#797,.F.) ;
#895=ORIENTED_EDGE('',*,*,#804,.T.) ;
#896=ORIENTED_EDGE('',*,*,#811,.T.) ;
#897=ORIENTED_EDGE('',*,*,#818,.F.) ;
#898=ORIENTED_EDGE('',*,*,#837,.F.) ;
#899=ORIENTED_EDGE('',*,*,#844,.F.) ;
#900=ORIENTED_EDGE('',*,*,#863,.F.) ;
#901=ORIENTED_EDGE('',*,*,#868,.F.) ;
#902=ORIENTED_EDGE('',*,*,#752,.F.) ;
#903=ORIENTED_EDGE('',*,*,#175,.T.) ;
#904=ORIENTED_EDGE('',*,*,#887,.F.) ;
#905=ORIENTED_EDGE('',*,*,#892,.T.) ;
#928=ORIENTED_EDGE('',*,*,#919,.T.) ;
#929=ORIENTED_EDGE('',*,*,#887,.T.) ;
#930=ORIENTED_EDGE('',*,*,#168,.F.) ;
#931=ORIENTED_EDGE('',*,*,#926,.F.) ;
#959=ORIENTED_EDGE('',*,*,#945,.T.) ;
#960=ORIENTED_EDGE('',*,*,#162,.T.) ;
#961=ORIENTED_EDGE('',*,*,#952,.F.) ;
#962=ORIENTED_EDGE('',*,*,#957,.F.) ;
#994=ORIENTED_EDGE('',*,*,#155,.T.) ;
#995=ORIENTED_EDGE('',*,*,#978,.T.) ;
#996=ORIENTED_EDGE('',*,*,#985,.F.) ;
#997=ORIENTED_EDGE('',*,*,#992,.F.) ;
#1105=ORIENTED_EDGE('',*,*,#1020,.F.) ;
#1106=ORIENTED_EDGE('',*,*,#1025,.T.) ;
#1107=ORIENTED_EDGE('',*,*,#978,.F.) ;
#1108=ORIENTED_EDGE('',*,*,#149,.T.) ;
#1109=ORIENTED_EDGE('',*,*,#1032,.T.) ;
#1110=ORIENTED_EDGE('',*,*,#1039,.F.) ;
#1111=ORIENTED_EDGE('',*,*,#1058,.F.) ;
#1112=ORIENTED_EDGE('',*,*,#1065,.F.) ;
#1113=ORIENTED_EDGE('',*,*,#1084,.F.) ;
#1114=ORIENTED_EDGE('',*,*,#1091,.F.) ;
#1115=ORIENTED_EDGE('',*,*,#1098,.F.) ;
#1116=ORIENTED_EDGE('',*,*,#1103,.T.) ;
#1158=ORIENTED_EDGE('',*,*,#1134,.F.) ;
#1159=ORIENTED_EDGE('',*,*,#1138,.T.) ;
#1160=ORIENTED_EDGE('',*,*,#1032,.F.) ;
#1161=ORIENTED_EDGE('',*,*,#142,.F.) ;
#1162=ORIENTED_EDGE('',*,*,#531,.F.) ;
#1163=ORIENTED_EDGE('',*,*,#1144,.T.) ;
#1164=ORIENTED_EDGE('',*,*,#1151,.F.) ;
#1165=ORIENTED_EDGE('',*,*,#1156,.F.) ;
#1198=ORIENTED_EDGE('',*,*,#1181,.F.) ;
#1199=ORIENTED_EDGE('',*,*,#1186,.F.) ;
#1200=ORIENTED_EDGE('',*,*,#129,.F.) ;
#1201=ORIENTED_EDGE('',*,*,#1192,.F.) ;
#1202=ORIENTED_EDGE('',*,*,#1196,.F.) ;
#1223=ORIENTED_EDGE('',*,*,#1216,.F.) ;
#1224=ORIENTED_EDGE('',*,*,#1221,.T.) ;
#1225=ORIENTED_EDGE('',*,*,#1192,.T.) ;
#1226=ORIENTED_EDGE('',*,*,#123,.T.) ;
#1235=ORIENTED_EDGE('',*,*,#1233,.T.) ;
#1236=ORIENTED_EDGE('',*,*,#1216,.T.) ;
#1237=ORIENTED_EDGE('',*,*,#104,.T.) ;
#1238=ORIENTED_EDGE('',*,*,#469,.T.) ;
#1257=ORIENTED_EDGE('',*,*,#1250,.T.) ;
#1258=ORIENTED_EDGE('',*,*,#362,.F.) ;
#1259=ORIENTED_EDGE('',*,*,#357,.F.) ;
#1260=ORIENTED_EDGE('',*,*,#1255,.T.) ;
#1261=ORIENTED_EDGE('',*,*,#417,.T.) ;
#1262=ORIENTED_EDGE('',*,*,#410,.T.) ;
#1328=ORIENTED_EDGE('',*,*,#1278,.F.) ;
#1329=ORIENTED_EDGE('',*,*,#1284,.F.) ;
#1330=ORIENTED_EDGE('',*,*,#1291,.T.) ;
#1331=ORIENTED_EDGE('',*,*,#1297,.F.) ;
#1332=ORIENTED_EDGE('',*,*,#1302,.F.) ;
#1333=ORIENTED_EDGE('',*,*,#1144,.F.) ;
#1334=ORIENTED_EDGE('',*,*,#526,.T.) ;
#1335=ORIENTED_EDGE('',*,*,#519,.T.) ;
#1336=ORIENTED_EDGE('',*,*,#423,.F.) ;
#1337=ORIENTED_EDGE('',*,*,#1255,.F.) ;
#1338=ORIENTED_EDGE('',*,*,#350,.F.) ;
#1339=ORIENTED_EDGE('',*,*,#570,.T.) ;
#1340=ORIENTED_EDGE('',*,*,#565,.T.) ;
#1341=ORIENTED_EDGE('',*,*,#745,.F.) ;
#1342=ORIENTED_EDGE('',*,*,#1309,.F.) ;
#1343=ORIENTED_EDGE('',*,*,#1315,.F.) ;
#1344=ORIENTED_EDGE('',*,*,#1322,.F.) ;
#1345=ORIENTED_EDGE('',*,*,#1326,.T.) ;
#1354=ORIENTED_EDGE('',*,*,#334,.T.) ;
#1355=ORIENTED_EDGE('',*,*,#1250,.F.) ;
#1356=ORIENTED_EDGE('',*,*,#434,.T.) ;
#1357=ORIENTED_EDGE('',*,*,#389,.T.) ;
#1379=ORIENTED_EDGE('',*,*,#464,.T.) ;
#1380=ORIENTED_EDGE('',*,*,#1371,.F.) ;
#1381=ORIENTED_EDGE('',*,*,#1377,.F.) ;
#1439=ORIENTED_EDGE('',*,*,#1410,.F.) ;
#1440=ORIENTED_EDGE('',*,*,#499,.T.) ;
#1441=ORIENTED_EDGE('',*,*,#494,.T.) ;
#1442=ORIENTED_EDGE('',*,*,#536,.T.) ;
#1443=ORIENTED_EDGE('',*,*,#1186,.T.) ;
#1444=ORIENTED_EDGE('',*,*,#1181,.T.) ;
#1445=ORIENTED_EDGE('',*,*,#1432,.F.) ;
#1446=ORIENTED_EDGE('',*,*,#1437,.T.) ;
#1460=ORIENTED_EDGE('',*,*,#1458,.F.) ;
#1461=ORIENTED_EDGE('',*,*,#1371,.T.) ;
#1462=ORIENTED_EDGE('',*,*,#487,.T.) ;
#1463=ORIENTED_EDGE('',*,*,#1410,.T.) ;
#1516=ORIENTED_EDGE('',*,*,#1487,.F.) ;
#1517=ORIENTED_EDGE('',*,*,#1494,.T.) ;
#1518=ORIENTED_EDGE('',*,*,#1514,.F.) ;
#1519=ORIENTED_EDGE('',*,*,#712,.T.) ;
#1520=ORIENTED_EDGE('',*,*,#707,.T.) ;
#1521=ORIENTED_EDGE('',*,*,#551,.F.) ;
#1522=ORIENTED_EDGE('',*,*,#599,.T.) ;
#1523=ORIENTED_EDGE('',*,*,#594,.T.) ;
#1544=ORIENTED_EDGE('',*,*,#609,.T.) ;
#1545=ORIENTED_EDGE('',*,*,#1537,.F.) ;
#1546=ORIENTED_EDGE('',*,*,#1542,.F.) ;
#1547=ORIENTED_EDGE('',*,*,#1487,.T.) ;
#1562=ORIENTED_EDGE('',*,*,#1537,.T.) ;
#1563=ORIENTED_EDGE('',*,*,#634,.F.) ;
#1564=ORIENTED_EDGE('',*,*,#1560,.F.) ;
#1585=ORIENTED_EDGE('',*,*,#658,.F.) ;
#1586=ORIENTED_EDGE('',*,*,#1578,.T.) ;
#1587=ORIENTED_EDGE('',*,*,#1583,.T.) ;
#1588=ORIENTED_EDGE('',*,*,#1560,.T.) ;
#1602=ORIENTED_EDGE('',*,*,#682,.T.) ;
#1603=ORIENTED_EDGE('',*,*,#1600,.F.) ;
#1604=ORIENTED_EDGE('',*,*,#1578,.F.) ;
#1618=ORIENTED_EDGE('',*,*,#1616,.F.) ;
#1619=ORIENTED_EDGE('',*,*,#1600,.T.) ;
#1620=ORIENTED_EDGE('',*,*,#700,.T.) ;
#1621=ORIENTED_EDGE('',*,*,#1514,.T.) ;
#1710=ORIENTED_EDGE('',*,*,#1630,.T.) ;
#1711=ORIENTED_EDGE('',*,*,#1637,.T.) ;
#1712=ORIENTED_EDGE('',*,*,#1644,.T.) ;
#1713=ORIENTED_EDGE('',*,*,#1651,.T.) ;
#1714=ORIENTED_EDGE('',*,*,#1658,.T.) ;
#1715=ORIENTED_EDGE('',*,*,#1665,.T.) ;
#1716=ORIENTED_EDGE('',*,*,#1684,.F.) ;
#1717=ORIENTED_EDGE('',*,*,#1691,.F.) ;
#1718=ORIENTED_EDGE('',*,*,#1708,.F.) ;
#1719=ORIENTED_EDGE('',*,*,#1309,.T.) ;
#1720=ORIENTED_EDGE('',*,*,#741,.F.) ;
#1721=ORIENTED_EDGE('',*,*,#734,.F.) ;
#1741=ORIENTED_EDGE('',*,*,#758,.F.) ;
#1742=ORIENTED_EDGE('',*,*,#868,.T.) ;
#1743=ORIENTED_EDGE('',*,*,#1734,.F.) ;
#1744=ORIENTED_EDGE('',*,*,#1739,.F.) ;
#1758=ORIENTED_EDGE('',*,*,#1739,.T.) ;
#1759=ORIENTED_EDGE('',*,*,#1756,.F.) ;
#1760=ORIENTED_EDGE('',*,*,#1630,.F.) ;
#1761=ORIENTED_EDGE('',*,*,#765,.T.) ;
#1791=ORIENTED_EDGE('',*,*,#1775,.F.) ;
#1792=ORIENTED_EDGE('',*,*,#797,.T.) ;
#1793=ORIENTED_EDGE('',*,*,#1782,.T.) ;
#1794=ORIENTED_EDGE('',*,*,#1789,.F.) ;
#1983=ORIENTED_EDGE('',*,*,#1809,.T.) ;
#1984=ORIENTED_EDGE('',*,*,#1816,.T.) ;
#1985=ORIENTED_EDGE('',*,*,#1820,.T.) ;
#1986=ORIENTED_EDGE('',*,*,#804,.F.) ;
#1987=ORIENTED_EDGE('',*,*,#1775,.T.) ;
#1988=ORIENTED_EDGE('',*,*,#1827,.F.) ;
#1989=ORIENTED_EDGE('',*,*,#1831,.T.) ;
#1990=ORIENTED_EDGE('',*,*,#1103,.F.) ;
#1991=ORIENTED_EDGE('',*,*,#1837,.F.) ;
#1992=ORIENTED_EDGE('',*,*,#1844,.F.) ;
#1993=ORIENTED_EDGE('',*,*,#1850,.T.) ;
#1994=ORIENTED_EDGE('',*,*,#1869,.F.) ;
#1995=ORIENTED_EDGE('',*,*,#1875,.F.) ;
#1996=ORIENTED_EDGE('',*,*,#1894,.F.) ;
#1997=ORIENTED_EDGE('',*,*,#1900,.T.) ;
#1998=ORIENTED_EDGE('',*,*,#1907,.F.) ;
#1999=ORIENTED_EDGE('',*,*,#1913,.T.) ;
#2000=ORIENTED_EDGE('',*,*,#1920,.F.) ;
#2001=ORIENTED_EDGE('',*,*,#1926,.F.) ;
#2002=ORIENTED_EDGE('',*,*,#1933,.T.) ;
#2003=ORIENTED_EDGE('',*,*,#1939,.T.) ;
#2004=ORIENTED_EDGE('',*,*,#1958,.F.) ;
#2005=ORIENTED_EDGE('',*,*,#1964,.F.) ;
#2006=ORIENTED_EDGE('',*,*,#1981,.F.) ;
#2033=ORIENTED_EDGE('',*,*,#2014,.T.) ;
#2034=ORIENTED_EDGE('',*,*,#811,.F.) ;
#2035=ORIENTED_EDGE('',*,*,#1820,.F.) ;
#2036=ORIENTED_EDGE('',*,*,#2020,.F.) ;
#2037=ORIENTED_EDGE('',*,*,#2024,.T.) ;
#2038=ORIENTED_EDGE('',*,*,#1658,.F.) ;
#2039=ORIENTED_EDGE('',*,*,#1651,.F.) ;
#2040=ORIENTED_EDGE('',*,*,#2031,.F.) ;
#2060=ORIENTED_EDGE('',*,*,#2053,.T.) ;
#2061=ORIENTED_EDGE('',*,*,#818,.T.) ;
#2062=ORIENTED_EDGE('',*,*,#2014,.F.) ;
#2063=ORIENTED_EDGE('',*,*,#2058,.F.) ;
#2084=ORIENTED_EDGE('',*,*,#2053,.F.) ;
#2085=ORIENTED_EDGE('',*,*,#2077,.T.) ;
#2086=ORIENTED_EDGE('',*,*,#2082,.T.) ;
#2087=ORIENTED_EDGE('',*,*,#837,.T.) ;
#2107=ORIENTED_EDGE('',*,*,#2082,.F.) ;
#2108=ORIENTED_EDGE('',*,*,#2101,.F.) ;
#2109=ORIENTED_EDGE('',*,*,#2105,.T.) ;
#2110=ORIENTED_EDGE('',*,*,#844,.T.) ;
#2124=ORIENTED_EDGE('',*,*,#1734,.T.) ;
#2125=ORIENTED_EDGE('',*,*,#863,.T.) ;
#2126=ORIENTED_EDGE('',*,*,#2105,.F.) ;
#2127=ORIENTED_EDGE('',*,*,#2122,.F.) ;
#2141=ORIENTED_EDGE('',*,*,#1782,.F.) ;
#2142=ORIENTED_EDGE('',*,*,#892,.F.) ;
#2143=ORIENTED_EDGE('',*,*,#919,.F.) ;
#2144=ORIENTED_EDGE('',*,*,#2139,.F.) ;
#2208=ORIENTED_EDGE('',*,*,#2192,.T.) ;
#2209=ORIENTED_EDGE('',*,*,#926,.T.) ;
#2210=ORIENTED_EDGE('',*,*,#945,.F.) ;
#2211=ORIENTED_EDGE('',*,*,#2206,.F.) ;
#2275=ORIENTED_EDGE('',*,*,#952,.T.) ;
#2276=ORIENTED_EDGE('',*,*,#992,.T.) ;
#2277=ORIENTED_EDGE('',*,*,#2259,.F.) ;
#2278=ORIENTED_EDGE('',*,*,#2273,.F.) ;
#2338=ORIENTED_EDGE('',*,*,#957,.T.) ;
#2339=ORIENTED_EDGE('',*,*,#2273,.T.) ;
#2340=ORIENTED_EDGE('',*,*,#2292,.T.) ;
#2341=ORIENTED_EDGE('',*,*,#2308,.T.) ;
#2342=ORIENTED_EDGE('',*,*,#2315,.T.) ;
#2343=ORIENTED_EDGE('',*,*,#2331,.T.) ;
#2344=ORIENTED_EDGE('',*,*,#2336,.T.) ;
#2345=ORIENTED_EDGE('',*,*,#2206,.T.) ;
#2628=ORIENTED_EDGE('',*,*,#2355,.F.) ;
#2629=ORIENTED_EDGE('',*,*,#2362,.F.) ;
#2630=ORIENTED_EDGE('',*,*,#2369,.T.) ;
#2631=ORIENTED_EDGE('',*,*,#2376,.F.) ;
#2632=ORIENTED_EDGE('',*,*,#2383,.T.) ;
#2633=ORIENTED_EDGE('',*,*,#2390,.T.) ;
#2634=ORIENTED_EDGE('',*,*,#2397,.T.) ;
#2635=ORIENTED_EDGE('',*,*,#2404,.F.) ;
#2636=ORIENTED_EDGE('',*,*,#2411,.T.) ;
#2637=ORIENTED_EDGE('',*,*,#2418,.F.) ;
#2638=ORIENTED_EDGE('',*,*,#2425,.T.) ;
#2639=ORIENTED_EDGE('',*,*,#2432,.F.) ;
#2640=ORIENTED_EDGE('',*,*,#2439,.F.) ;
#2641=ORIENTED_EDGE('',*,*,#2446,.F.) ;
#2642=ORIENTED_EDGE('',*,*,#2453,.T.) ;
#2643=ORIENTED_EDGE('',*,*,#2460,.T.) ;
#2644=ORIENTED_EDGE('',*,*,#2467,.T.) ;
#2645=ORIENTED_EDGE('',*,*,#2474,.F.) ;
#2646=ORIENTED_EDGE('',*,*,#2481,.T.) ;
#2647=ORIENTED_EDGE('',*,*,#2488,.T.) ;
#2648=ORIENTED_EDGE('',*,*,#2495,.T.) ;
#2649=ORIENTED_EDGE('',*,*,#2502,.F.) ;
#2650=ORIENTED_EDGE('',*,*,#2509,.T.) ;
#2651=ORIENTED_EDGE('',*,*,#2516,.F.) ;
#2652=ORIENTED_EDGE('',*,*,#2523,.F.) ;
#2653=ORIENTED_EDGE('',*,*,#2530,.T.) ;
#2654=ORIENTED_EDGE('',*,*,#2537,.T.) ;
#2655=ORIENTED_EDGE('',*,*,#2544,.F.) ;
#2656=ORIENTED_EDGE('',*,*,#2551,.T.) ;
#2657=ORIENTED_EDGE('',*,*,#2558,.T.) ;
#2658=ORIENTED_EDGE('',*,*,#2565,.T.) ;
#2659=ORIENTED_EDGE('',*,*,#2572,.F.) ;
#2660=ORIENTED_EDGE('',*,*,#2579,.F.) ;
#2661=ORIENTED_EDGE('',*,*,#2586,.F.) ;
#2662=ORIENTED_EDGE('',*,*,#2593,.T.) ;
#2663=ORIENTED_EDGE('',*,*,#2600,.F.) ;
#2664=ORIENTED_EDGE('',*,*,#2607,.T.) ;
#2665=ORIENTED_EDGE('',*,*,#2614,.F.) ;
#2666=ORIENTED_EDGE('',*,*,#2621,.T.) ;
#2667=ORIENTED_EDGE('',*,*,#2626,.T.) ;
#2687=ORIENTED_EDGE('',*,*,#985,.T.) ;
#2688=ORIENTED_EDGE('',*,*,#1025,.F.) ;
#2689=ORIENTED_EDGE('',*,*,#2680,.F.) ;
#2690=ORIENTED_EDGE('',*,*,#2685,.F.) ;
#2706=ORIENTED_EDGE('',*,*,#2680,.T.) ;
#2707=ORIENTED_EDGE('',*,*,#1020,.T.) ;
#2708=ORIENTED_EDGE('',*,*,#1831,.F.) ;
#2709=ORIENTED_EDGE('',*,*,#2704,.F.) ;
#2729=ORIENTED_EDGE('',*,*,#1039,.T.) ;
#2730=ORIENTED_EDGE('',*,*,#1138,.F.) ;
#2731=ORIENTED_EDGE('',*,*,#2723,.F.) ;
#2732=ORIENTED_EDGE('',*,*,#2727,.F.) ;
#2753=ORIENTED_EDGE('',*,*,#2727,.T.) ;
#2754=ORIENTED_EDGE('',*,*,#2746,.F.) ;
#2755=ORIENTED_EDGE('',*,*,#2751,.F.) ;
#2756=ORIENTED_EDGE('',*,*,#1058,.T.) ;
#2776=ORIENTED_EDGE('',*,*,#2769,.F.) ;
#2777=ORIENTED_EDGE('',*,*,#1065,.T.) ;
#2778=ORIENTED_EDGE('',*,*,#2751,.T.) ;
#2779=ORIENTED_EDGE('',*,*,#2774,.T.) ;
#2800=ORIENTED_EDGE('',*,*,#2793,.F.) ;
#2801=ORIENTED_EDGE('',*,*,#1084,.T.) ;
#2802=ORIENTED_EDGE('',*,*,#2769,.T.) ;
#2803=ORIENTED_EDGE('',*,*,#2798,.T.) ;
#2823=ORIENTED_EDGE('',*,*,#2817,.T.) ;
#2824=ORIENTED_EDGE('',*,*,#2821,.F.) ;
#2825=ORIENTED_EDGE('',*,*,#1091,.T.) ;
#2826=ORIENTED_EDGE('',*,*,#2793,.T.) ;
#2863=ORIENTED_EDGE('',*,*,#2837,.F.) ;
#2864=ORIENTED_EDGE('',*,*,#2844,.T.) ;
#2865=ORIENTED_EDGE('',*,*,#2851,.T.) ;
#2866=ORIENTED_EDGE('',*,*,#2857,.T.) ;
#2867=ORIENTED_EDGE('',*,*,#2861,.T.) ;
#2868=ORIENTED_EDGE('',*,*,#1837,.T.) ;
#2869=ORIENTED_EDGE('',*,*,#1098,.T.) ;
#2870=ORIENTED_EDGE('',*,*,#2821,.T.) ;
#2943=ORIENTED_EDGE('',*,*,#2879,.F.) ;
#2944=ORIENTED_EDGE('',*,*,#2886,.F.) ;
#2945=ORIENTED_EDGE('',*,*,#2891,.T.) ;
#2946=ORIENTED_EDGE('',*,*,#1156,.T.) ;
#2947=ORIENTED_EDGE('',*,*,#1151,.T.) ;
#2948=ORIENTED_EDGE('',*,*,#1302,.T.) ;
#2949=ORIENTED_EDGE('',*,*,#2910,.F.) ;
#2950=ORIENTED_EDGE('',*,*,#2917,.F.) ;
#2951=ORIENTED_EDGE('',*,*,#2936,.F.) ;
#2952=ORIENTED_EDGE('',*,*,#2941,.T.) ;
#2953=ORIENTED_EDGE('',*,*,#2851,.F.) ;
#2954=ORIENTED_EDGE('',*,*,#2844,.F.) ;
#2968=ORIENTED_EDGE('',*,*,#2723,.T.) ;
#2969=ORIENTED_EDGE('',*,*,#1134,.T.) ;
#2970=ORIENTED_EDGE('',*,*,#2891,.F.) ;
#2971=ORIENTED_EDGE('',*,*,#2966,.F.) ;
#2992=ORIENTED_EDGE('',*,*,#1196,.T.) ;
#2993=ORIENTED_EDGE('',*,*,#2985,.F.) ;
#2994=ORIENTED_EDGE('',*,*,#2990,.F.) ;
#2995=ORIENTED_EDGE('',*,*,#1432,.T.) ;
#3010=ORIENTED_EDGE('',*,*,#2985,.T.) ;
#3011=ORIENTED_EDGE('',*,*,#1221,.F.) ;
#3012=ORIENTED_EDGE('',*,*,#3008,.F.) ;
#3026=ORIENTED_EDGE('',*,*,#3024,.T.) ;
#3027=ORIENTED_EDGE('',*,*,#3008,.T.) ;
#3028=ORIENTED_EDGE('',*,*,#1233,.F.) ;
#3029=ORIENTED_EDGE('',*,*,#1377,.T.) ;
#3057=ORIENTED_EDGE('',*,*,#3043,.T.) ;
#3058=ORIENTED_EDGE('',*,*,#1278,.T.) ;
#3059=ORIENTED_EDGE('',*,*,#3050,.F.) ;
#3060=ORIENTED_EDGE('',*,*,#3055,.F.) ;
#3102=ORIENTED_EDGE('',*,*,#1284,.T.) ;
#3103=ORIENTED_EDGE('',*,*,#3074,.F.) ;
#3104=ORIENTED_EDGE('',*,*,#3081,.F.) ;
#3105=ORIENTED_EDGE('',*,*,#3089,.T.) ;
#3106=ORIENTED_EDGE('',*,*,#3100,.T.) ;
#3127=ORIENTED_EDGE('',*,*,#3120,.F.) ;
#3128=ORIENTED_EDGE('',*,*,#3125,.T.) ;
#3129=ORIENTED_EDGE('',*,*,#1291,.F.) ;
#3130=ORIENTED_EDGE('',*,*,#3100,.F.) ;
#3151=ORIENTED_EDGE('',*,*,#3144,.F.) ;
#3152=ORIENTED_EDGE('',*,*,#2910,.T.) ;
#3153=ORIENTED_EDGE('',*,*,#1297,.T.) ;
#3154=ORIENTED_EDGE('',*,*,#3149,.F.) ;
#3175=ORIENTED_EDGE('',*,*,#1315,.T.) ;
#3176=ORIENTED_EDGE('',*,*,#1708,.T.) ;
#3177=ORIENTED_EDGE('',*,*,#3168,.F.) ;
#3178=ORIENTED_EDGE('',*,*,#3173,.F.) ;
#3212=ORIENTED_EDGE('',*,*,#1322,.T.) ;
#3213=ORIENTED_EDGE('',*,*,#3192,.F.) ;
#3214=ORIENTED_EDGE('',*,*,#3199,.F.) ;
#3215=ORIENTED_EDGE('',*,*,#3210,.T.) ;
#3244=ORIENTED_EDGE('',*,*,#3231,.F.) ;
#3245=ORIENTED_EDGE('',*,*,#3236,.T.) ;
#3246=ORIENTED_EDGE('',*,*,#1326,.F.) ;
#3247=ORIENTED_EDGE('',*,*,#3210,.F.) ;
#3248=ORIENTED_EDGE('',*,*,#3242,.T.) ;
#3257=ORIENTED_EDGE('',*,*,#1437,.F.) ;
#3258=ORIENTED_EDGE('',*,*,#2990,.T.) ;
#3259=ORIENTED_EDGE('',*,*,#3024,.F.) ;
#3260=ORIENTED_EDGE('',*,*,#1458,.T.) ;
#3269=ORIENTED_EDGE('',*,*,#1583,.F.) ;
#3270=ORIENTED_EDGE('',*,*,#1616,.T.) ;
#3271=ORIENTED_EDGE('',*,*,#1494,.F.) ;
#3272=ORIENTED_EDGE('',*,*,#1542,.T.) ;
#3327=ORIENTED_EDGE('',*,*,#3286,.F.) ;
#3328=ORIENTED_EDGE('',*,*,#3168,.T.) ;
#3329=ORIENTED_EDGE('',*,*,#1691,.T.) ;
#3330=ORIENTED_EDGE('',*,*,#3292,.T.) ;
#3331=ORIENTED_EDGE('',*,*,#3299,.F.) ;
#3332=ORIENTED_EDGE('',*,*,#3305,.F.) ;
#3333=ORIENTED_EDGE('',*,*,#3321,.F.) ;
#3334=ORIENTED_EDGE('',*,*,#3325,.F.) ;
#3355=ORIENTED_EDGE('',*,*,#3348,.T.) ;
#3356=ORIENTED_EDGE('',*,*,#3353,.F.) ;
#3357=ORIENTED_EDGE('',*,*,#3292,.F.) ;
#3358=ORIENTED_EDGE('',*,*,#1684,.T.) ;
#3449=ORIENTED_EDGE('',*,*,#3372,.F.) ;
#3450=ORIENTED_EDGE('',*,*,#3348,.F.) ;
#3451=ORIENTED_EDGE('',*,*,#1665,.F.) ;
#3452=ORIENTED_EDGE('',*,*,#2024,.F.) ;
#3453=ORIENTED_EDGE('',*,*,#3379,.T.) ;
#3454=ORIENTED_EDGE('',*,*,#3386,.T.) ;
#3455=ORIENTED_EDGE('',*,*,#3392,.F.) ;
#3456=ORIENTED_EDGE('',*,*,#3399,.F.) ;
#3457=ORIENTED_EDGE('',*,*,#3405,.F.) ;
#3458=ORIENTED_EDGE('',*,*,#3412,.T.) ;
#3459=ORIENTED_EDGE('',*,*,#3417,.T.) ;
#3460=ORIENTED_EDGE('',*,*,#2857,.F.) ;
#3461=ORIENTED_EDGE('',*,*,#2941,.F.) ;
#3462=ORIENTED_EDGE('',*,*,#3423,.F.) ;
#3463=ORIENTED_EDGE('',*,*,#3430,.T.) ;
#3464=ORIENTED_EDGE('',*,*,#3436,.F.) ;
#3465=ORIENTED_EDGE('',*,*,#3443,.F.) ;
#3466=ORIENTED_EDGE('',*,*,#3447,.T.) ;
#3480=ORIENTED_EDGE('',*,*,#2058,.T.) ;
#3481=ORIENTED_EDGE('',*,*,#2031,.T.) ;
#3482=ORIENTED_EDGE('',*,*,#1644,.F.) ;
#3483=ORIENTED_EDGE('',*,*,#3478,.T.) ;
#3502=ORIENTED_EDGE('',*,*,#3495,.T.) ;
#3503=ORIENTED_EDGE('',*,*,#2101,.T.) ;
#3504=ORIENTED_EDGE('',*,*,#3500,.F.) ;
#3505=ORIENTED_EDGE('',*,*,#1637,.F.) ;
#3514=ORIENTED_EDGE('',*,*,#1756,.T.) ;
#3515=ORIENTED_EDGE('',*,*,#2122,.T.) ;
#3516=ORIENTED_EDGE('',*,*,#3495,.F.) ;
#3571=ORIENTED_EDGE('',*,*,#3562,.T.) ;
#3572=ORIENTED_EDGE('',*,*,#1789,.T.) ;
#3573=ORIENTED_EDGE('',*,*,#3569,.F.) ;
#3574=ORIENTED_EDGE('',*,*,#2331,.F.) ;
#3602=ORIENTED_EDGE('',*,*,#3588,.F.) ;
#3603=ORIENTED_EDGE('',*,*,#3595,.T.) ;
#3604=ORIENTED_EDGE('',*,*,#3600,.T.) ;
#3605=ORIENTED_EDGE('',*,*,#1981,.T.) ;
#3626=ORIENTED_EDGE('',*,*,#3588,.T.) ;
#3627=ORIENTED_EDGE('',*,*,#1964,.T.) ;
#3628=ORIENTED_EDGE('',*,*,#3619,.T.) ;
#3629=ORIENTED_EDGE('',*,*,#3624,.T.) ;
#3650=ORIENTED_EDGE('',*,*,#3643,.T.) ;
#3651=ORIENTED_EDGE('',*,*,#3648,.F.) ;
#3652=ORIENTED_EDGE('',*,*,#3619,.F.) ;
#3653=ORIENTED_EDGE('',*,*,#1958,.T.) ;
#3680=ORIENTED_EDGE('',*,*,#1939,.F.) ;
#3681=ORIENTED_EDGE('',*,*,#3667,.F.) ;
#3682=ORIENTED_EDGE('',*,*,#3674,.F.) ;
#3683=ORIENTED_EDGE('',*,*,#3678,.F.) ;
#3684=ORIENTED_EDGE('',*,*,#3643,.F.) ;
#3703=ORIENTED_EDGE('',*,*,#3696,.T.) ;
#3704=ORIENTED_EDGE('',*,*,#3386,.F.) ;
#3705=ORIENTED_EDGE('',*,*,#3379,.F.) ;
#3706=ORIENTED_EDGE('',*,*,#2020,.T.) ;
#3707=ORIENTED_EDGE('',*,*,#1816,.F.) ;
#3708=ORIENTED_EDGE('',*,*,#3701,.F.) ;
#3709=ORIENTED_EDGE('',*,*,#1933,.F.) ;
#3747=ORIENTED_EDGE('',*,*,#3722,.F.) ;
#3748=ORIENTED_EDGE('',*,*,#3729,.F.) ;
#3749=ORIENTED_EDGE('',*,*,#3734,.F.) ;
#3750=ORIENTED_EDGE('',*,*,#3392,.T.) ;
#3751=ORIENTED_EDGE('',*,*,#3696,.F.) ;
#3752=ORIENTED_EDGE('',*,*,#1926,.T.) ;
#3753=ORIENTED_EDGE('',*,*,#3741,.T.) ;
#3754=ORIENTED_EDGE('',*,*,#3745,.T.) ;
#3770=ORIENTED_EDGE('',*,*,#3763,.T.) ;
#3771=ORIENTED_EDGE('',*,*,#3768,.F.) ;
#3772=ORIENTED_EDGE('',*,*,#3741,.F.) ;
#3773=ORIENTED_EDGE('',*,*,#1920,.T.) ;
#3808=ORIENTED_EDGE('',*,*,#3781,.T.) ;
#3809=ORIENTED_EDGE('',*,*,#3763,.F.) ;
#3810=ORIENTED_EDGE('',*,*,#1913,.F.) ;
#3811=ORIENTED_EDGE('',*,*,#3785,.T.) ;
#3812=ORIENTED_EDGE('',*,*,#3405,.T.) ;
#3813=ORIENTED_EDGE('',*,*,#3792,.T.) ;
#3814=ORIENTED_EDGE('',*,*,#3799,.T.) ;
#3815=ORIENTED_EDGE('',*,*,#3806,.F.) ;
#3824=ORIENTED_EDGE('',*,*,#1907,.T.) ;
#3825=ORIENTED_EDGE('',*,*,#3822,.T.) ;
#3826=ORIENTED_EDGE('',*,*,#1844,.T.) ;
#3827=ORIENTED_EDGE('',*,*,#2861,.F.) ;
#3828=ORIENTED_EDGE('',*,*,#3417,.F.) ;
#3829=ORIENTED_EDGE('',*,*,#3412,.F.) ;
#3830=ORIENTED_EDGE('',*,*,#3785,.F.) ;
#3863=ORIENTED_EDGE('',*,*,#3843,.F.) ;
#3864=ORIENTED_EDGE('',*,*,#3849,.F.) ;
#3865=ORIENTED_EDGE('',*,*,#3856,.F.) ;
#3866=ORIENTED_EDGE('',*,*,#3861,.F.) ;
#3867=ORIENTED_EDGE('',*,*,#1900,.F.) ;
#3888=ORIENTED_EDGE('',*,*,#3881,.F.) ;
#3889=ORIENTED_EDGE('',*,*,#3886,.T.) ;
#3890=ORIENTED_EDGE('',*,*,#3843,.T.) ;
#3891=ORIENTED_EDGE('',*,*,#1894,.T.) ;
#3907=ORIENTED_EDGE('',*,*,#3881,.T.) ;
#3908=ORIENTED_EDGE('',*,*,#1875,.T.) ;
#3909=ORIENTED_EDGE('',*,*,#3900,.T.) ;
#3910=ORIENTED_EDGE('',*,*,#3905,.T.) ;
#3931=ORIENTED_EDGE('',*,*,#3924,.T.) ;
#3932=ORIENTED_EDGE('',*,*,#3929,.F.) ;
#3933=ORIENTED_EDGE('',*,*,#3900,.F.) ;
#3934=ORIENTED_EDGE('',*,*,#1869,.T.) ;
#3961=ORIENTED_EDGE('',*,*,#1850,.F.) ;
#3962=ORIENTED_EDGE('',*,*,#3948,.F.) ;
#3963=ORIENTED_EDGE('',*,*,#3955,.F.) ;
#3964=ORIENTED_EDGE('',*,*,#3959,.F.) ;
#3965=ORIENTED_EDGE('',*,*,#3924,.F.) ;
#3979=ORIENTED_EDGE('',*,*,#3977,.T.) ;
#3980=ORIENTED_EDGE('',*,*,#1827,.T.) ;
#3981=ORIENTED_EDGE('',*,*,#3562,.F.) ;
#3982=ORIENTED_EDGE('',*,*,#2315,.F.) ;
#4009=ORIENTED_EDGE('',*,*,#3600,.F.) ;
#4010=ORIENTED_EDGE('',*,*,#3995,.F.) ;
#4011=ORIENTED_EDGE('',*,*,#4002,.F.) ;
#4012=ORIENTED_EDGE('',*,*,#4007,.F.) ;
#4013=ORIENTED_EDGE('',*,*,#1809,.F.) ;
#4022=ORIENTED_EDGE('',*,*,#3500,.T.) ;
#4023=ORIENTED_EDGE('',*,*,#2077,.F.) ;
#4024=ORIENTED_EDGE('',*,*,#3478,.F.) ;
#4033=ORIENTED_EDGE('',*,*,#3569,.T.) ;
#4034=ORIENTED_EDGE('',*,*,#2139,.T.) ;
#4035=ORIENTED_EDGE('',*,*,#2192,.F.) ;
#4036=ORIENTED_EDGE('',*,*,#2336,.F.) ;
#4050=ORIENTED_EDGE('',*,*,#2259,.T.) ;
#4051=ORIENTED_EDGE('',*,*,#2685,.T.) ;
#4052=ORIENTED_EDGE('',*,*,#4048,.F.) ;
#4053=ORIENTED_EDGE('',*,*,#2292,.F.) ;
#4094=ORIENTED_EDGE('',*,*,#4048,.T.) ;
#4095=ORIENTED_EDGE('',*,*,#2704,.T.) ;
#4096=ORIENTED_EDGE('',*,*,#3977,.F.) ;
#4097=ORIENTED_EDGE('',*,*,#2308,.F.) ;
#4252=ORIENTED_EDGE('',*,*,#4113,.F.) ;
#4253=ORIENTED_EDGE('',*,*,#4119,.F.) ;
#4254=ORIENTED_EDGE('',*,*,#4126,.F.) ;
#4255=ORIENTED_EDGE('',*,*,#4130,.F.) ;
#4256=ORIENTED_EDGE('',*,*,#2390,.F.) ;
#4257=ORIENTED_EDGE('',*,*,#4136,.F.) ;
#4258=ORIENTED_EDGE('',*,*,#4142,.F.) ;
#4259=ORIENTED_EDGE('',*,*,#4149,.F.) ;
#4260=ORIENTED_EDGE('',*,*,#4155,.F.) ;
#4261=ORIENTED_EDGE('',*,*,#4159,.F.) ;
#4262=ORIENTED_EDGE('',*,*,#2626,.F.) ;
#4263=ORIENTED_EDGE('',*,*,#4165,.F.) ;
#4264=ORIENTED_EDGE('',*,*,#4172,.T.) ;
#4265=ORIENTED_EDGE('',*,*,#4178,.T.) ;
#4266=ORIENTED_EDGE('',*,*,#4185,.T.) ;
#4267=ORIENTED_EDGE('',*,*,#4193,.T.) ;
#4268=ORIENTED_EDGE('',*,*,#4200,.F.) ;
#4269=ORIENTED_EDGE('',*,*,#4206,.F.) ;
#4270=ORIENTED_EDGE('',*,*,#4213,.F.) ;
#4271=ORIENTED_EDGE('',*,*,#4220,.F.) ;
#4272=ORIENTED_EDGE('',*,*,#4226,.T.) ;
#4273=ORIENTED_EDGE('',*,*,#4233,.F.) ;
#4274=ORIENTED_EDGE('',*,*,#4239,.T.) ;
#4275=ORIENTED_EDGE('',*,*,#4246,.F.) ;
#4276=ORIENTED_EDGE('',*,*,#4250,.T.) ;
#4296=ORIENTED_EDGE('',*,*,#4165,.T.) ;
#4297=ORIENTED_EDGE('',*,*,#2621,.F.) ;
#4298=ORIENTED_EDGE('',*,*,#4289,.F.) ;
#4299=ORIENTED_EDGE('',*,*,#4294,.F.) ;
#4319=ORIENTED_EDGE('',*,*,#4312,.T.) ;
#4320=ORIENTED_EDGE('',*,*,#4317,.F.) ;
#4321=ORIENTED_EDGE('',*,*,#4289,.T.) ;
#4322=ORIENTED_EDGE('',*,*,#2614,.T.) ;
#4394=ORIENTED_EDGE('',*,*,#4337,.T.) ;
#4395=ORIENTED_EDGE('',*,*,#4342,.F.) ;
#4396=ORIENTED_EDGE('',*,*,#4312,.F.) ;
#4397=ORIENTED_EDGE('',*,*,#2607,.F.) ;
#4398=ORIENTED_EDGE('',*,*,#4348,.F.) ;
#4399=ORIENTED_EDGE('',*,*,#4364,.F.) ;
#4400=ORIENTED_EDGE('',*,*,#4368,.F.) ;
#4401=ORIENTED_EDGE('',*,*,#2551,.F.) ;
#4402=ORIENTED_EDGE('',*,*,#4374,.F.) ;
#4403=ORIENTED_EDGE('',*,*,#4381,.F.) ;
#4404=ORIENTED_EDGE('',*,*,#4387,.T.) ;
#4405=ORIENTED_EDGE('',*,*,#4392,.F.) ;
#4447=ORIENTED_EDGE('',*,*,#4348,.T.) ;
#4448=ORIENTED_EDGE('',*,*,#2600,.T.) ;
#4449=ORIENTED_EDGE('',*,*,#4419,.T.) ;
#4450=ORIENTED_EDGE('',*,*,#4426,.F.) ;
#4451=ORIENTED_EDGE('',*,*,#4433,.T.) ;
#4452=ORIENTED_EDGE('',*,*,#4440,.T.) ;
#4453=ORIENTED_EDGE('',*,*,#4445,.F.) ;
#4473=ORIENTED_EDGE('',*,*,#4419,.F.) ;
#4474=ORIENTED_EDGE('',*,*,#2593,.F.) ;
#4475=ORIENTED_EDGE('',*,*,#4466,.F.) ;
#4476=ORIENTED_EDGE('',*,*,#4471,.T.) ;
#4496=ORIENTED_EDGE('',*,*,#4489,.F.) ;
#4497=ORIENTED_EDGE('',*,*,#4494,.T.) ;
#4498=ORIENTED_EDGE('',*,*,#4466,.T.) ;
#4499=ORIENTED_EDGE('',*,*,#2586,.T.) ;
#4558=ORIENTED_EDGE('',*,*,#4512,.T.) ;
#4559=ORIENTED_EDGE('',*,*,#4519,.F.) ;
#4560=ORIENTED_EDGE('',*,*,#4525,.F.) ;
#4561=ORIENTED_EDGE('',*,*,#4535,.F.) ;
#4562=ORIENTED_EDGE('',*,*,#4545,.F.) ;
#4563=ORIENTED_EDGE('',*,*,#4551,.F.) ;
#4564=ORIENTED_EDGE('',*,*,#4556,.F.) ;
#4565=ORIENTED_EDGE('',*,*,#4489,.T.) ;
#4566=ORIENTED_EDGE('',*,*,#2579,.T.) ;
#4586=ORIENTED_EDGE('',*,*,#4579,.T.) ;
#4587=ORIENTED_EDGE('',*,*,#4584,.T.) ;
#4588=ORIENTED_EDGE('',*,*,#4512,.F.) ;
#4589=ORIENTED_EDGE('',*,*,#2572,.T.) ;
#4609=ORIENTED_EDGE('',*,*,#4579,.F.) ;
#4610=ORIENTED_EDGE('',*,*,#2565,.F.) ;
#4611=ORIENTED_EDGE('',*,*,#4602,.F.) ;
#4612=ORIENTED_EDGE('',*,*,#4607,.T.) ;
#4647=ORIENTED_EDGE('',*,*,#4626,.T.) ;
#4648=ORIENTED_EDGE('',*,*,#4602,.T.) ;
#4649=ORIENTED_EDGE('',*,*,#2558,.F.) ;
#4650=ORIENTED_EDGE('',*,*,#4368,.T.) ;
#4651=ORIENTED_EDGE('',*,*,#4633,.F.) ;
#4652=ORIENTED_EDGE('',*,*,#4640,.T.) ;
#4653=ORIENTED_EDGE('',*,*,#4645,.T.) ;
#4673=ORIENTED_EDGE('',*,*,#4666,.T.) ;
#4674=ORIENTED_EDGE('',*,*,#4671,.F.) ;
#4675=ORIENTED_EDGE('',*,*,#4374,.T.) ;
#4676=ORIENTED_EDGE('',*,*,#2544,.T.) ;
#4696=ORIENTED_EDGE('',*,*,#4689,.T.) ;
#4697=ORIENTED_EDGE('',*,*,#4694,.F.) ;
#4698=ORIENTED_EDGE('',*,*,#4666,.F.) ;
#4699=ORIENTED_EDGE('',*,*,#2537,.F.) ;
#4848=ORIENTED_EDGE('',*,*,#4714,.T.) ;
#4849=ORIENTED_EDGE('',*,*,#4721,.F.) ;
#4850=ORIENTED_EDGE('',*,*,#4727,.T.) ;
#4851=ORIENTED_EDGE('',*,*,#4734,.F.) ;
#4852=ORIENTED_EDGE('',*,*,#4740,.T.) ;
#4853=ORIENTED_EDGE('',*,*,#4747,.F.) ;
#4854=ORIENTED_EDGE('',*,*,#4754,.F.) ;
#4855=ORIENTED_EDGE('',*,*,#4760,.F.) ;
#4856=ORIENTED_EDGE('',*,*,#4767,.F.) ;
#4857=ORIENTED_EDGE('',*,*,#4775,.F.) ;
#4858=ORIENTED_EDGE('',*,*,#4782,.T.) ;
#4859=ORIENTED_EDGE('',*,*,#4788,.F.) ;
#4860=ORIENTED_EDGE('',*,*,#4793,.T.) ;
#4861=ORIENTED_EDGE('',*,*,#4689,.F.) ;
#4862=ORIENTED_EDGE('',*,*,#2530,.F.) ;
#4863=ORIENTED_EDGE('',*,*,#4799,.F.) ;
#4864=ORIENTED_EDGE('',*,*,#4805,.F.) ;
#4865=ORIENTED_EDGE('',*,*,#4812,.F.) ;
#4866=ORIENTED_EDGE('',*,*,#4818,.F.) ;
#4867=ORIENTED_EDGE('',*,*,#4822,.F.) ;
#4868=ORIENTED_EDGE('',*,*,#2488,.F.) ;
#4869=ORIENTED_EDGE('',*,*,#4828,.F.) ;
#4870=ORIENTED_EDGE('',*,*,#4835,.F.) ;
#4871=ORIENTED_EDGE('',*,*,#4841,.F.) ;
#4872=ORIENTED_EDGE('',*,*,#4846,.F.) ;
#4900=ORIENTED_EDGE('',*,*,#4799,.T.) ;
#4901=ORIENTED_EDGE('',*,*,#2523,.T.) ;
#4902=ORIENTED_EDGE('',*,*,#2516,.T.) ;
#4903=ORIENTED_EDGE('',*,*,#4886,.T.) ;
#4904=ORIENTED_EDGE('',*,*,#4893,.T.) ;
#4905=ORIENTED_EDGE('',*,*,#4898,.F.) ;
#4937=ORIENTED_EDGE('',*,*,#4918,.F.) ;
#4938=ORIENTED_EDGE('',*,*,#4886,.F.) ;
#4939=ORIENTED_EDGE('',*,*,#2509,.F.) ;
#4940=ORIENTED_EDGE('',*,*,#4924,.F.) ;
#4941=ORIENTED_EDGE('',*,*,#4930,.F.) ;
#4942=ORIENTED_EDGE('',*,*,#4935,.F.) ;
#4963=ORIENTED_EDGE('',*,*,#4956,.T.) ;
#4964=ORIENTED_EDGE('',*,*,#4961,.T.) ;
#4965=ORIENTED_EDGE('',*,*,#4924,.T.) ;
#4966=ORIENTED_EDGE('',*,*,#2502,.T.) ;
#4967=ORIENTED_EDGE('',*,*,#2495,.F.) ;
#4968=ORIENTED_EDGE('',*,*,#4822,.T.) ;
#4988=ORIENTED_EDGE('',*,*,#2481,.F.) ;
#4989=ORIENTED_EDGE('',*,*,#4981,.F.) ;
#4990=ORIENTED_EDGE('',*,*,#4986,.F.) ;
#4991=ORIENTED_EDGE('',*,*,#4828,.T.) ;
#5011=ORIENTED_EDGE('',*,*,#4981,.T.) ;
#5012=ORIENTED_EDGE('',*,*,#2474,.T.) ;
#5013=ORIENTED_EDGE('',*,*,#5004,.T.) ;
#5014=ORIENTED_EDGE('',*,*,#5009,.F.) ;
#5086=ORIENTED_EDGE('',*,*,#5030,.F.) ;
#5087=ORIENTED_EDGE('',*,*,#5036,.T.) ;
#5088=ORIENTED_EDGE('',*,*,#5041,.F.) ;
#5089=ORIENTED_EDGE('',*,*,#5004,.F.) ;
#5090=ORIENTED_EDGE('',*,*,#2467,.F.) ;
#5091=ORIENTED_EDGE('',*,*,#5047,.F.) ;
#5092=ORIENTED_EDGE('',*,*,#5063,.F.) ;
#5093=ORIENTED_EDGE('',*,*,#5067,.F.) ;
#5094=ORIENTED_EDGE('',*,*,#2411,.F.) ;
#5095=ORIENTED_EDGE('',*,*,#5073,.F.) ;
#5096=ORIENTED_EDGE('',*,*,#5080,.F.) ;
#5097=ORIENTED_EDGE('',*,*,#5084,.T.) ;
#5134=ORIENTED_EDGE('',*,*,#5047,.T.) ;
#5135=ORIENTED_EDGE('',*,*,#2460,.F.) ;
#5136=ORIENTED_EDGE('',*,*,#5106,.T.) ;
#5137=ORIENTED_EDGE('',*,*,#5113,.F.) ;
#5138=ORIENTED_EDGE('',*,*,#5120,.T.) ;
#5139=ORIENTED_EDGE('',*,*,#5127,.T.) ;
#5140=ORIENTED_EDGE('',*,*,#5132,.F.) ;
#5160=ORIENTED_EDGE('',*,*,#5154,.T.) ;
#5161=ORIENTED_EDGE('',*,*,#5106,.F.) ;
#5162=ORIENTED_EDGE('',*,*,#2453,.F.) ;
#5163=ORIENTED_EDGE('',*,*,#5158,.F.) ;
#5183=ORIENTED_EDGE('',*,*,#5158,.T.) ;
#5184=ORIENTED_EDGE('',*,*,#2446,.T.) ;
#5185=ORIENTED_EDGE('',*,*,#5176,.F.) ;
#5186=ORIENTED_EDGE('',*,*,#5181,.T.) ;
#5245=ORIENTED_EDGE('',*,*,#5199,.T.) ;
#5246=ORIENTED_EDGE('',*,*,#5206,.F.) ;
#5247=ORIENTED_EDGE('',*,*,#5212,.F.) ;
#5248=ORIENTED_EDGE('',*,*,#5222,.F.) ;
#5249=ORIENTED_EDGE('',*,*,#5232,.F.) ;
#5250=ORIENTED_EDGE('',*,*,#5238,.F.) ;
#5251=ORIENTED_EDGE('',*,*,#5243,.F.) ;
#5252=ORIENTED_EDGE('',*,*,#5176,.T.) ;
#5253=ORIENTED_EDGE('',*,*,#2439,.T.) ;
#5273=ORIENTED_EDGE('',*,*,#5267,.T.) ;
#5274=ORIENTED_EDGE('',*,*,#5199,.F.) ;
#5275=ORIENTED_EDGE('',*,*,#2432,.T.) ;
#5276=ORIENTED_EDGE('',*,*,#5271,.T.) ;
#5296=ORIENTED_EDGE('',*,*,#5290,.T.) ;
#5297=ORIENTED_EDGE('',*,*,#5271,.F.) ;
#5298=ORIENTED_EDGE('',*,*,#2425,.F.) ;
#5299=ORIENTED_EDGE('',*,*,#5294,.F.) ;
#5329=ORIENTED_EDGE('',*,*,#5308,.T.) ;
#5330=ORIENTED_EDGE('',*,*,#5294,.T.) ;
#5331=ORIENTED_EDGE('',*,*,#2418,.T.) ;
#5332=ORIENTED_EDGE('',*,*,#5067,.T.) ;
#5333=ORIENTED_EDGE('',*,*,#5315,.F.) ;
#5334=ORIENTED_EDGE('',*,*,#5322,.T.) ;
#5335=ORIENTED_EDGE('',*,*,#5327,.T.) ;
#5355=ORIENTED_EDGE('',*,*,#5073,.T.) ;
#5356=ORIENTED_EDGE('',*,*,#2404,.T.) ;
#5357=ORIENTED_EDGE('',*,*,#5348,.T.) ;
#5358=ORIENTED_EDGE('',*,*,#5353,.F.) ;
#5372=ORIENTED_EDGE('',*,*,#5370,.F.) ;
#5373=ORIENTED_EDGE('',*,*,#5348,.F.) ;
#5374=ORIENTED_EDGE('',*,*,#2397,.F.) ;
#5375=ORIENTED_EDGE('',*,*,#4130,.T.) ;
#5398=ORIENTED_EDGE('',*,*,#2383,.F.) ;
#5399=ORIENTED_EDGE('',*,*,#2376,.T.) ;
#5400=ORIENTED_EDGE('',*,*,#5384,.T.) ;
#5401=ORIENTED_EDGE('',*,*,#5391,.T.) ;
#5402=ORIENTED_EDGE('',*,*,#5396,.T.) ;
#5403=ORIENTED_EDGE('',*,*,#4136,.T.) ;
#5435=ORIENTED_EDGE('',*,*,#5419,.F.) ;
#5436=ORIENTED_EDGE('',*,*,#5423,.F.) ;
#5437=ORIENTED_EDGE('',*,*,#5384,.F.) ;
#5438=ORIENTED_EDGE('',*,*,#2369,.F.) ;
#5439=ORIENTED_EDGE('',*,*,#5429,.F.) ;
#5440=ORIENTED_EDGE('',*,*,#5433,.F.) ;
#5456=ORIENTED_EDGE('',*,*,#4159,.T.) ;
#5457=ORIENTED_EDGE('',*,*,#5449,.F.) ;
#5458=ORIENTED_EDGE('',*,*,#5454,.T.) ;
#5459=ORIENTED_EDGE('',*,*,#5429,.T.) ;
#5460=ORIENTED_EDGE('',*,*,#2362,.T.) ;
#5461=ORIENTED_EDGE('',*,*,#2355,.T.) ;
#5475=ORIENTED_EDGE('',*,*,#2746,.T.) ;
#5476=ORIENTED_EDGE('',*,*,#2966,.T.) ;
#5477=ORIENTED_EDGE('',*,*,#5473,.F.) ;
#5491=ORIENTED_EDGE('',*,*,#5473,.T.) ;
#5492=ORIENTED_EDGE('',*,*,#2886,.T.) ;
#5493=ORIENTED_EDGE('',*,*,#5489,.F.) ;
#5494=ORIENTED_EDGE('',*,*,#2774,.F.) ;
#5508=ORIENTED_EDGE('',*,*,#5489,.T.) ;
#5509=ORIENTED_EDGE('',*,*,#5506,.F.) ;
#5510=ORIENTED_EDGE('',*,*,#2798,.F.) ;
#5519=ORIENTED_EDGE('',*,*,#2817,.F.) ;
#5520=ORIENTED_EDGE('',*,*,#5506,.T.) ;
#5521=ORIENTED_EDGE('',*,*,#2879,.T.) ;
#5522=ORIENTED_EDGE('',*,*,#2837,.T.) ;
#5543=ORIENTED_EDGE('',*,*,#3423,.T.) ;
#5544=ORIENTED_EDGE('',*,*,#2936,.T.) ;
#5545=ORIENTED_EDGE('',*,*,#5536,.F.) ;
#5546=ORIENTED_EDGE('',*,*,#5541,.F.) ;
#5595=ORIENTED_EDGE('',*,*,#5561,.F.) ;
#5596=ORIENTED_EDGE('',*,*,#5577,.F.) ;
#5597=ORIENTED_EDGE('',*,*,#5583,.F.) ;
#5598=ORIENTED_EDGE('',*,*,#5588,.F.) ;
#5599=ORIENTED_EDGE('',*,*,#5536,.T.) ;
#5600=ORIENTED_EDGE('',*,*,#2917,.T.) ;
#5601=ORIENTED_EDGE('',*,*,#3144,.T.) ;
#5602=ORIENTED_EDGE('',*,*,#5593,.F.) ;
#5618=ORIENTED_EDGE('',*,*,#3074,.T.) ;
#5619=ORIENTED_EDGE('',*,*,#3043,.F.) ;
#5620=ORIENTED_EDGE('',*,*,#5616,.F.) ;
#5636=ORIENTED_EDGE('',*,*,#3050,.T.) ;
#5637=ORIENTED_EDGE('',*,*,#3236,.F.) ;
#5638=ORIENTED_EDGE('',*,*,#5634,.F.) ;
#5694=ORIENTED_EDGE('',*,*,#5654,.F.) ;
#5695=ORIENTED_EDGE('',*,*,#5661,.F.) ;
#5696=ORIENTED_EDGE('',*,*,#5668,.F.) ;
#5697=ORIENTED_EDGE('',*,*,#5673,.T.) ;
#5698=ORIENTED_EDGE('',*,*,#3055,.T.) ;
#5699=ORIENTED_EDGE('',*,*,#5680,.T.) ;
#5700=ORIENTED_EDGE('',*,*,#5687,.T.) ;
#5701=ORIENTED_EDGE('',*,*,#5692,.T.) ;
#5746=ORIENTED_EDGE('',*,*,#5711,.F.) ;
#5747=ORIENTED_EDGE('',*,*,#5718,.F.) ;
#5748=ORIENTED_EDGE('',*,*,#5725,.F.) ;
#5749=ORIENTED_EDGE('',*,*,#5732,.F.) ;
#5750=ORIENTED_EDGE('',*,*,#5739,.F.) ;
#5751=ORIENTED_EDGE('',*,*,#5744,.F.) ;
#5768=ORIENTED_EDGE('',*,*,#5761,.T.) ;
#5769=ORIENTED_EDGE('',*,*,#5766,.T.) ;
#5786=ORIENTED_EDGE('',*,*,#5779,.T.) ;
#5787=ORIENTED_EDGE('',*,*,#5784,.T.) ;
#5849=ORIENTED_EDGE('',*,*,#5803,.F.) ;
#5850=ORIENTED_EDGE('',*,*,#5809,.T.) ;
#5851=ORIENTED_EDGE('',*,*,#5814,.T.) ;
#5852=ORIENTED_EDGE('',*,*,#3081,.T.) ;
#5853=ORIENTED_EDGE('',*,*,#5821,.F.) ;
#5854=ORIENTED_EDGE('',*,*,#5827,.F.) ;
#5855=ORIENTED_EDGE('',*,*,#5843,.F.) ;
#5856=ORIENTED_EDGE('',*,*,#5847,.F.) ;
#5915=ORIENTED_EDGE('',*,*,#5872,.F.) ;
#5916=ORIENTED_EDGE('',*,*,#5879,.F.) ;
#5917=ORIENTED_EDGE('',*,*,#5886,.F.) ;
#5918=ORIENTED_EDGE('',*,*,#5891,.T.) ;
#5919=ORIENTED_EDGE('',*,*,#3120,.T.) ;
#5920=ORIENTED_EDGE('',*,*,#3089,.F.) ;
#5921=ORIENTED_EDGE('',*,*,#5814,.F.) ;
#5922=ORIENTED_EDGE('',*,*,#5901,.F.) ;
#5923=ORIENTED_EDGE('',*,*,#5908,.T.) ;
#5924=ORIENTED_EDGE('',*,*,#5913,.T.) ;
#6018=ORIENTED_EDGE('',*,*,#5934,.F.) ;
#6019=ORIENTED_EDGE('',*,*,#5941,.F.) ;
#6020=ORIENTED_EDGE('',*,*,#5948,.F.) ;
#6021=ORIENTED_EDGE('',*,*,#5955,.F.) ;
#6022=ORIENTED_EDGE('',*,*,#5962,.F.) ;
#6023=ORIENTED_EDGE('',*,*,#5969,.F.) ;
#6024=ORIENTED_EDGE('',*,*,#5976,.F.) ;
#6025=ORIENTED_EDGE('',*,*,#5983,.F.) ;
#6026=ORIENTED_EDGE('',*,*,#5990,.F.) ;
#6027=ORIENTED_EDGE('',*,*,#5997,.F.) ;
#6028=ORIENTED_EDGE('',*,*,#6004,.F.) ;
#6029=ORIENTED_EDGE('',*,*,#6011,.F.) ;
#6030=ORIENTED_EDGE('',*,*,#6016,.F.) ;
#6047=ORIENTED_EDGE('',*,*,#6040,.T.) ;
#6048=ORIENTED_EDGE('',*,*,#6045,.T.) ;
#6065=ORIENTED_EDGE('',*,*,#6058,.T.) ;
#6066=ORIENTED_EDGE('',*,*,#6063,.T.) ;
#6080=ORIENTED_EDGE('',*,*,#6078,.T.) ;
#6081=ORIENTED_EDGE('',*,*,#3149,.T.) ;
#6082=ORIENTED_EDGE('',*,*,#3125,.F.) ;
#6096=ORIENTED_EDGE('',*,*,#3192,.T.) ;
#6097=ORIENTED_EDGE('',*,*,#3173,.T.) ;
#6098=ORIENTED_EDGE('',*,*,#6094,.F.) ;
#6159=ORIENTED_EDGE('',*,*,#6109,.F.) ;
#6160=ORIENTED_EDGE('',*,*,#6116,.F.) ;
#6161=ORIENTED_EDGE('',*,*,#6123,.F.) ;
#6162=ORIENTED_EDGE('',*,*,#6130,.T.) ;
#6163=ORIENTED_EDGE('',*,*,#6137,.T.) ;
#6164=ORIENTED_EDGE('',*,*,#6147,.F.) ;
#6165=ORIENTED_EDGE('',*,*,#6152,.F.) ;
#6166=ORIENTED_EDGE('',*,*,#3242,.F.) ;
#6167=ORIENTED_EDGE('',*,*,#3199,.T.) ;
#6168=ORIENTED_EDGE('',*,*,#6157,.T.) ;
#6430=ORIENTED_EDGE('',*,*,#6178,.F.) ;
#6431=ORIENTED_EDGE('',*,*,#6185,.F.) ;
#6432=ORIENTED_EDGE('',*,*,#6192,.F.) ;
#6433=ORIENTED_EDGE('',*,*,#6199,.F.) ;
#6434=ORIENTED_EDGE('',*,*,#6206,.F.) ;
#6435=ORIENTED_EDGE('',*,*,#6213,.F.) ;
#6436=ORIENTED_EDGE('',*,*,#6220,.F.) ;
#6437=ORIENTED_EDGE('',*,*,#6227,.F.) ;
#6438=ORIENTED_EDGE('',*,*,#6234,.F.) ;
#6439=ORIENTED_EDGE('',*,*,#6241,.F.) ;
#6440=ORIENTED_EDGE('',*,*,#6248,.F.) ;
#6441=ORIENTED_EDGE('',*,*,#6255,.F.) ;
#6442=ORIENTED_EDGE('',*,*,#6262,.F.) ;
#6443=ORIENTED_EDGE('',*,*,#6269,.F.) ;
#6444=ORIENTED_EDGE('',*,*,#6276,.F.) ;
#6445=ORIENTED_EDGE('',*,*,#6283,.F.) ;
#6446=ORIENTED_EDGE('',*,*,#6290,.F.) ;
#6447=ORIENTED_EDGE('',*,*,#6297,.F.) ;
#6448=ORIENTED_EDGE('',*,*,#6304,.F.) ;
#6449=ORIENTED_EDGE('',*,*,#6311,.F.) ;
#6450=ORIENTED_EDGE('',*,*,#6318,.F.) ;
#6451=ORIENTED_EDGE('',*,*,#6325,.F.) ;
#6452=ORIENTED_EDGE('',*,*,#6332,.F.) ;
#6453=ORIENTED_EDGE('',*,*,#6339,.F.) ;
#6454=ORIENTED_EDGE('',*,*,#6346,.F.) ;
#6455=ORIENTED_EDGE('',*,*,#6353,.F.) ;
#6456=ORIENTED_EDGE('',*,*,#6360,.F.) ;
#6457=ORIENTED_EDGE('',*,*,#6367,.F.) ;
#6458=ORIENTED_EDGE('',*,*,#6374,.F.) ;
#6459=ORIENTED_EDGE('',*,*,#6381,.F.) ;
#6460=ORIENTED_EDGE('',*,*,#6388,.F.) ;
#6461=ORIENTED_EDGE('',*,*,#6395,.F.) ;
#6462=ORIENTED_EDGE('',*,*,#6402,.F.) ;
#6463=ORIENTED_EDGE('',*,*,#6409,.F.) ;
#6464=ORIENTED_EDGE('',*,*,#6416,.F.) ;
#6465=ORIENTED_EDGE('',*,*,#6423,.F.) ;
#6466=ORIENTED_EDGE('',*,*,#6428,.F.) ;
#6483=ORIENTED_EDGE('',*,*,#6476,.F.) ;
#6484=ORIENTED_EDGE('',*,*,#6481,.F.) ;
#6501=ORIENTED_EDGE('',*,*,#6494,.F.) ;
#6502=ORIENTED_EDGE('',*,*,#6499,.F.) ;
#6522=ORIENTED_EDGE('',*,*,#6515,.T.) ;
#6523=ORIENTED_EDGE('',*,*,#6520,.F.) ;
#6524=ORIENTED_EDGE('',*,*,#3231,.T.) ;
#6525=ORIENTED_EDGE('',*,*,#6152,.T.) ;
#6541=ORIENTED_EDGE('',*,*,#6157,.F.) ;
#6542=ORIENTED_EDGE('',*,*,#6094,.T.) ;
#6543=ORIENTED_EDGE('',*,*,#3286,.T.) ;
#6544=ORIENTED_EDGE('',*,*,#6539,.F.) ;
#6565=ORIENTED_EDGE('',*,*,#3299,.T.) ;
#6566=ORIENTED_EDGE('',*,*,#6556,.T.) ;
#6567=ORIENTED_EDGE('',*,*,#6130,.F.) ;
#6568=ORIENTED_EDGE('',*,*,#6563,.F.) ;
#6596=ORIENTED_EDGE('',*,*,#6582,.T.) ;
#6597=ORIENTED_EDGE('',*,*,#3305,.T.) ;
#6598=ORIENTED_EDGE('',*,*,#6589,.F.) ;
#6599=ORIENTED_EDGE('',*,*,#6594,.F.) ;
#6690=ORIENTED_EDGE('',*,*,#6665,.T.) ;
#6691=ORIENTED_EDGE('',*,*,#3321,.T.) ;
#6692=ORIENTED_EDGE('',*,*,#6582,.F.) ;
#6693=ORIENTED_EDGE('',*,*,#6688,.F.) ;
#6714=ORIENTED_EDGE('',*,*,#6707,.T.) ;
#6715=ORIENTED_EDGE('',*,*,#3325,.T.) ;
#6716=ORIENTED_EDGE('',*,*,#6665,.F.) ;
#6717=ORIENTED_EDGE('',*,*,#6712,.F.) ;
#6731=ORIENTED_EDGE('',*,*,#3353,.T.) ;
#6732=ORIENTED_EDGE('',*,*,#6729,.F.) ;
#6733=ORIENTED_EDGE('',*,*,#6556,.F.) ;
#6758=ORIENTED_EDGE('',*,*,#3447,.F.) ;
#6759=ORIENTED_EDGE('',*,*,#6745,.F.) ;
#6760=ORIENTED_EDGE('',*,*,#6515,.F.) ;
#6761=ORIENTED_EDGE('',*,*,#6147,.T.) ;
#6762=ORIENTED_EDGE('',*,*,#6756,.F.) ;
#6781=ORIENTED_EDGE('',*,*,#6774,.T.) ;
#6782=ORIENTED_EDGE('',*,*,#3443,.T.) ;
#6783=ORIENTED_EDGE('',*,*,#6779,.F.) ;
#6784=ORIENTED_EDGE('',*,*,#5687,.F.) ;
#6809=ORIENTED_EDGE('',*,*,#5809,.F.) ;
#6810=ORIENTED_EDGE('',*,*,#6796,.T.) ;
#6811=ORIENTED_EDGE('',*,*,#3436,.T.) ;
#6812=ORIENTED_EDGE('',*,*,#6807,.T.) ;
#6813=ORIENTED_EDGE('',*,*,#5901,.T.) ;
#6827=ORIENTED_EDGE('',*,*,#3430,.F.) ;
#6828=ORIENTED_EDGE('',*,*,#6825,.F.) ;
#6829=ORIENTED_EDGE('',*,*,#5908,.F.) ;
#6830=ORIENTED_EDGE('',*,*,#6807,.F.) ;
#6839=ORIENTED_EDGE('',*,*,#6837,.T.) ;
#6840=ORIENTED_EDGE('',*,*,#3799,.F.) ;
#6841=ORIENTED_EDGE('',*,*,#3792,.F.) ;
#6842=ORIENTED_EDGE('',*,*,#3399,.T.) ;
#6843=ORIENTED_EDGE('',*,*,#3734,.T.) ;
#6844=ORIENTED_EDGE('',*,*,#3729,.T.) ;
#6853=ORIENTED_EDGE('',*,*,#6137,.F.) ;
#6854=ORIENTED_EDGE('',*,*,#6729,.T.) ;
#6855=ORIENTED_EDGE('',*,*,#3372,.T.) ;
#6856=ORIENTED_EDGE('',*,*,#6756,.T.) ;
#6878=ORIENTED_EDGE('',*,*,#6870,.T.) ;
#6879=ORIENTED_EDGE('',*,*,#3595,.F.) ;
#6880=ORIENTED_EDGE('',*,*,#6876,.F.) ;
#6901=ORIENTED_EDGE('',*,*,#3624,.F.) ;
#6902=ORIENTED_EDGE('',*,*,#6894,.T.) ;
#6903=ORIENTED_EDGE('',*,*,#6899,.T.) ;
#6904=ORIENTED_EDGE('',*,*,#6876,.T.) ;
#6918=ORIENTED_EDGE('',*,*,#3648,.T.) ;
#6919=ORIENTED_EDGE('',*,*,#6916,.F.) ;
#6920=ORIENTED_EDGE('',*,*,#6894,.F.) ;
#6973=ORIENTED_EDGE('',*,*,#6944,.F.) ;
#6974=ORIENTED_EDGE('',*,*,#6951,.T.) ;
#6975=ORIENTED_EDGE('',*,*,#6971,.F.) ;
#6976=ORIENTED_EDGE('',*,*,#3674,.T.) ;
#6977=ORIENTED_EDGE('',*,*,#3667,.T.) ;
#6978=ORIENTED_EDGE('',*,*,#3701,.T.) ;
#6979=ORIENTED_EDGE('',*,*,#4007,.T.) ;
#6980=ORIENTED_EDGE('',*,*,#4002,.T.) ;
#6994=ORIENTED_EDGE('',*,*,#6992,.F.) ;
#6995=ORIENTED_EDGE('',*,*,#6916,.T.) ;
#6996=ORIENTED_EDGE('',*,*,#3678,.T.) ;
#6997=ORIENTED_EDGE('',*,*,#6971,.T.) ;
#7011=ORIENTED_EDGE('',*,*,#7009,.F.) ;
#7012=ORIENTED_EDGE('',*,*,#3745,.F.) ;
#7013=ORIENTED_EDGE('',*,*,#3768,.T.) ;
#7014=ORIENTED_EDGE('',*,*,#3781,.F.) ;
#7023=ORIENTED_EDGE('',*,*,#3806,.T.) ;
#7024=ORIENTED_EDGE('',*,*,#6837,.F.) ;
#7025=ORIENTED_EDGE('',*,*,#3722,.T.) ;
#7026=ORIENTED_EDGE('',*,*,#7009,.T.) ;
#7079=ORIENTED_EDGE('',*,*,#7050,.F.) ;
#7080=ORIENTED_EDGE('',*,*,#7057,.T.) ;
#7081=ORIENTED_EDGE('',*,*,#7077,.F.) ;
#7082=ORIENTED_EDGE('',*,*,#3955,.T.) ;
#7083=ORIENTED_EDGE('',*,*,#3948,.T.) ;
#7084=ORIENTED_EDGE('',*,*,#3822,.F.) ;
#7085=ORIENTED_EDGE('',*,*,#3861,.T.) ;
#7086=ORIENTED_EDGE('',*,*,#3856,.T.) ;
#7107=ORIENTED_EDGE('',*,*,#3849,.T.) ;
#7108=ORIENTED_EDGE('',*,*,#7100,.F.) ;
#7109=ORIENTED_EDGE('',*,*,#7105,.F.) ;
#7110=ORIENTED_EDGE('',*,*,#7050,.T.) ;
#7125=ORIENTED_EDGE('',*,*,#7100,.T.) ;
#7126=ORIENTED_EDGE('',*,*,#3886,.F.) ;
#7127=ORIENTED_EDGE('',*,*,#7123,.F.) ;
#7148=ORIENTED_EDGE('',*,*,#3905,.F.) ;
#7149=ORIENTED_EDGE('',*,*,#7141,.T.) ;
#7150=ORIENTED_EDGE('',*,*,#7146,.T.) ;
#7151=ORIENTED_EDGE('',*,*,#7123,.T.) ;
#7165=ORIENTED_EDGE('',*,*,#3929,.T.) ;
#7166=ORIENTED_EDGE('',*,*,#7163,.F.) ;
#7167=ORIENTED_EDGE('',*,*,#7141,.F.) ;
#7181=ORIENTED_EDGE('',*,*,#7179,.F.) ;
#7182=ORIENTED_EDGE('',*,*,#7163,.T.) ;
#7183=ORIENTED_EDGE('',*,*,#3959,.T.) ;
#7184=ORIENTED_EDGE('',*,*,#7077,.T.) ;
#7198=ORIENTED_EDGE('',*,*,#3995,.T.) ;
#7199=ORIENTED_EDGE('',*,*,#6870,.F.) ;
#7200=ORIENTED_EDGE('',*,*,#7196,.F.) ;
#7201=ORIENTED_EDGE('',*,*,#6944,.T.) ;
#7288=ORIENTED_EDGE('',*,*,#7216,.F.) ;
#7289=ORIENTED_EDGE('',*,*,#7220,.F.) ;
#7290=ORIENTED_EDGE('',*,*,#4714,.F.) ;
#7291=ORIENTED_EDGE('',*,*,#7226,.F.) ;
#7292=ORIENTED_EDGE('',*,*,#7232,.F.) ;
#7293=ORIENTED_EDGE('',*,*,#7248,.F.) ;
#7294=ORIENTED_EDGE('',*,*,#7254,.F.) ;
#7295=ORIENTED_EDGE('',*,*,#7259,.F.) ;
#7296=ORIENTED_EDGE('',*,*,#4250,.F.) ;
#7297=ORIENTED_EDGE('',*,*,#7266,.F.) ;
#7298=ORIENTED_EDGE('',*,*,#7272,.F.) ;
#7299=ORIENTED_EDGE('',*,*,#7286,.F.) ;
#7320=ORIENTED_EDGE('',*,*,#4246,.T.) ;
#7321=ORIENTED_EDGE('',*,*,#7313,.T.) ;
#7322=ORIENTED_EDGE('',*,*,#7318,.F.) ;
#7323=ORIENTED_EDGE('',*,*,#7266,.T.) ;
#7343=ORIENTED_EDGE('',*,*,#7313,.F.) ;
#7344=ORIENTED_EDGE('',*,*,#4239,.F.) ;
#7345=ORIENTED_EDGE('',*,*,#7337,.F.) ;
#7346=ORIENTED_EDGE('',*,*,#7341,.F.) ;
#7367=ORIENTED_EDGE('',*,*,#4233,.T.) ;
#7368=ORIENTED_EDGE('',*,*,#7360,.T.) ;
#7369=ORIENTED_EDGE('',*,*,#7365,.T.) ;
#7370=ORIENTED_EDGE('',*,*,#7337,.T.) ;
#7417=ORIENTED_EDGE('',*,*,#7382,.F.) ;
#7418=ORIENTED_EDGE('',*,*,#4740,.F.) ;
#7419=ORIENTED_EDGE('',*,*,#7389,.F.) ;
#7420=ORIENTED_EDGE('',*,*,#7395,.F.) ;
#7421=ORIENTED_EDGE('',*,*,#7411,.F.) ;
#7422=ORIENTED_EDGE('',*,*,#7415,.F.) ;
#7423=ORIENTED_EDGE('',*,*,#7360,.F.) ;
#7424=ORIENTED_EDGE('',*,*,#4226,.F.) ;
#7494=ORIENTED_EDGE('',*,*,#7440,.T.) ;
#7495=ORIENTED_EDGE('',*,*,#7447,.T.) ;
#7496=ORIENTED_EDGE('',*,*,#7454,.T.) ;
#7497=ORIENTED_EDGE('',*,*,#7461,.F.) ;
#7498=ORIENTED_EDGE('',*,*,#7468,.T.) ;
#7499=ORIENTED_EDGE('',*,*,#7473,.T.) ;
#7500=ORIENTED_EDGE('',*,*,#4747,.T.) ;
#7501=ORIENTED_EDGE('',*,*,#7382,.T.) ;
#7502=ORIENTED_EDGE('',*,*,#4220,.T.) ;
#7503=ORIENTED_EDGE('',*,*,#7480,.T.) ;
#7504=ORIENTED_EDGE('',*,*,#7487,.T.) ;
#7505=ORIENTED_EDGE('',*,*,#7492,.F.) ;
#7526=ORIENTED_EDGE('',*,*,#4213,.T.) ;
#7527=ORIENTED_EDGE('',*,*,#7519,.F.) ;
#7528=ORIENTED_EDGE('',*,*,#7524,.F.) ;
#7529=ORIENTED_EDGE('',*,*,#7480,.F.) ;
#7550=ORIENTED_EDGE('',*,*,#7519,.T.) ;
#7551=ORIENTED_EDGE('',*,*,#4206,.T.) ;
#7552=ORIENTED_EDGE('',*,*,#7543,.F.) ;
#7553=ORIENTED_EDGE('',*,*,#7548,.T.) ;
#7719=ORIENTED_EDGE('',*,*,#4767,.T.) ;
#7720=ORIENTED_EDGE('',*,*,#7567,.T.) ;
#7721=ORIENTED_EDGE('',*,*,#7574,.T.) ;
#7722=ORIENTED_EDGE('',*,*,#7581,.F.) ;
#7723=ORIENTED_EDGE('',*,*,#7588,.F.) ;
#7724=ORIENTED_EDGE('',*,*,#7595,.F.) ;
#7725=ORIENTED_EDGE('',*,*,#7602,.F.) ;
#7726=ORIENTED_EDGE('',*,*,#7609,.T.) ;
#7727=ORIENTED_EDGE('',*,*,#7616,.T.) ;
#7728=ORIENTED_EDGE('',*,*,#7623,.F.) ;
#7729=ORIENTED_EDGE('',*,*,#7630,.F.) ;
#7730=ORIENTED_EDGE('',*,*,#7637,.F.) ;
#7731=ORIENTED_EDGE('',*,*,#7642,.F.) ;
#7732=ORIENTED_EDGE('',*,*,#7543,.T.) ;
#7733=ORIENTED_EDGE('',*,*,#4200,.T.) ;
#7734=ORIENTED_EDGE('',*,*,#7649,.T.) ;
#7735=ORIENTED_EDGE('',*,*,#7656,.T.) ;
#7736=ORIENTED_EDGE('',*,*,#7663,.T.) ;
#7737=ORIENTED_EDGE('',*,*,#7670,.T.) ;
#7738=ORIENTED_EDGE('',*,*,#7677,.T.) ;
#7739=ORIENTED_EDGE('',*,*,#7684,.T.) ;
#7740=ORIENTED_EDGE('',*,*,#7691,.T.) ;
#7741=ORIENTED_EDGE('',*,*,#7698,.T.) ;
#7742=ORIENTED_EDGE('',*,*,#7705,.T.) ;
#7743=ORIENTED_EDGE('',*,*,#7712,.T.) ;
#7744=ORIENTED_EDGE('',*,*,#7717,.T.) ;
#7768=ORIENTED_EDGE('',*,*,#4193,.F.) ;
#7769=ORIENTED_EDGE('',*,*,#7760,.T.) ;
#7770=ORIENTED_EDGE('',*,*,#7766,.T.) ;
#7771=ORIENTED_EDGE('',*,*,#7649,.F.) ;
#7792=ORIENTED_EDGE('',*,*,#7785,.F.) ;
#7793=ORIENTED_EDGE('',*,*,#7790,.F.) ;
#7794=ORIENTED_EDGE('',*,*,#7760,.F.) ;
#7795=ORIENTED_EDGE('',*,*,#4185,.F.) ;
#7841=ORIENTED_EDGE('',*,*,#7809,.T.) ;
#7842=ORIENTED_EDGE('',*,*,#7813,.F.) ;
#7843=ORIENTED_EDGE('',*,*,#7705,.F.) ;
#7844=ORIENTED_EDGE('',*,*,#7819,.F.) ;
#7845=ORIENTED_EDGE('',*,*,#7826,.T.) ;
#7846=ORIENTED_EDGE('',*,*,#7830,.F.) ;
#7847=ORIENTED_EDGE('',*,*,#7663,.F.) ;
#7848=ORIENTED_EDGE('',*,*,#7834,.T.) ;
#7849=ORIENTED_EDGE('',*,*,#7785,.T.) ;
#7850=ORIENTED_EDGE('',*,*,#4178,.F.) ;
#7851=ORIENTED_EDGE('',*,*,#7839,.F.) ;
#7852=ORIENTED_EDGE('',*,*,#4788,.T.) ;
#7936=ORIENTED_EDGE('',*,*,#4294,.T.) ;
#7937=ORIENTED_EDGE('',*,*,#4317,.T.) ;
#7938=ORIENTED_EDGE('',*,*,#4342,.T.) ;
#7939=ORIENTED_EDGE('',*,*,#7866,.F.) ;
#7940=ORIENTED_EDGE('',*,*,#7873,.F.) ;
#7941=ORIENTED_EDGE('',*,*,#7880,.T.) ;
#7942=ORIENTED_EDGE('',*,*,#7887,.F.) ;
#7943=ORIENTED_EDGE('',*,*,#7894,.T.) ;
#7944=ORIENTED_EDGE('',*,*,#7901,.F.) ;
#7945=ORIENTED_EDGE('',*,*,#7908,.T.) ;
#7946=ORIENTED_EDGE('',*,*,#7915,.T.) ;
#7947=ORIENTED_EDGE('',*,*,#7922,.T.) ;
#7948=ORIENTED_EDGE('',*,*,#7929,.F.) ;
#7949=ORIENTED_EDGE('',*,*,#7934,.F.) ;
#7950=ORIENTED_EDGE('',*,*,#4381,.T.) ;
#7951=ORIENTED_EDGE('',*,*,#4671,.T.) ;
#7952=ORIENTED_EDGE('',*,*,#4694,.T.) ;
#7953=ORIENTED_EDGE('',*,*,#4793,.F.) ;
#7954=ORIENTED_EDGE('',*,*,#7839,.T.) ;
#7955=ORIENTED_EDGE('',*,*,#4172,.F.) ;
#7969=ORIENTED_EDGE('',*,*,#4155,.T.) ;
#7970=ORIENTED_EDGE('',*,*,#7967,.F.) ;
#7971=ORIENTED_EDGE('',*,*,#5433,.T.) ;
#7972=ORIENTED_EDGE('',*,*,#5454,.F.) ;
#7973=ORIENTED_EDGE('',*,*,#5449,.T.) ;
#7987=ORIENTED_EDGE('',*,*,#7985,.F.) ;
#7988=ORIENTED_EDGE('',*,*,#5419,.T.) ;
#7989=ORIENTED_EDGE('',*,*,#7967,.T.) ;
#7990=ORIENTED_EDGE('',*,*,#4149,.T.) ;
#7999=ORIENTED_EDGE('',*,*,#5396,.F.) ;
#8000=ORIENTED_EDGE('',*,*,#5391,.F.) ;
#8001=ORIENTED_EDGE('',*,*,#5423,.T.) ;
#8002=ORIENTED_EDGE('',*,*,#7985,.T.) ;
#8003=ORIENTED_EDGE('',*,*,#4142,.T.) ;
#8087=ORIENTED_EDGE('',*,*,#4835,.T.) ;
#8088=ORIENTED_EDGE('',*,*,#4986,.T.) ;
#8089=ORIENTED_EDGE('',*,*,#5009,.T.) ;
#8090=ORIENTED_EDGE('',*,*,#5041,.T.) ;
#8091=ORIENTED_EDGE('',*,*,#8012,.F.) ;
#8092=ORIENTED_EDGE('',*,*,#8019,.F.) ;
#8093=ORIENTED_EDGE('',*,*,#8026,.T.) ;
#8094=ORIENTED_EDGE('',*,*,#8033,.F.) ;
#8095=ORIENTED_EDGE('',*,*,#8040,.T.) ;
#8096=ORIENTED_EDGE('',*,*,#8047,.F.) ;
#8097=ORIENTED_EDGE('',*,*,#8054,.T.) ;
#8098=ORIENTED_EDGE('',*,*,#8061,.T.) ;
#8099=ORIENTED_EDGE('',*,*,#8068,.T.) ;
#8100=ORIENTED_EDGE('',*,*,#8075,.F.) ;
#8101=ORIENTED_EDGE('',*,*,#8080,.F.) ;
#8102=ORIENTED_EDGE('',*,*,#5080,.T.) ;
#8103=ORIENTED_EDGE('',*,*,#5353,.T.) ;
#8104=ORIENTED_EDGE('',*,*,#5370,.T.) ;
#8105=ORIENTED_EDGE('',*,*,#4126,.T.) ;
#8106=ORIENTED_EDGE('',*,*,#8085,.F.) ;
#8155=ORIENTED_EDGE('',*,*,#8122,.F.) ;
#8156=ORIENTED_EDGE('',*,*,#8129,.F.) ;
#8157=ORIENTED_EDGE('',*,*,#8136,.F.) ;
#8158=ORIENTED_EDGE('',*,*,#8143,.F.) ;
#8159=ORIENTED_EDGE('',*,*,#8148,.F.) ;
#8160=ORIENTED_EDGE('',*,*,#4841,.T.) ;
#8161=ORIENTED_EDGE('',*,*,#8085,.T.) ;
#8162=ORIENTED_EDGE('',*,*,#4119,.T.) ;
#8163=ORIENTED_EDGE('',*,*,#8153,.F.) ;
#8177=ORIENTED_EDGE('',*,*,#7259,.T.) ;
#8178=ORIENTED_EDGE('',*,*,#8175,.T.) ;
#8179=ORIENTED_EDGE('',*,*,#8122,.T.) ;
#8180=ORIENTED_EDGE('',*,*,#8153,.T.) ;
#8181=ORIENTED_EDGE('',*,*,#4113,.T.) ;
#8265=ORIENTED_EDGE('',*,*,#8197,.T.) ;
#8266=ORIENTED_EDGE('',*,*,#8204,.F.) ;
#8267=ORIENTED_EDGE('',*,*,#8211,.F.) ;
#8268=ORIENTED_EDGE('',*,*,#8216,.T.) ;
#8269=ORIENTED_EDGE('',*,*,#4392,.T.) ;
#8270=ORIENTED_EDGE('',*,*,#8223,.T.) ;
#8271=ORIENTED_EDGE('',*,*,#8230,.F.) ;
#8272=ORIENTED_EDGE('',*,*,#8237,.F.) ;
#8273=ORIENTED_EDGE('',*,*,#8244,.T.) ;
#8274=ORIENTED_EDGE('',*,*,#8251,.F.) ;
#8275=ORIENTED_EDGE('',*,*,#8258,.F.) ;
#8276=ORIENTED_EDGE('',*,*,#8263,.F.) ;
#8323=ORIENTED_EDGE('',*,*,#8289,.T.) ;
#8324=ORIENTED_EDGE('',*,*,#8296,.T.) ;
#8325=ORIENTED_EDGE('',*,*,#8304,.F.) ;
#8326=ORIENTED_EDGE('',*,*,#8311,.F.) ;
#8327=ORIENTED_EDGE('',*,*,#8317,.F.) ;
#8328=ORIENTED_EDGE('',*,*,#8321,.F.) ;
#8329=ORIENTED_EDGE('',*,*,#8223,.F.) ;
#8330=ORIENTED_EDGE('',*,*,#4387,.F.) ;
#8331=ORIENTED_EDGE('',*,*,#7934,.T.) ;
#8354=ORIENTED_EDGE('',*,*,#4364,.T.) ;
#8355=ORIENTED_EDGE('',*,*,#4445,.T.) ;
#8356=ORIENTED_EDGE('',*,*,#8352,.T.) ;
#8357=ORIENTED_EDGE('',*,*,#4633,.T.) ;
#8404=ORIENTED_EDGE('',*,*,#4337,.F.) ;
#8405=ORIENTED_EDGE('',*,*,#8216,.F.) ;
#8406=ORIENTED_EDGE('',*,*,#8370,.F.) ;
#8407=ORIENTED_EDGE('',*,*,#8376,.F.) ;
#8408=ORIENTED_EDGE('',*,*,#8383,.F.) ;
#8409=ORIENTED_EDGE('',*,*,#8391,.F.) ;
#8410=ORIENTED_EDGE('',*,*,#8398,.T.) ;
#8411=ORIENTED_EDGE('',*,*,#8402,.T.) ;
#8412=ORIENTED_EDGE('',*,*,#7866,.T.) ;
#8447=ORIENTED_EDGE('',*,*,#4440,.F.) ;
#8448=ORIENTED_EDGE('',*,*,#8425,.F.) ;
#8449=ORIENTED_EDGE('',*,*,#8441,.F.) ;
#8450=ORIENTED_EDGE('',*,*,#8445,.F.) ;
#8451=ORIENTED_EDGE('',*,*,#4640,.F.) ;
#8452=ORIENTED_EDGE('',*,*,#8352,.F.) ;
#8473=ORIENTED_EDGE('',*,*,#8425,.T.) ;
#8474=ORIENTED_EDGE('',*,*,#4433,.F.) ;
#8475=ORIENTED_EDGE('',*,*,#4426,.T.) ;
#8476=ORIENTED_EDGE('',*,*,#4471,.F.) ;
#8477=ORIENTED_EDGE('',*,*,#4494,.F.) ;
#8478=ORIENTED_EDGE('',*,*,#4556,.T.) ;
#8479=ORIENTED_EDGE('',*,*,#8466,.T.) ;
#8480=ORIENTED_EDGE('',*,*,#8471,.F.) ;
#8496=ORIENTED_EDGE('',*,*,#4645,.F.) ;
#8497=ORIENTED_EDGE('',*,*,#8445,.T.) ;
#8498=ORIENTED_EDGE('',*,*,#8489,.T.) ;
#8499=ORIENTED_EDGE('',*,*,#8494,.F.) ;
#8500=ORIENTED_EDGE('',*,*,#4519,.T.) ;
#8501=ORIENTED_EDGE('',*,*,#4584,.F.) ;
#8502=ORIENTED_EDGE('',*,*,#4607,.F.) ;
#8503=ORIENTED_EDGE('',*,*,#4626,.F.) ;
#8545=ORIENTED_EDGE('',*,*,#8519,.T.) ;
#8546=ORIENTED_EDGE('',*,*,#8533,.T.) ;
#8547=ORIENTED_EDGE('',*,*,#6712,.T.) ;
#8548=ORIENTED_EDGE('',*,*,#8538,.T.) ;
#8549=ORIENTED_EDGE('',*,*,#4525,.T.) ;
#8550=ORIENTED_EDGE('',*,*,#8543,.T.) ;
#8564=ORIENTED_EDGE('',*,*,#6688,.T.) ;
#8565=ORIENTED_EDGE('',*,*,#8562,.F.) ;
#8566=ORIENTED_EDGE('',*,*,#4545,.T.) ;
#8567=ORIENTED_EDGE('',*,*,#4535,.T.) ;
#8568=ORIENTED_EDGE('',*,*,#8538,.F.) ;
#8608=ORIENTED_EDGE('',*,*,#6594,.T.) ;
#8609=ORIENTED_EDGE('',*,*,#8594,.T.) ;
#8610=ORIENTED_EDGE('',*,*,#8601,.T.) ;
#8611=ORIENTED_EDGE('',*,*,#8606,.T.) ;
#8612=ORIENTED_EDGE('',*,*,#4551,.T.) ;
#8613=ORIENTED_EDGE('',*,*,#8562,.T.) ;
#8629=ORIENTED_EDGE('',*,*,#8622,.T.) ;
#8630=ORIENTED_EDGE('',*,*,#8627,.T.) ;
#8631=ORIENTED_EDGE('',*,*,#4721,.T.) ;
#8632=ORIENTED_EDGE('',*,*,#7220,.T.) ;
#8652=ORIENTED_EDGE('',*,*,#8627,.F.) ;
#8653=ORIENTED_EDGE('',*,*,#8645,.F.) ;
#8654=ORIENTED_EDGE('',*,*,#8650,.F.) ;
#8655=ORIENTED_EDGE('',*,*,#4727,.F.) ;
#8664=ORIENTED_EDGE('',*,*,#8662,.F.) ;
#8665=ORIENTED_EDGE('',*,*,#7389,.T.) ;
#8666=ORIENTED_EDGE('',*,*,#4734,.T.) ;
#8667=ORIENTED_EDGE('',*,*,#8650,.T.) ;
#8683=ORIENTED_EDGE('',*,*,#7473,.F.) ;
#8684=ORIENTED_EDGE('',*,*,#8676,.T.) ;
#8685=ORIENTED_EDGE('',*,*,#8681,.F.) ;
#8686=ORIENTED_EDGE('',*,*,#4754,.T.) ;
#8700=ORIENTED_EDGE('',*,*,#8681,.T.) ;
#8701=ORIENTED_EDGE('',*,*,#8698,.T.) ;
#8702=ORIENTED_EDGE('',*,*,#7567,.F.) ;
#8703=ORIENTED_EDGE('',*,*,#4760,.T.) ;
#8727=ORIENTED_EDGE('',*,*,#8718,.T.) ;
#8728=ORIENTED_EDGE('',*,*,#8725,.T.) ;
#8729=ORIENTED_EDGE('',*,*,#4775,.T.) ;
#8730=ORIENTED_EDGE('',*,*,#7717,.F.) ;
#8739=ORIENTED_EDGE('',*,*,#8737,.F.) ;
#8740=ORIENTED_EDGE('',*,*,#7809,.F.) ;
#8741=ORIENTED_EDGE('',*,*,#4782,.F.) ;
#8742=ORIENTED_EDGE('',*,*,#8725,.F.) ;
#8751=ORIENTED_EDGE('',*,*,#4805,.T.) ;
#8752=ORIENTED_EDGE('',*,*,#4898,.T.) ;
#8753=ORIENTED_EDGE('',*,*,#4893,.F.) ;
#8754=ORIENTED_EDGE('',*,*,#4918,.T.) ;
#8755=ORIENTED_EDGE('',*,*,#8749,.F.) ;
#8764=ORIENTED_EDGE('',*,*,#8749,.T.) ;
#8765=ORIENTED_EDGE('',*,*,#4935,.T.) ;
#8766=ORIENTED_EDGE('',*,*,#8762,.F.) ;
#8767=ORIENTED_EDGE('',*,*,#4812,.T.) ;
#8771=ORIENTED_EDGE('',*,*,#8762,.T.) ;
#8772=ORIENTED_EDGE('',*,*,#4930,.T.) ;
#8773=ORIENTED_EDGE('',*,*,#4961,.F.) ;
#8774=ORIENTED_EDGE('',*,*,#4956,.F.) ;
#8775=ORIENTED_EDGE('',*,*,#4818,.T.) ;
#8784=ORIENTED_EDGE('',*,*,#7226,.T.) ;
#8785=ORIENTED_EDGE('',*,*,#4846,.T.) ;
#8786=ORIENTED_EDGE('',*,*,#8148,.T.) ;
#8787=ORIENTED_EDGE('',*,*,#8143,.T.) ;
#8788=ORIENTED_EDGE('',*,*,#8782,.F.) ;
#8842=ORIENTED_EDGE('',*,*,#8804,.T.) ;
#8843=ORIENTED_EDGE('',*,*,#8812,.F.) ;
#8844=ORIENTED_EDGE('',*,*,#8819,.F.) ;
#8845=ORIENTED_EDGE('',*,*,#8825,.F.) ;
#8846=ORIENTED_EDGE('',*,*,#8831,.F.) ;
#8847=ORIENTED_EDGE('',*,*,#8836,.F.) ;
#8848=ORIENTED_EDGE('',*,*,#5084,.F.) ;
#8849=ORIENTED_EDGE('',*,*,#8080,.T.) ;
#8850=ORIENTED_EDGE('',*,*,#8840,.F.) ;
#8868=ORIENTED_EDGE('',*,*,#5063,.T.) ;
#8869=ORIENTED_EDGE('',*,*,#5132,.T.) ;
#8870=ORIENTED_EDGE('',*,*,#8866,.T.) ;
#8871=ORIENTED_EDGE('',*,*,#5315,.T.) ;
#8925=ORIENTED_EDGE('',*,*,#8888,.T.) ;
#8926=ORIENTED_EDGE('',*,*,#8895,.T.) ;
#8927=ORIENTED_EDGE('',*,*,#8899,.F.) ;
#8928=ORIENTED_EDGE('',*,*,#8012,.T.) ;
#8929=ORIENTED_EDGE('',*,*,#5036,.F.) ;
#8930=ORIENTED_EDGE('',*,*,#8906,.F.) ;
#8931=ORIENTED_EDGE('',*,*,#8912,.F.) ;
#8932=ORIENTED_EDGE('',*,*,#8918,.F.) ;
#8933=ORIENTED_EDGE('',*,*,#8923,.F.) ;
#8998=ORIENTED_EDGE('',*,*,#8944,.T.) ;
#8999=ORIENTED_EDGE('',*,*,#8951,.T.) ;
#9000=ORIENTED_EDGE('',*,*,#8958,.T.) ;
#9001=ORIENTED_EDGE('',*,*,#8965,.F.) ;
#9002=ORIENTED_EDGE('',*,*,#8972,.T.) ;
#9003=ORIENTED_EDGE('',*,*,#8977,.T.) ;
#9004=ORIENTED_EDGE('',*,*,#8906,.T.) ;
#9005=ORIENTED_EDGE('',*,*,#5030,.T.) ;
#9006=ORIENTED_EDGE('',*,*,#8836,.T.) ;
#9007=ORIENTED_EDGE('',*,*,#8984,.T.) ;
#9008=ORIENTED_EDGE('',*,*,#8991,.T.) ;
#9009=ORIENTED_EDGE('',*,*,#8996,.F.) ;
#9044=ORIENTED_EDGE('',*,*,#5127,.F.) ;
#9045=ORIENTED_EDGE('',*,*,#9022,.F.) ;
#9046=ORIENTED_EDGE('',*,*,#9038,.F.) ;
#9047=ORIENTED_EDGE('',*,*,#9042,.F.) ;
#9048=ORIENTED_EDGE('',*,*,#5322,.F.) ;
#9049=ORIENTED_EDGE('',*,*,#8866,.F.) ;
#9065=ORIENTED_EDGE('',*,*,#9022,.T.) ;
#9066=ORIENTED_EDGE('',*,*,#5120,.F.) ;
#9067=ORIENTED_EDGE('',*,*,#5113,.T.) ;
#9068=ORIENTED_EDGE('',*,*,#5154,.F.) ;
#9069=ORIENTED_EDGE('',*,*,#5181,.F.) ;
#9070=ORIENTED_EDGE('',*,*,#5243,.T.) ;
#9071=ORIENTED_EDGE('',*,*,#9058,.T.) ;
#9072=ORIENTED_EDGE('',*,*,#9063,.F.) ;
#9121=ORIENTED_EDGE('',*,*,#9083,.T.) ;
#9122=ORIENTED_EDGE('',*,*,#9102,.T.) ;
#9123=ORIENTED_EDGE('',*,*,#9109,.T.) ;
#9124=ORIENTED_EDGE('',*,*,#9114,.F.) ;
#9125=ORIENTED_EDGE('',*,*,#5238,.T.) ;
#9126=ORIENTED_EDGE('',*,*,#9119,.T.) ;
#9156=ORIENTED_EDGE('',*,*,#9149,.T.) ;
#9157=ORIENTED_EDGE('',*,*,#9119,.F.) ;
#9158=ORIENTED_EDGE('',*,*,#5232,.T.) ;
#9159=ORIENTED_EDGE('',*,*,#5222,.T.) ;
#9160=ORIENTED_EDGE('',*,*,#9154,.F.) ;
#9199=ORIENTED_EDGE('',*,*,#9171,.T.) ;
#9200=ORIENTED_EDGE('',*,*,#9187,.T.) ;
#9201=ORIENTED_EDGE('',*,*,#9192,.T.) ;
#9202=ORIENTED_EDGE('',*,*,#9154,.T.) ;
#9203=ORIENTED_EDGE('',*,*,#5212,.T.) ;
#9204=ORIENTED_EDGE('',*,*,#9197,.F.) ;
#9220=ORIENTED_EDGE('',*,*,#5327,.F.) ;
#9221=ORIENTED_EDGE('',*,*,#9042,.T.) ;
#9222=ORIENTED_EDGE('',*,*,#9213,.T.) ;
#9223=ORIENTED_EDGE('',*,*,#9218,.F.) ;
#9224=ORIENTED_EDGE('',*,*,#5206,.T.) ;
#9225=ORIENTED_EDGE('',*,*,#5267,.F.) ;
#9226=ORIENTED_EDGE('',*,*,#5290,.F.) ;
#9227=ORIENTED_EDGE('',*,*,#5308,.F.) ;
#9241=ORIENTED_EDGE('',*,*,#6825,.T.) ;
#9242=ORIENTED_EDGE('',*,*,#5541,.T.) ;
#9243=ORIENTED_EDGE('',*,*,#9239,.F.) ;
#9259=ORIENTED_EDGE('',*,*,#5593,.T.) ;
#9260=ORIENTED_EDGE('',*,*,#6078,.F.) ;
#9261=ORIENTED_EDGE('',*,*,#5891,.F.) ;
#9262=ORIENTED_EDGE('',*,*,#9257,.F.) ;
#9278=ORIENTED_EDGE('',*,*,#5913,.F.) ;
#9279=ORIENTED_EDGE('',*,*,#9239,.T.) ;
#9280=ORIENTED_EDGE('',*,*,#5588,.T.) ;
#9281=ORIENTED_EDGE('',*,*,#9276,.F.) ;
#9300=ORIENTED_EDGE('',*,*,#9293,.T.) ;
#9301=ORIENTED_EDGE('',*,*,#5583,.T.) ;
#9302=ORIENTED_EDGE('',*,*,#9298,.F.) ;
#9303=ORIENTED_EDGE('',*,*,#9192,.F.) ;
#9369=ORIENTED_EDGE('',*,*,#9298,.T.) ;
#9370=ORIENTED_EDGE('',*,*,#5577,.T.) ;
#9371=ORIENTED_EDGE('',*,*,#9367,.F.) ;
#9372=ORIENTED_EDGE('',*,*,#9149,.F.) ;
#9386=ORIENTED_EDGE('',*,*,#9367,.T.) ;
#9387=ORIENTED_EDGE('',*,*,#5561,.T.) ;
#9388=ORIENTED_EDGE('',*,*,#9384,.F.) ;
#9389=ORIENTED_EDGE('',*,*,#9083,.F.) ;
#9405=ORIENTED_EDGE('',*,*,#5821,.T.) ;
#9406=ORIENTED_EDGE('',*,*,#5616,.T.) ;
#9407=ORIENTED_EDGE('',*,*,#5673,.F.) ;
#9408=ORIENTED_EDGE('',*,*,#9403,.F.) ;
#9422=ORIENTED_EDGE('',*,*,#5680,.F.) ;
#9423=ORIENTED_EDGE('',*,*,#5634,.T.) ;
#9424=ORIENTED_EDGE('',*,*,#6520,.T.) ;
#9425=ORIENTED_EDGE('',*,*,#9420,.T.) ;
#9446=ORIENTED_EDGE('',*,*,#5692,.F.) ;
#9447=ORIENTED_EDGE('',*,*,#9437,.T.) ;
#9448=ORIENTED_EDGE('',*,*,#5803,.T.) ;
#9449=ORIENTED_EDGE('',*,*,#9444,.F.) ;
#9480=ORIENTED_EDGE('',*,*,#9465,.F.) ;
#9481=ORIENTED_EDGE('',*,*,#9470,.T.) ;
#9482=ORIENTED_EDGE('',*,*,#5668,.T.) ;
#9483=ORIENTED_EDGE('',*,*,#9478,.T.) ;
#9507=ORIENTED_EDGE('',*,*,#9500,.F.) ;
#9508=ORIENTED_EDGE('',*,*,#9505,.F.) ;
#9509=ORIENTED_EDGE('',*,*,#9478,.F.) ;
#9510=ORIENTED_EDGE('',*,*,#5661,.T.) ;
#9531=ORIENTED_EDGE('',*,*,#5654,.T.) ;
#9532=ORIENTED_EDGE('',*,*,#9524,.F.) ;
#9533=ORIENTED_EDGE('',*,*,#9529,.F.) ;
#9534=ORIENTED_EDGE('',*,*,#9500,.T.) ;
#9562=ORIENTED_EDGE('',*,*,#9548,.T.) ;
#9563=ORIENTED_EDGE('',*,*,#9555,.T.) ;
#9564=ORIENTED_EDGE('',*,*,#9560,.F.) ;
#9565=ORIENTED_EDGE('',*,*,#5766,.F.) ;
#9579=ORIENTED_EDGE('',*,*,#9560,.T.) ;
#9580=ORIENTED_EDGE('',*,*,#9577,.T.) ;
#9581=ORIENTED_EDGE('',*,*,#9548,.F.) ;
#9582=ORIENTED_EDGE('',*,*,#5761,.F.) ;
#9610=ORIENTED_EDGE('',*,*,#9596,.T.) ;
#9611=ORIENTED_EDGE('',*,*,#9603,.T.) ;
#9612=ORIENTED_EDGE('',*,*,#9608,.F.) ;
#9613=ORIENTED_EDGE('',*,*,#5784,.F.) ;
#9627=ORIENTED_EDGE('',*,*,#9608,.T.) ;
#9628=ORIENTED_EDGE('',*,*,#9625,.T.) ;
#9629=ORIENTED_EDGE('',*,*,#9596,.F.) ;
#9630=ORIENTED_EDGE('',*,*,#5779,.F.) ;
#9658=ORIENTED_EDGE('',*,*,#9644,.T.) ;
#9659=ORIENTED_EDGE('',*,*,#5827,.T.) ;
#9660=ORIENTED_EDGE('',*,*,#9651,.F.) ;
#9661=ORIENTED_EDGE('',*,*,#9656,.F.) ;
#9752=ORIENTED_EDGE('',*,*,#9727,.T.) ;
#9753=ORIENTED_EDGE('',*,*,#5843,.T.) ;
#9754=ORIENTED_EDGE('',*,*,#9644,.F.) ;
#9755=ORIENTED_EDGE('',*,*,#9750,.F.) ;
#9776=ORIENTED_EDGE('',*,*,#9769,.T.) ;
#9777=ORIENTED_EDGE('',*,*,#5847,.T.) ;
#9778=ORIENTED_EDGE('',*,*,#9727,.F.) ;
#9779=ORIENTED_EDGE('',*,*,#9774,.F.) ;
#9801=ORIENTED_EDGE('',*,*,#9109,.F.) ;
#9802=ORIENTED_EDGE('',*,*,#9791,.T.) ;
#9803=ORIENTED_EDGE('',*,*,#5886,.T.) ;
#9804=ORIENTED_EDGE('',*,*,#9799,.T.) ;
#9826=ORIENTED_EDGE('',*,*,#9819,.F.) ;
#9827=ORIENTED_EDGE('',*,*,#9824,.F.) ;
#9828=ORIENTED_EDGE('',*,*,#9799,.F.) ;
#9829=ORIENTED_EDGE('',*,*,#5879,.T.) ;
#9843=ORIENTED_EDGE('',*,*,#5872,.T.) ;
#9844=ORIENTED_EDGE('',*,*,#9841,.F.) ;
#9845=ORIENTED_EDGE('',*,*,#9171,.F.) ;
#9846=ORIENTED_EDGE('',*,*,#9819,.T.) ;
#9874=ORIENTED_EDGE('',*,*,#9860,.T.) ;
#9875=ORIENTED_EDGE('',*,*,#9867,.T.) ;
#9876=ORIENTED_EDGE('',*,*,#9872,.F.) ;
#9877=ORIENTED_EDGE('',*,*,#6045,.F.) ;
#9891=ORIENTED_EDGE('',*,*,#9872,.T.) ;
#9892=ORIENTED_EDGE('',*,*,#9889,.T.) ;
#9893=ORIENTED_EDGE('',*,*,#9860,.F.) ;
#9894=ORIENTED_EDGE('',*,*,#6040,.F.) ;
#9922=ORIENTED_EDGE('',*,*,#9908,.T.) ;
#9923=ORIENTED_EDGE('',*,*,#9915,.T.) ;
#9924=ORIENTED_EDGE('',*,*,#9920,.F.) ;
#9925=ORIENTED_EDGE('',*,*,#6063,.F.) ;
#9939=ORIENTED_EDGE('',*,*,#9920,.T.) ;
#9940=ORIENTED_EDGE('',*,*,#9937,.T.) ;
#9941=ORIENTED_EDGE('',*,*,#9908,.F.) ;
#9942=ORIENTED_EDGE('',*,*,#6058,.F.) ;
#9964=ORIENTED_EDGE('',*,*,#8601,.F.) ;
#9965=ORIENTED_EDGE('',*,*,#9954,.T.) ;
#9966=ORIENTED_EDGE('',*,*,#6123,.T.) ;
#9967=ORIENTED_EDGE('',*,*,#9962,.T.) ;
#9989=ORIENTED_EDGE('',*,*,#9982,.F.) ;
#9990=ORIENTED_EDGE('',*,*,#9987,.F.) ;
#9991=ORIENTED_EDGE('',*,*,#9962,.F.) ;
#9992=ORIENTED_EDGE('',*,*,#6116,.T.) ;
#10006=ORIENTED_EDGE('',*,*,#6109,.T.) ;
#10007=ORIENTED_EDGE('',*,*,#10004,.F.) ;
#10008=ORIENTED_EDGE('',*,*,#8519,.F.) ;
#10009=ORIENTED_EDGE('',*,*,#9982,.T.) ;
#10037=ORIENTED_EDGE('',*,*,#10023,.T.) ;
#10038=ORIENTED_EDGE('',*,*,#6481,.T.) ;
#10039=ORIENTED_EDGE('',*,*,#10030,.F.) ;
#10040=ORIENTED_EDGE('',*,*,#10035,.F.) ;
#10054=ORIENTED_EDGE('',*,*,#10030,.T.) ;
#10055=ORIENTED_EDGE('',*,*,#6476,.T.) ;
#10056=ORIENTED_EDGE('',*,*,#10023,.F.) ;
#10057=ORIENTED_EDGE('',*,*,#10052,.F.) ;
#10085=ORIENTED_EDGE('',*,*,#10071,.T.) ;
#10086=ORIENTED_EDGE('',*,*,#6499,.T.) ;
#10087=ORIENTED_EDGE('',*,*,#10078,.F.) ;
#10088=ORIENTED_EDGE('',*,*,#10083,.F.) ;
#10102=ORIENTED_EDGE('',*,*,#10078,.T.) ;
#10103=ORIENTED_EDGE('',*,*,#6494,.T.) ;
#10104=ORIENTED_EDGE('',*,*,#10071,.F.) ;
#10105=ORIENTED_EDGE('',*,*,#10100,.F.) ;
#10146=ORIENTED_EDGE('',*,*,#10004,.T.) ;
#10147=ORIENTED_EDGE('',*,*,#6539,.T.) ;
#10148=ORIENTED_EDGE('',*,*,#6707,.F.) ;
#10149=ORIENTED_EDGE('',*,*,#8533,.F.) ;
#10190=ORIENTED_EDGE('',*,*,#6589,.T.) ;
#10191=ORIENTED_EDGE('',*,*,#6563,.T.) ;
#10192=ORIENTED_EDGE('',*,*,#9954,.F.) ;
#10193=ORIENTED_EDGE('',*,*,#8594,.F.) ;
#10202=ORIENTED_EDGE('',*,*,#6745,.T.) ;
#10203=ORIENTED_EDGE('',*,*,#6774,.F.) ;
#10204=ORIENTED_EDGE('',*,*,#9420,.F.) ;
#10213=ORIENTED_EDGE('',*,*,#6779,.T.) ;
#10214=ORIENTED_EDGE('',*,*,#6796,.F.) ;
#10215=ORIENTED_EDGE('',*,*,#9437,.F.) ;
#10224=ORIENTED_EDGE('',*,*,#7196,.T.) ;
#10225=ORIENTED_EDGE('',*,*,#6899,.F.) ;
#10226=ORIENTED_EDGE('',*,*,#6992,.T.) ;
#10227=ORIENTED_EDGE('',*,*,#6951,.F.) ;
#10236=ORIENTED_EDGE('',*,*,#7105,.T.) ;
#10237=ORIENTED_EDGE('',*,*,#7146,.F.) ;
#10238=ORIENTED_EDGE('',*,*,#7179,.T.) ;
#10239=ORIENTED_EDGE('',*,*,#7057,.F.) ;
#10253=ORIENTED_EDGE('',*,*,#7395,.T.) ;
#10254=ORIENTED_EDGE('',*,*,#8662,.T.) ;
#10255=ORIENTED_EDGE('',*,*,#8645,.T.) ;
#10256=ORIENTED_EDGE('',*,*,#8622,.F.) ;
#10257=ORIENTED_EDGE('',*,*,#7216,.T.) ;
#10258=ORIENTED_EDGE('',*,*,#10251,.F.) ;
#10286=ORIENTED_EDGE('',*,*,#8782,.T.) ;
#10287=ORIENTED_EDGE('',*,*,#10272,.T.) ;
#10288=ORIENTED_EDGE('',*,*,#10279,.T.) ;
#10289=ORIENTED_EDGE('',*,*,#10284,.F.) ;
#10290=ORIENTED_EDGE('',*,*,#7232,.T.) ;
#10320=ORIENTED_EDGE('',*,*,#7248,.T.) ;
#10321=ORIENTED_EDGE('',*,*,#10284,.T.) ;
#10322=ORIENTED_EDGE('',*,*,#10313,.T.) ;
#10323=ORIENTED_EDGE('',*,*,#10318,.F.) ;
#10344=ORIENTED_EDGE('',*,*,#7254,.T.) ;
#10345=ORIENTED_EDGE('',*,*,#10318,.T.) ;
#10346=ORIENTED_EDGE('',*,*,#10337,.F.) ;
#10347=ORIENTED_EDGE('',*,*,#10342,.T.) ;
#10348=ORIENTED_EDGE('',*,*,#8175,.F.) ;
#10362=ORIENTED_EDGE('',*,*,#7341,.T.) ;
#10363=ORIENTED_EDGE('',*,*,#7365,.F.) ;
#10364=ORIENTED_EDGE('',*,*,#7415,.T.) ;
#10365=ORIENTED_EDGE('',*,*,#10360,.F.) ;
#10366=ORIENTED_EDGE('',*,*,#7272,.T.) ;
#10367=ORIENTED_EDGE('',*,*,#7318,.T.) ;
#10376=ORIENTED_EDGE('',*,*,#7411,.T.) ;
#10377=ORIENTED_EDGE('',*,*,#10251,.T.) ;
#10378=ORIENTED_EDGE('',*,*,#7286,.T.) ;
#10379=ORIENTED_EDGE('',*,*,#10360,.T.) ;
#10405=ORIENTED_EDGE('',*,*,#10393,.F.) ;
#10406=ORIENTED_EDGE('',*,*,#10398,.F.) ;
#10407=ORIENTED_EDGE('',*,*,#7440,.F.) ;
#10408=ORIENTED_EDGE('',*,*,#10403,.T.) ;
#10409=ORIENTED_EDGE('',*,*,#7616,.F.) ;
#10425=ORIENTED_EDGE('',*,*,#10418,.F.) ;
#10426=ORIENTED_EDGE('',*,*,#7447,.F.) ;
#10427=ORIENTED_EDGE('',*,*,#10398,.T.) ;
#10428=ORIENTED_EDGE('',*,*,#10423,.F.) ;
#10447=ORIENTED_EDGE('',*,*,#7602,.T.) ;
#10448=ORIENTED_EDGE('',*,*,#10440,.F.) ;
#10449=ORIENTED_EDGE('',*,*,#7454,.F.) ;
#10450=ORIENTED_EDGE('',*,*,#10418,.T.) ;
#10451=ORIENTED_EDGE('',*,*,#10445,.F.) ;
#10484=ORIENTED_EDGE('',*,*,#10467,.F.) ;
#10485=ORIENTED_EDGE('',*,*,#10472,.F.) ;
#10486=ORIENTED_EDGE('',*,*,#7581,.T.) ;
#10487=ORIENTED_EDGE('',*,*,#10477,.F.) ;
#10488=ORIENTED_EDGE('',*,*,#7461,.T.) ;
#10489=ORIENTED_EDGE('',*,*,#10440,.T.) ;
#10490=ORIENTED_EDGE('',*,*,#7595,.T.) ;
#10491=ORIENTED_EDGE('',*,*,#10482,.T.) ;
#10500=ORIENTED_EDGE('',*,*,#8676,.F.) ;
#10501=ORIENTED_EDGE('',*,*,#7468,.F.) ;
#10502=ORIENTED_EDGE('',*,*,#10477,.T.) ;
#10503=ORIENTED_EDGE('',*,*,#7574,.F.) ;
#10504=ORIENTED_EDGE('',*,*,#8698,.F.) ;
#10518=ORIENTED_EDGE('',*,*,#7548,.F.) ;
#10519=ORIENTED_EDGE('',*,*,#7642,.T.) ;
#10520=ORIENTED_EDGE('',*,*,#10516,.F.) ;
#10521=ORIENTED_EDGE('',*,*,#7487,.F.) ;
#10522=ORIENTED_EDGE('',*,*,#7524,.T.) ;
#10550=ORIENTED_EDGE('',*,*,#10538,.F.) ;
#10551=ORIENTED_EDGE('',*,*,#10543,.F.) ;
#10552=ORIENTED_EDGE('',*,*,#7623,.T.) ;
#10553=ORIENTED_EDGE('',*,*,#10403,.F.) ;
#10554=ORIENTED_EDGE('',*,*,#7492,.T.) ;
#10555=ORIENTED_EDGE('',*,*,#10516,.T.) ;
#10556=ORIENTED_EDGE('',*,*,#7637,.T.) ;
#10557=ORIENTED_EDGE('',*,*,#10548,.T.) ;
#10566=ORIENTED_EDGE('',*,*,#10564,.F.) ;
#10567=ORIENTED_EDGE('',*,*,#10482,.F.) ;
#10568=ORIENTED_EDGE('',*,*,#7588,.T.) ;
#10569=ORIENTED_EDGE('',*,*,#10472,.T.) ;
#10578=ORIENTED_EDGE('',*,*,#7609,.F.) ;
#10579=ORIENTED_EDGE('',*,*,#10445,.T.) ;
#10580=ORIENTED_EDGE('',*,*,#10423,.T.) ;
#10581=ORIENTED_EDGE('',*,*,#10393,.T.) ;
#10590=ORIENTED_EDGE('',*,*,#10588,.F.) ;
#10591=ORIENTED_EDGE('',*,*,#10548,.F.) ;
#10592=ORIENTED_EDGE('',*,*,#7630,.T.) ;
#10593=ORIENTED_EDGE('',*,*,#10543,.T.) ;
#10602=ORIENTED_EDGE('',*,*,#7790,.T.) ;
#10603=ORIENTED_EDGE('',*,*,#7834,.F.) ;
#10604=ORIENTED_EDGE('',*,*,#7656,.F.) ;
#10605=ORIENTED_EDGE('',*,*,#7766,.F.) ;
#10627=ORIENTED_EDGE('',*,*,#7830,.T.) ;
#10628=ORIENTED_EDGE('',*,*,#10619,.T.) ;
#10629=ORIENTED_EDGE('',*,*,#10625,.T.) ;
#10630=ORIENTED_EDGE('',*,*,#7670,.F.) ;
#10654=ORIENTED_EDGE('',*,*,#10645,.F.) ;
#10655=ORIENTED_EDGE('',*,*,#7677,.F.) ;
#10656=ORIENTED_EDGE('',*,*,#10625,.F.) ;
#10657=ORIENTED_EDGE('',*,*,#10652,.T.) ;
#10679=ORIENTED_EDGE('',*,*,#10645,.T.) ;
#10680=ORIENTED_EDGE('',*,*,#10671,.T.) ;
#10681=ORIENTED_EDGE('',*,*,#10677,.T.) ;
#10682=ORIENTED_EDGE('',*,*,#7684,.F.) ;
#10706=ORIENTED_EDGE('',*,*,#10677,.F.) ;
#10707=ORIENTED_EDGE('',*,*,#10698,.T.) ;
#10708=ORIENTED_EDGE('',*,*,#10704,.T.) ;
#10709=ORIENTED_EDGE('',*,*,#7691,.F.) ;
#10723=ORIENTED_EDGE('',*,*,#10721,.T.) ;
#10724=ORIENTED_EDGE('',*,*,#7819,.T.) ;
#10725=ORIENTED_EDGE('',*,*,#7698,.F.) ;
#10726=ORIENTED_EDGE('',*,*,#10704,.F.) ;
#10735=ORIENTED_EDGE('',*,*,#8718,.F.) ;
#10736=ORIENTED_EDGE('',*,*,#7712,.F.) ;
#10737=ORIENTED_EDGE('',*,*,#7813,.T.) ;
#10738=ORIENTED_EDGE('',*,*,#8737,.T.) ;
#10742=ORIENTED_EDGE('',*,*,#10652,.F.) ;
#10743=ORIENTED_EDGE('',*,*,#10619,.F.) ;
#10744=ORIENTED_EDGE('',*,*,#7826,.F.) ;
#10745=ORIENTED_EDGE('',*,*,#10721,.F.) ;
#10746=ORIENTED_EDGE('',*,*,#10698,.F.) ;
#10747=ORIENTED_EDGE('',*,*,#10671,.F.) ;
#10767=ORIENTED_EDGE('',*,*,#10760,.F.) ;
#10768=ORIENTED_EDGE('',*,*,#10765,.T.) ;
#10769=ORIENTED_EDGE('',*,*,#8289,.F.) ;
#10770=ORIENTED_EDGE('',*,*,#7929,.T.) ;
#10811=ORIENTED_EDGE('',*,*,#10786,.F.) ;
#10812=ORIENTED_EDGE('',*,*,#10794,.T.) ;
#10813=ORIENTED_EDGE('',*,*,#10799,.T.) ;
#10814=ORIENTED_EDGE('',*,*,#10760,.T.) ;
#10815=ORIENTED_EDGE('',*,*,#7922,.F.) ;
#10816=ORIENTED_EDGE('',*,*,#10805,.F.) ;
#10817=ORIENTED_EDGE('',*,*,#10809,.F.) ;
#10838=ORIENTED_EDGE('',*,*,#7915,.F.) ;
#10839=ORIENTED_EDGE('',*,*,#10831,.T.) ;
#10840=ORIENTED_EDGE('',*,*,#10836,.T.) ;
#10841=ORIENTED_EDGE('',*,*,#10805,.T.) ;
#10882=ORIENTED_EDGE('',*,*,#10857,.T.) ;
#10883=ORIENTED_EDGE('',*,*,#10865,.F.) ;
#10884=ORIENTED_EDGE('',*,*,#10872,.F.) ;
#10885=ORIENTED_EDGE('',*,*,#10876,.F.) ;
#10886=ORIENTED_EDGE('',*,*,#10831,.F.) ;
#10887=ORIENTED_EDGE('',*,*,#7908,.F.) ;
#10888=ORIENTED_EDGE('',*,*,#10880,.T.) ;
#10908=ORIENTED_EDGE('',*,*,#10901,.F.) ;
#10909=ORIENTED_EDGE('',*,*,#10906,.T.) ;
#10910=ORIENTED_EDGE('',*,*,#10880,.F.) ;
#10911=ORIENTED_EDGE('',*,*,#7901,.T.) ;
#10952=ORIENTED_EDGE('',*,*,#10927,.F.) ;
#10953=ORIENTED_EDGE('',*,*,#10935,.F.) ;
#10954=ORIENTED_EDGE('',*,*,#10940,.T.) ;
#10955=ORIENTED_EDGE('',*,*,#10901,.T.) ;
#10956=ORIENTED_EDGE('',*,*,#7894,.F.) ;
#10957=ORIENTED_EDGE('',*,*,#10946,.F.) ;
#10958=ORIENTED_EDGE('',*,*,#10950,.F.) ;
#10974=ORIENTED_EDGE('',*,*,#7887,.T.) ;
#10975=ORIENTED_EDGE('',*,*,#10967,.T.) ;
#10976=ORIENTED_EDGE('',*,*,#10972,.F.) ;
#10977=ORIENTED_EDGE('',*,*,#10946,.T.) ;
#11018=ORIENTED_EDGE('',*,*,#10993,.T.) ;
#11019=ORIENTED_EDGE('',*,*,#11001,.F.) ;
#11020=ORIENTED_EDGE('',*,*,#11008,.F.) ;
#11021=ORIENTED_EDGE('',*,*,#11012,.F.) ;
#11022=ORIENTED_EDGE('',*,*,#10967,.F.) ;
#11023=ORIENTED_EDGE('',*,*,#7880,.F.) ;
#11024=ORIENTED_EDGE('',*,*,#11016,.T.) ;
#11038=ORIENTED_EDGE('',*,*,#11036,.T.) ;
#11039=ORIENTED_EDGE('',*,*,#11016,.F.) ;
#11040=ORIENTED_EDGE('',*,*,#7873,.T.) ;
#11041=ORIENTED_EDGE('',*,*,#8402,.F.) ;
#11061=ORIENTED_EDGE('',*,*,#11055,.T.) ;
#11062=ORIENTED_EDGE('',*,*,#8840,.T.) ;
#11063=ORIENTED_EDGE('',*,*,#8075,.T.) ;
#11064=ORIENTED_EDGE('',*,*,#11059,.T.) ;
#11105=ORIENTED_EDGE('',*,*,#11080,.F.) ;
#11106=ORIENTED_EDGE('',*,*,#11088,.T.) ;
#11107=ORIENTED_EDGE('',*,*,#11093,.T.) ;
#11108=ORIENTED_EDGE('',*,*,#11059,.F.) ;
#11109=ORIENTED_EDGE('',*,*,#8068,.F.) ;
#11110=ORIENTED_EDGE('',*,*,#11099,.F.) ;
#11111=ORIENTED_EDGE('',*,*,#11103,.F.) ;
#11132=ORIENTED_EDGE('',*,*,#11099,.T.) ;
#11133=ORIENTED_EDGE('',*,*,#8061,.F.) ;
#11134=ORIENTED_EDGE('',*,*,#11125,.T.) ;
#11135=ORIENTED_EDGE('',*,*,#11130,.T.) ;
#11176=ORIENTED_EDGE('',*,*,#11151,.T.) ;
#11177=ORIENTED_EDGE('',*,*,#11159,.T.) ;
#11178=ORIENTED_EDGE('',*,*,#11166,.F.) ;
#11179=ORIENTED_EDGE('',*,*,#11170,.F.) ;
#11180=ORIENTED_EDGE('',*,*,#11125,.F.) ;
#11181=ORIENTED_EDGE('',*,*,#8054,.F.) ;
#11182=ORIENTED_EDGE('',*,*,#11174,.F.) ;
#11202=ORIENTED_EDGE('',*,*,#11195,.T.) ;
#11203=ORIENTED_EDGE('',*,*,#11200,.T.) ;
#11204=ORIENTED_EDGE('',*,*,#11174,.T.) ;
#11205=ORIENTED_EDGE('',*,*,#8047,.T.) ;
#11246=ORIENTED_EDGE('',*,*,#11221,.F.) ;
#11247=ORIENTED_EDGE('',*,*,#11229,.T.) ;
#11248=ORIENTED_EDGE('',*,*,#11234,.T.) ;
#11249=ORIENTED_EDGE('',*,*,#11195,.F.) ;
#11250=ORIENTED_EDGE('',*,*,#8040,.F.) ;
#11251=ORIENTED_EDGE('',*,*,#11240,.F.) ;
#11252=ORIENTED_EDGE('',*,*,#11244,.F.) ;
#11268=ORIENTED_EDGE('',*,*,#11261,.T.) ;
#11269=ORIENTED_EDGE('',*,*,#11266,.F.) ;
#11270=ORIENTED_EDGE('',*,*,#11240,.T.) ;
#11271=ORIENTED_EDGE('',*,*,#8033,.T.) ;
#11312=ORIENTED_EDGE('',*,*,#11287,.T.) ;
#11313=ORIENTED_EDGE('',*,*,#11295,.T.) ;
#11314=ORIENTED_EDGE('',*,*,#11302,.F.) ;
#11315=ORIENTED_EDGE('',*,*,#11306,.F.) ;
#11316=ORIENTED_EDGE('',*,*,#11261,.F.) ;
#11317=ORIENTED_EDGE('',*,*,#8026,.F.) ;
#11318=ORIENTED_EDGE('',*,*,#11310,.F.) ;
#11331=ORIENTED_EDGE('',*,*,#8899,.T.) ;
#11332=ORIENTED_EDGE('',*,*,#11329,.T.) ;
#11333=ORIENTED_EDGE('',*,*,#11310,.T.) ;
#11334=ORIENTED_EDGE('',*,*,#8019,.T.) ;
#11350=ORIENTED_EDGE('',*,*,#11348,.F.) ;
#11351=ORIENTED_EDGE('',*,*,#10272,.F.) ;
#11352=ORIENTED_EDGE('',*,*,#8136,.T.) ;
#11363=ORIENTED_EDGE('',*,*,#10342,.F.) ;
#11364=ORIENTED_EDGE('',*,*,#11361,.F.) ;
#11365=ORIENTED_EDGE('',*,*,#8129,.T.) ;
#11400=ORIENTED_EDGE('',*,*,#11381,.F.) ;
#11401=ORIENTED_EDGE('',*,*,#11388,.T.) ;
#11402=ORIENTED_EDGE('',*,*,#11393,.T.) ;
#11403=ORIENTED_EDGE('',*,*,#8263,.T.) ;
#11404=ORIENTED_EDGE('',*,*,#11398,.T.) ;
#11425=ORIENTED_EDGE('',*,*,#11418,.T.) ;
#11426=ORIENTED_EDGE('',*,*,#11398,.F.) ;
#11427=ORIENTED_EDGE('',*,*,#8258,.T.) ;
#11428=ORIENTED_EDGE('',*,*,#11423,.T.) ;
#11456=ORIENTED_EDGE('',*,*,#11423,.F.) ;
#11457=ORIENTED_EDGE('',*,*,#8251,.T.) ;
#11458=ORIENTED_EDGE('',*,*,#11442,.F.) ;
#11459=ORIENTED_EDGE('',*,*,#11449,.F.) ;
#11460=ORIENTED_EDGE('',*,*,#11454,.F.) ;
#11509=ORIENTED_EDGE('',*,*,#11476,.T.) ;
#11510=ORIENTED_EDGE('',*,*,#11483,.F.) ;
#11511=ORIENTED_EDGE('',*,*,#11488,.F.) ;
#11512=ORIENTED_EDGE('',*,*,#11442,.T.) ;
#11513=ORIENTED_EDGE('',*,*,#8244,.F.) ;
#11514=ORIENTED_EDGE('',*,*,#11495,.F.) ;
#11515=ORIENTED_EDGE('',*,*,#11502,.F.) ;
#11516=ORIENTED_EDGE('',*,*,#11507,.T.) ;
#11544=ORIENTED_EDGE('',*,*,#11530,.T.) ;
#11545=ORIENTED_EDGE('',*,*,#11495,.T.) ;
#11546=ORIENTED_EDGE('',*,*,#8237,.T.) ;
#11547=ORIENTED_EDGE('',*,*,#11537,.T.) ;
#11548=ORIENTED_EDGE('',*,*,#11542,.F.) ;
#11557=ORIENTED_EDGE('',*,*,#8321,.T.) ;
#11558=ORIENTED_EDGE('',*,*,#11555,.T.) ;
#11559=ORIENTED_EDGE('',*,*,#11537,.F.) ;
#11560=ORIENTED_EDGE('',*,*,#8230,.T.) ;
#11576=ORIENTED_EDGE('',*,*,#8211,.T.) ;
#11577=ORIENTED_EDGE('',*,*,#11569,.T.) ;
#11578=ORIENTED_EDGE('',*,*,#11574,.F.) ;
#11579=ORIENTED_EDGE('',*,*,#8370,.T.) ;
#11607=ORIENTED_EDGE('',*,*,#11593,.F.) ;
#11608=ORIENTED_EDGE('',*,*,#11569,.F.) ;
#11609=ORIENTED_EDGE('',*,*,#8204,.T.) ;
#11610=ORIENTED_EDGE('',*,*,#11600,.F.) ;
#11611=ORIENTED_EDGE('',*,*,#11605,.F.) ;
#11653=ORIENTED_EDGE('',*,*,#11627,.T.) ;
#11654=ORIENTED_EDGE('',*,*,#11634,.F.) ;
#11655=ORIENTED_EDGE('',*,*,#11639,.F.) ;
#11656=ORIENTED_EDGE('',*,*,#11600,.T.) ;
#11657=ORIENTED_EDGE('',*,*,#8197,.F.) ;
#11658=ORIENTED_EDGE('',*,*,#11393,.F.) ;
#11659=ORIENTED_EDGE('',*,*,#11646,.F.) ;
#11660=ORIENTED_EDGE('',*,*,#11651,.T.) ;
#11680=ORIENTED_EDGE('',*,*,#11678,.F.) ;
#11681=ORIENTED_EDGE('',*,*,#8296,.F.) ;
#11682=ORIENTED_EDGE('',*,*,#10765,.F.) ;
#11683=ORIENTED_EDGE('',*,*,#10799,.F.) ;
#11697=ORIENTED_EDGE('',*,*,#10794,.F.) ;
#11698=ORIENTED_EDGE('',*,*,#11695,.F.) ;
#11699=ORIENTED_EDGE('',*,*,#8304,.T.) ;
#11700=ORIENTED_EDGE('',*,*,#11678,.T.) ;
#11768=ORIENTED_EDGE('',*,*,#11695,.T.) ;
#11769=ORIENTED_EDGE('',*,*,#10786,.T.) ;
#11770=ORIENTED_EDGE('',*,*,#11712,.F.) ;
#11771=ORIENTED_EDGE('',*,*,#10872,.T.) ;
#11772=ORIENTED_EDGE('',*,*,#11719,.T.) ;
#11773=ORIENTED_EDGE('',*,*,#11726,.T.) ;
#11774=ORIENTED_EDGE('',*,*,#11731,.T.) ;
#11775=ORIENTED_EDGE('',*,*,#10927,.T.) ;
#11776=ORIENTED_EDGE('',*,*,#11736,.T.) ;
#11777=ORIENTED_EDGE('',*,*,#11008,.T.) ;
#11778=ORIENTED_EDGE('',*,*,#11741,.T.) ;
#11779=ORIENTED_EDGE('',*,*,#8383,.T.) ;
#11780=ORIENTED_EDGE('',*,*,#11746,.T.) ;
#11781=ORIENTED_EDGE('',*,*,#11605,.T.) ;
#11782=ORIENTED_EDGE('',*,*,#11639,.T.) ;
#11783=ORIENTED_EDGE('',*,*,#11751,.T.) ;
#11784=ORIENTED_EDGE('',*,*,#11646,.T.) ;
#11785=ORIENTED_EDGE('',*,*,#11388,.F.) ;
#11786=ORIENTED_EDGE('',*,*,#11756,.F.) ;
#11787=ORIENTED_EDGE('',*,*,#11449,.T.) ;
#11788=ORIENTED_EDGE('',*,*,#11488,.T.) ;
#11789=ORIENTED_EDGE('',*,*,#11761,.T.) ;
#11790=ORIENTED_EDGE('',*,*,#11502,.T.) ;
#11791=ORIENTED_EDGE('',*,*,#11530,.F.) ;
#11792=ORIENTED_EDGE('',*,*,#11766,.F.) ;
#11793=ORIENTED_EDGE('',*,*,#8311,.T.) ;
#11802=ORIENTED_EDGE('',*,*,#11555,.F.) ;
#11803=ORIENTED_EDGE('',*,*,#8317,.T.) ;
#11804=ORIENTED_EDGE('',*,*,#11766,.T.) ;
#11805=ORIENTED_EDGE('',*,*,#11542,.T.) ;
#11820=ORIENTED_EDGE('',*,*,#10993,.F.) ;
#11821=ORIENTED_EDGE('',*,*,#11036,.F.) ;
#11822=ORIENTED_EDGE('',*,*,#8398,.F.) ;
#11823=ORIENTED_EDGE('',*,*,#11818,.F.) ;
#11832=ORIENTED_EDGE('',*,*,#11001,.T.) ;
#11833=ORIENTED_EDGE('',*,*,#11818,.T.) ;
#11834=ORIENTED_EDGE('',*,*,#8391,.T.) ;
#11835=ORIENTED_EDGE('',*,*,#11741,.F.) ;
#11844=ORIENTED_EDGE('',*,*,#11574,.T.) ;
#11845=ORIENTED_EDGE('',*,*,#11593,.T.) ;
#11846=ORIENTED_EDGE('',*,*,#11746,.F.) ;
#11847=ORIENTED_EDGE('',*,*,#8376,.T.) ;
#11870=ORIENTED_EDGE('',*,*,#8441,.T.) ;
#11871=ORIENTED_EDGE('',*,*,#8471,.T.) ;
#11872=ORIENTED_EDGE('',*,*,#11868,.F.) ;
#11873=ORIENTED_EDGE('',*,*,#8489,.F.) ;
#11882=ORIENTED_EDGE('',*,*,#8543,.F.) ;
#11883=ORIENTED_EDGE('',*,*,#8494,.T.) ;
#11884=ORIENTED_EDGE('',*,*,#11868,.T.) ;
#11885=ORIENTED_EDGE('',*,*,#8466,.F.) ;
#11886=ORIENTED_EDGE('',*,*,#8606,.F.) ;
#11887=ORIENTED_EDGE('',*,*,#9987,.T.) ;
#11908=ORIENTED_EDGE('',*,*,#8831,.T.) ;
#11909=ORIENTED_EDGE('',*,*,#11901,.T.) ;
#11910=ORIENTED_EDGE('',*,*,#11906,.F.) ;
#11911=ORIENTED_EDGE('',*,*,#8984,.F.) ;
#11932=ORIENTED_EDGE('',*,*,#11901,.F.) ;
#11933=ORIENTED_EDGE('',*,*,#8825,.T.) ;
#11934=ORIENTED_EDGE('',*,*,#11925,.T.) ;
#11935=ORIENTED_EDGE('',*,*,#11930,.T.) ;
#12060=ORIENTED_EDGE('',*,*,#8923,.T.) ;
#12061=ORIENTED_EDGE('',*,*,#11944,.T.) ;
#12062=ORIENTED_EDGE('',*,*,#11951,.T.) ;
#12063=ORIENTED_EDGE('',*,*,#11958,.F.) ;
#12064=ORIENTED_EDGE('',*,*,#11965,.F.) ;
#12065=ORIENTED_EDGE('',*,*,#11972,.F.) ;
#12066=ORIENTED_EDGE('',*,*,#11979,.F.) ;
#12067=ORIENTED_EDGE('',*,*,#11986,.T.) ;
#12068=ORIENTED_EDGE('',*,*,#11993,.T.) ;
#12069=ORIENTED_EDGE('',*,*,#12000,.F.) ;
#12070=ORIENTED_EDGE('',*,*,#12007,.F.) ;
#12071=ORIENTED_EDGE('',*,*,#12014,.F.) ;
#12072=ORIENTED_EDGE('',*,*,#12019,.F.) ;
#12073=ORIENTED_EDGE('',*,*,#11925,.F.) ;
#12074=ORIENTED_EDGE('',*,*,#8819,.T.) ;
#12075=ORIENTED_EDGE('',*,*,#12024,.T.) ;
#12076=ORIENTED_EDGE('',*,*,#11080,.T.) ;
#12077=ORIENTED_EDGE('',*,*,#12029,.F.) ;
#12078=ORIENTED_EDGE('',*,*,#11166,.T.) ;
#12079=ORIENTED_EDGE('',*,*,#12036,.T.) ;
#12080=ORIENTED_EDGE('',*,*,#12043,.T.) ;
#12081=ORIENTED_EDGE('',*,*,#12048,.T.) ;
#12082=ORIENTED_EDGE('',*,*,#11221,.T.) ;
#12083=ORIENTED_EDGE('',*,*,#12053,.T.) ;
#12084=ORIENTED_EDGE('',*,*,#11302,.T.) ;
#12085=ORIENTED_EDGE('',*,*,#12058,.T.) ;
#12101=ORIENTED_EDGE('',*,*,#11088,.F.) ;
#12102=ORIENTED_EDGE('',*,*,#12024,.F.) ;
#12103=ORIENTED_EDGE('',*,*,#8812,.T.) ;
#12104=ORIENTED_EDGE('',*,*,#12099,.T.) ;
#12108=ORIENTED_EDGE('',*,*,#11093,.F.) ;
#12109=ORIENTED_EDGE('',*,*,#12099,.F.) ;
#12110=ORIENTED_EDGE('',*,*,#8804,.F.) ;
#12111=ORIENTED_EDGE('',*,*,#11055,.F.) ;
#12127=ORIENTED_EDGE('',*,*,#8888,.F.) ;
#12128=ORIENTED_EDGE('',*,*,#12058,.F.) ;
#12129=ORIENTED_EDGE('',*,*,#11295,.F.) ;
#12130=ORIENTED_EDGE('',*,*,#12125,.T.) ;
#12134=ORIENTED_EDGE('',*,*,#8895,.F.) ;
#12135=ORIENTED_EDGE('',*,*,#12125,.F.) ;
#12136=ORIENTED_EDGE('',*,*,#11287,.F.) ;
#12137=ORIENTED_EDGE('',*,*,#11329,.F.) ;
#12153=ORIENTED_EDGE('',*,*,#8977,.F.) ;
#12154=ORIENTED_EDGE('',*,*,#12146,.T.) ;
#12155=ORIENTED_EDGE('',*,*,#12151,.F.) ;
#12156=ORIENTED_EDGE('',*,*,#8912,.T.) ;
#12170=ORIENTED_EDGE('',*,*,#12151,.T.) ;
#12171=ORIENTED_EDGE('',*,*,#12168,.T.) ;
#12172=ORIENTED_EDGE('',*,*,#11944,.F.) ;
#12173=ORIENTED_EDGE('',*,*,#8918,.T.) ;
#12194=ORIENTED_EDGE('',*,*,#12182,.F.) ;
#12195=ORIENTED_EDGE('',*,*,#12187,.F.) ;
#12196=ORIENTED_EDGE('',*,*,#8944,.F.) ;
#12197=ORIENTED_EDGE('',*,*,#12192,.F.) ;
#12198=ORIENTED_EDGE('',*,*,#11993,.F.) ;
#12214=ORIENTED_EDGE('',*,*,#12207,.F.) ;
#12215=ORIENTED_EDGE('',*,*,#8951,.F.) ;
#12216=ORIENTED_EDGE('',*,*,#12187,.T.) ;
#12217=ORIENTED_EDGE('',*,*,#12212,.F.) ;
#12231=ORIENTED_EDGE('',*,*,#11979,.T.) ;
#12232=ORIENTED_EDGE('',*,*,#12224,.T.) ;
#12233=ORIENTED_EDGE('',*,*,#8958,.F.) ;
#12234=ORIENTED_EDGE('',*,*,#12207,.T.) ;
#12235=ORIENTED_EDGE('',*,*,#12229,.F.) ;
#12268=ORIENTED_EDGE('',*,*,#12251,.F.) ;
#12269=ORIENTED_EDGE('',*,*,#12256,.F.) ;
#12270=ORIENTED_EDGE('',*,*,#11958,.T.) ;
#12271=ORIENTED_EDGE('',*,*,#12261,.T.) ;
#12272=ORIENTED_EDGE('',*,*,#8965,.T.) ;
#12273=ORIENTED_EDGE('',*,*,#12224,.F.) ;
#12274=ORIENTED_EDGE('',*,*,#11972,.T.) ;
#12275=ORIENTED_EDGE('',*,*,#12266,.T.) ;
#12279=ORIENTED_EDGE('',*,*,#12146,.F.) ;
#12280=ORIENTED_EDGE('',*,*,#8972,.F.) ;
#12281=ORIENTED_EDGE('',*,*,#12261,.F.) ;
#12282=ORIENTED_EDGE('',*,*,#11951,.F.) ;
#12283=ORIENTED_EDGE('',*,*,#12168,.F.) ;
#12292=ORIENTED_EDGE('',*,*,#11930,.F.) ;
#12293=ORIENTED_EDGE('',*,*,#12019,.T.) ;
#12294=ORIENTED_EDGE('',*,*,#12290,.T.) ;
#12295=ORIENTED_EDGE('',*,*,#8991,.F.) ;
#12296=ORIENTED_EDGE('',*,*,#11906,.T.) ;
#12324=ORIENTED_EDGE('',*,*,#12312,.F.) ;
#12325=ORIENTED_EDGE('',*,*,#12317,.F.) ;
#12326=ORIENTED_EDGE('',*,*,#12000,.T.) ;
#12327=ORIENTED_EDGE('',*,*,#12192,.T.) ;
#12328=ORIENTED_EDGE('',*,*,#8996,.T.) ;
#12329=ORIENTED_EDGE('',*,*,#12290,.F.) ;
#12330=ORIENTED_EDGE('',*,*,#12014,.T.) ;
#12331=ORIENTED_EDGE('',*,*,#12322,.T.) ;
#12349=ORIENTED_EDGE('',*,*,#9038,.T.) ;
#12350=ORIENTED_EDGE('',*,*,#9063,.T.) ;
#12351=ORIENTED_EDGE('',*,*,#12347,.T.) ;
#12352=ORIENTED_EDGE('',*,*,#9213,.F.) ;
#12361=ORIENTED_EDGE('',*,*,#9824,.T.) ;
#12362=ORIENTED_EDGE('',*,*,#9197,.T.) ;
#12363=ORIENTED_EDGE('',*,*,#9218,.T.) ;
#12364=ORIENTED_EDGE('',*,*,#12347,.F.) ;
#12365=ORIENTED_EDGE('',*,*,#9058,.F.) ;
#12366=ORIENTED_EDGE('',*,*,#9114,.T.) ;
#12407=ORIENTED_EDGE('',*,*,#9384,.T.) ;
#12408=ORIENTED_EDGE('',*,*,#9257,.T.) ;
#12409=ORIENTED_EDGE('',*,*,#9791,.F.) ;
#12410=ORIENTED_EDGE('',*,*,#9102,.F.) ;
#12451=ORIENTED_EDGE('',*,*,#9841,.T.) ;
#12452=ORIENTED_EDGE('',*,*,#9276,.T.) ;
#12453=ORIENTED_EDGE('',*,*,#9293,.F.) ;
#12454=ORIENTED_EDGE('',*,*,#9187,.F.) ;
#12509=ORIENTED_EDGE('',*,*,#9651,.T.) ;
#12510=ORIENTED_EDGE('',*,*,#9403,.T.) ;
#12511=ORIENTED_EDGE('',*,*,#9470,.F.) ;
#12512=ORIENTED_EDGE('',*,*,#12507,.F.) ;
#12564=ORIENTED_EDGE('',*,*,#9524,.T.) ;
#12565=ORIENTED_EDGE('',*,*,#9444,.T.) ;
#12566=ORIENTED_EDGE('',*,*,#9769,.F.) ;
#12567=ORIENTED_EDGE('',*,*,#12562,.F.) ;
#12588=ORIENTED_EDGE('',*,*,#9656,.T.) ;
#12589=ORIENTED_EDGE('',*,*,#12507,.T.) ;
#12590=ORIENTED_EDGE('',*,*,#9465,.T.) ;
#12591=ORIENTED_EDGE('',*,*,#12581,.F.) ;
#12592=ORIENTED_EDGE('',*,*,#12586,.T.) ;
#12619=ORIENTED_EDGE('',*,*,#9505,.T.) ;
#12620=ORIENTED_EDGE('',*,*,#12605,.T.) ;
#12621=ORIENTED_EDGE('',*,*,#12611,.T.) ;
#12622=ORIENTED_EDGE('',*,*,#10337,.T.) ;
#12623=ORIENTED_EDGE('',*,*,#10313,.F.) ;
#12624=ORIENTED_EDGE('',*,*,#10279,.F.) ;
#12625=ORIENTED_EDGE('',*,*,#12617,.T.) ;
#12626=ORIENTED_EDGE('',*,*,#12581,.T.) ;
#12640=ORIENTED_EDGE('',*,*,#9529,.T.) ;
#12641=ORIENTED_EDGE('',*,*,#12562,.T.) ;
#12642=ORIENTED_EDGE('',*,*,#9774,.T.) ;
#12643=ORIENTED_EDGE('',*,*,#12638,.T.) ;
#12644=ORIENTED_EDGE('',*,*,#12605,.F.) ;
#12663=ORIENTED_EDGE('',*,*,#12656,.T.) ;
#12664=ORIENTED_EDGE('',*,*,#10467,.T.) ;
#12665=ORIENTED_EDGE('',*,*,#12661,.F.) ;
#12666=ORIENTED_EDGE('',*,*,#9555,.F.) ;
#12675=ORIENTED_EDGE('',*,*,#12661,.T.) ;
#12676=ORIENTED_EDGE('',*,*,#10564,.T.) ;
#12677=ORIENTED_EDGE('',*,*,#12656,.F.) ;
#12678=ORIENTED_EDGE('',*,*,#9577,.F.) ;
#12697=ORIENTED_EDGE('',*,*,#12690,.T.) ;
#12698=ORIENTED_EDGE('',*,*,#10538,.T.) ;
#12699=ORIENTED_EDGE('',*,*,#12695,.F.) ;
#12700=ORIENTED_EDGE('',*,*,#9603,.F.) ;
#12709=ORIENTED_EDGE('',*,*,#12695,.T.) ;
#12710=ORIENTED_EDGE('',*,*,#10588,.T.) ;
#12711=ORIENTED_EDGE('',*,*,#12690,.F.) ;
#12712=ORIENTED_EDGE('',*,*,#9625,.F.) ;
#12721=ORIENTED_EDGE('',*,*,#9750,.T.) ;
#12722=ORIENTED_EDGE('',*,*,#12586,.F.) ;
#12723=ORIENTED_EDGE('',*,*,#12617,.F.) ;
#12724=ORIENTED_EDGE('',*,*,#11348,.T.) ;
#12725=ORIENTED_EDGE('',*,*,#11361,.T.) ;
#12726=ORIENTED_EDGE('',*,*,#12611,.F.) ;
#12727=ORIENTED_EDGE('',*,*,#12638,.F.) ;
#12751=ORIENTED_EDGE('',*,*,#12739,.T.) ;
#12752=ORIENTED_EDGE('',*,*,#12744,.T.) ;
#12753=ORIENTED_EDGE('',*,*,#12749,.F.) ;
#12754=ORIENTED_EDGE('',*,*,#9867,.F.) ;
#12763=ORIENTED_EDGE('',*,*,#12749,.T.) ;
#12764=ORIENTED_EDGE('',*,*,#12312,.T.) ;
#12765=ORIENTED_EDGE('',*,*,#12739,.F.) ;
#12766=ORIENTED_EDGE('',*,*,#9889,.F.) ;
#12790=ORIENTED_EDGE('',*,*,#12778,.T.) ;
#12791=ORIENTED_EDGE('',*,*,#12783,.T.) ;
#12792=ORIENTED_EDGE('',*,*,#12788,.F.) ;
#12793=ORIENTED_EDGE('',*,*,#9915,.F.) ;
#12802=ORIENTED_EDGE('',*,*,#12788,.T.) ;
#12803=ORIENTED_EDGE('',*,*,#12251,.T.) ;
#12804=ORIENTED_EDGE('',*,*,#12778,.F.) ;
#12805=ORIENTED_EDGE('',*,*,#9937,.F.) ;
#12829=ORIENTED_EDGE('',*,*,#12817,.F.) ;
#12830=ORIENTED_EDGE('',*,*,#12822,.F.) ;
#12831=ORIENTED_EDGE('',*,*,#12827,.T.) ;
#12832=ORIENTED_EDGE('',*,*,#10035,.T.) ;
#12841=ORIENTED_EDGE('',*,*,#12827,.F.) ;
#12842=ORIENTED_EDGE('',*,*,#11476,.F.) ;
#12843=ORIENTED_EDGE('',*,*,#12817,.T.) ;
#12844=ORIENTED_EDGE('',*,*,#10052,.T.) ;
#12868=ORIENTED_EDGE('',*,*,#12856,.F.) ;
#12869=ORIENTED_EDGE('',*,*,#12861,.F.) ;
#12870=ORIENTED_EDGE('',*,*,#12866,.T.) ;
#12871=ORIENTED_EDGE('',*,*,#10083,.T.) ;
#12880=ORIENTED_EDGE('',*,*,#12866,.F.) ;
#12881=ORIENTED_EDGE('',*,*,#11627,.F.) ;
#12882=ORIENTED_EDGE('',*,*,#12856,.T.) ;
#12883=ORIENTED_EDGE('',*,*,#10100,.T.) ;
#12892=ORIENTED_EDGE('',*,*,#10809,.T.) ;
#12893=ORIENTED_EDGE('',*,*,#10836,.F.) ;
#12894=ORIENTED_EDGE('',*,*,#10876,.T.) ;
#12895=ORIENTED_EDGE('',*,*,#11712,.T.) ;
#12930=ORIENTED_EDGE('',*,*,#10857,.F.) ;
#12931=ORIENTED_EDGE('',*,*,#10906,.F.) ;
#12932=ORIENTED_EDGE('',*,*,#10940,.F.) ;
#12933=ORIENTED_EDGE('',*,*,#12910,.F.) ;
#12934=ORIENTED_EDGE('',*,*,#12917,.F.) ;
#12935=ORIENTED_EDGE('',*,*,#12928,.F.) ;
#12950=ORIENTED_EDGE('',*,*,#10865,.T.) ;
#12951=ORIENTED_EDGE('',*,*,#12928,.T.) ;
#12952=ORIENTED_EDGE('',*,*,#12948,.T.) ;
#12953=ORIENTED_EDGE('',*,*,#11719,.F.) ;
#12957=ORIENTED_EDGE('',*,*,#10950,.T.) ;
#12958=ORIENTED_EDGE('',*,*,#10972,.T.) ;
#12959=ORIENTED_EDGE('',*,*,#11012,.T.) ;
#12960=ORIENTED_EDGE('',*,*,#11736,.F.) ;
#12975=ORIENTED_EDGE('',*,*,#12973,.F.) ;
#12976=ORIENTED_EDGE('',*,*,#12910,.T.) ;
#12977=ORIENTED_EDGE('',*,*,#10935,.T.) ;
#12978=ORIENTED_EDGE('',*,*,#11731,.F.) ;
#12987=ORIENTED_EDGE('',*,*,#11130,.F.) ;
#12988=ORIENTED_EDGE('',*,*,#11170,.T.) ;
#12989=ORIENTED_EDGE('',*,*,#12029,.T.) ;
#12990=ORIENTED_EDGE('',*,*,#11103,.T.) ;
#13014=ORIENTED_EDGE('',*,*,#13005,.F.) ;
#13015=ORIENTED_EDGE('',*,*,#12036,.F.) ;
#13016=ORIENTED_EDGE('',*,*,#11159,.F.) ;
#13017=ORIENTED_EDGE('',*,*,#13012,.T.) ;
#13039=ORIENTED_EDGE('',*,*,#13012,.F.) ;
#13040=ORIENTED_EDGE('',*,*,#11151,.F.) ;
#13041=ORIENTED_EDGE('',*,*,#11200,.F.) ;
#13042=ORIENTED_EDGE('',*,*,#11234,.F.) ;
#13043=ORIENTED_EDGE('',*,*,#13032,.F.) ;
#13044=ORIENTED_EDGE('',*,*,#13037,.F.) ;
#13059=ORIENTED_EDGE('',*,*,#13057,.F.) ;
#13060=ORIENTED_EDGE('',*,*,#13032,.T.) ;
#13061=ORIENTED_EDGE('',*,*,#11229,.F.) ;
#13062=ORIENTED_EDGE('',*,*,#12048,.F.) ;
#13066=ORIENTED_EDGE('',*,*,#12053,.F.) ;
#13067=ORIENTED_EDGE('',*,*,#11244,.T.) ;
#13068=ORIENTED_EDGE('',*,*,#11266,.T.) ;
#13069=ORIENTED_EDGE('',*,*,#11306,.T.) ;
#13078=ORIENTED_EDGE('',*,*,#11381,.T.) ;
#13079=ORIENTED_EDGE('',*,*,#11418,.F.) ;
#13080=ORIENTED_EDGE('',*,*,#11454,.T.) ;
#13081=ORIENTED_EDGE('',*,*,#11756,.T.) ;
#13085=ORIENTED_EDGE('',*,*,#12822,.T.) ;
#13086=ORIENTED_EDGE('',*,*,#11507,.F.) ;
#13087=ORIENTED_EDGE('',*,*,#11761,.F.) ;
#13088=ORIENTED_EDGE('',*,*,#11483,.T.) ;
#13092=ORIENTED_EDGE('',*,*,#12861,.T.) ;
#13093=ORIENTED_EDGE('',*,*,#11651,.F.) ;
#13094=ORIENTED_EDGE('',*,*,#11751,.F.) ;
#13095=ORIENTED_EDGE('',*,*,#11634,.T.) ;
#13104=ORIENTED_EDGE('',*,*,#12917,.T.) ;
#13105=ORIENTED_EDGE('',*,*,#12973,.T.) ;
#13106=ORIENTED_EDGE('',*,*,#11726,.F.) ;
#13107=ORIENTED_EDGE('',*,*,#12948,.F.) ;
#13111=ORIENTED_EDGE('',*,*,#12783,.F.) ;
#13112=ORIENTED_EDGE('',*,*,#12266,.F.) ;
#13113=ORIENTED_EDGE('',*,*,#11965,.T.) ;
#13114=ORIENTED_EDGE('',*,*,#12256,.T.) ;
#13123=ORIENTED_EDGE('',*,*,#11986,.F.) ;
#13124=ORIENTED_EDGE('',*,*,#12229,.T.) ;
#13125=ORIENTED_EDGE('',*,*,#12212,.T.) ;
#13126=ORIENTED_EDGE('',*,*,#12182,.T.) ;
#13130=ORIENTED_EDGE('',*,*,#12744,.F.) ;
#13131=ORIENTED_EDGE('',*,*,#12322,.F.) ;
#13132=ORIENTED_EDGE('',*,*,#12007,.T.) ;
#13133=ORIENTED_EDGE('',*,*,#12317,.T.) ;
#13142=ORIENTED_EDGE('',*,*,#13005,.T.) ;
#13143=ORIENTED_EDGE('',*,*,#13037,.T.) ;
#13144=ORIENTED_EDGE('',*,*,#13057,.T.) ;
#13145=ORIENTED_EDGE('',*,*,#12043,.F.) ;
#13173=ORIENTED_EDGE('',*,*,#13159,.F.) ;
#13174=ORIENTED_EDGE('',*,*,#5744,.T.) ;
#13175=ORIENTED_EDGE('',*,*,#13166,.T.) ;
#13176=ORIENTED_EDGE('',*,*,#13171,.F.) ;
#13197=ORIENTED_EDGE('',*,*,#13190,.F.) ;
#13198=ORIENTED_EDGE('',*,*,#5711,.T.) ;
#13199=ORIENTED_EDGE('',*,*,#13159,.T.) ;
#13200=ORIENTED_EDGE('',*,*,#13195,.F.) ;
#13221=ORIENTED_EDGE('',*,*,#13166,.F.) ;
#13222=ORIENTED_EDGE('',*,*,#5739,.T.) ;
#13223=ORIENTED_EDGE('',*,*,#13214,.T.) ;
#13224=ORIENTED_EDGE('',*,*,#13219,.F.) ;
#13252=ORIENTED_EDGE('',*,*,#13171,.T.) ;
#13253=ORIENTED_EDGE('',*,*,#13219,.T.) ;
#13254=ORIENTED_EDGE('',*,*,#13238,.T.) ;
#13255=ORIENTED_EDGE('',*,*,#13245,.T.) ;
#13256=ORIENTED_EDGE('',*,*,#13250,.T.) ;
#13257=ORIENTED_EDGE('',*,*,#13195,.T.) ;
#13271=ORIENTED_EDGE('',*,*,#13269,.F.) ;
#13272=ORIENTED_EDGE('',*,*,#5718,.T.) ;
#13273=ORIENTED_EDGE('',*,*,#13190,.T.) ;
#13274=ORIENTED_EDGE('',*,*,#13250,.F.) ;
#13288=ORIENTED_EDGE('',*,*,#13214,.F.) ;
#13289=ORIENTED_EDGE('',*,*,#5732,.T.) ;
#13290=ORIENTED_EDGE('',*,*,#13286,.T.) ;
#13291=ORIENTED_EDGE('',*,*,#13238,.F.) ;
#13300=ORIENTED_EDGE('',*,*,#13286,.F.) ;
#13301=ORIENTED_EDGE('',*,*,#5725,.T.) ;
#13302=ORIENTED_EDGE('',*,*,#13269,.T.) ;
#13303=ORIENTED_EDGE('',*,*,#13245,.F.) ;
#13331=ORIENTED_EDGE('',*,*,#13317,.F.) ;
#13332=ORIENTED_EDGE('',*,*,#6016,.T.) ;
#13333=ORIENTED_EDGE('',*,*,#13324,.T.) ;
#13334=ORIENTED_EDGE('',*,*,#13329,.F.) ;
#13355=ORIENTED_EDGE('',*,*,#13348,.F.) ;
#13356=ORIENTED_EDGE('',*,*,#5934,.T.) ;
#13357=ORIENTED_EDGE('',*,*,#13317,.T.) ;
#13358=ORIENTED_EDGE('',*,*,#13353,.F.) ;
#13379=ORIENTED_EDGE('',*,*,#13324,.F.) ;
#13380=ORIENTED_EDGE('',*,*,#6011,.T.) ;
#13381=ORIENTED_EDGE('',*,*,#13372,.T.) ;
#13382=ORIENTED_EDGE('',*,*,#13377,.F.) ;
#13459=ORIENTED_EDGE('',*,*,#13329,.T.) ;
#13460=ORIENTED_EDGE('',*,*,#13377,.T.) ;
#13461=ORIENTED_EDGE('',*,*,#13396,.T.) ;
#13462=ORIENTED_EDGE('',*,*,#13403,.T.) ;
#13463=ORIENTED_EDGE('',*,*,#13410,.T.) ;
#13464=ORIENTED_EDGE('',*,*,#13417,.T.) ;
#13465=ORIENTED_EDGE('',*,*,#13424,.T.) ;
#13466=ORIENTED_EDGE('',*,*,#13431,.T.) ;
#13467=ORIENTED_EDGE('',*,*,#13438,.T.) ;
#13468=ORIENTED_EDGE('',*,*,#13445,.T.) ;
#13469=ORIENTED_EDGE('',*,*,#13452,.T.) ;
#13470=ORIENTED_EDGE('',*,*,#13457,.T.) ;
#13471=ORIENTED_EDGE('',*,*,#13353,.T.) ;
#13485=ORIENTED_EDGE('',*,*,#13483,.F.) ;
#13486=ORIENTED_EDGE('',*,*,#5941,.T.) ;
#13487=ORIENTED_EDGE('',*,*,#13348,.T.) ;
#13488=ORIENTED_EDGE('',*,*,#13457,.F.) ;
#13502=ORIENTED_EDGE('',*,*,#13372,.F.) ;
#13503=ORIENTED_EDGE('',*,*,#6004,.T.) ;
#13504=ORIENTED_EDGE('',*,*,#13500,.T.) ;
#13505=ORIENTED_EDGE('',*,*,#13396,.F.) ;
#13519=ORIENTED_EDGE('',*,*,#13500,.F.) ;
#13520=ORIENTED_EDGE('',*,*,#5997,.T.) ;
#13521=ORIENTED_EDGE('',*,*,#13517,.T.) ;
#13522=ORIENTED_EDGE('',*,*,#13403,.F.) ;
#13536=ORIENTED_EDGE('',*,*,#13517,.F.) ;
#13537=ORIENTED_EDGE('',*,*,#5990,.T.) ;
#13538=ORIENTED_EDGE('',*,*,#13534,.T.) ;
#13539=ORIENTED_EDGE('',*,*,#13410,.F.) ;
#13553=ORIENTED_EDGE('',*,*,#13534,.F.) ;
#13554=ORIENTED_EDGE('',*,*,#5983,.T.) ;
#13555=ORIENTED_EDGE('',*,*,#13551,.T.) ;
#13556=ORIENTED_EDGE('',*,*,#13417,.F.) ;
#13570=ORIENTED_EDGE('',*,*,#13551,.F.) ;
#13571=ORIENTED_EDGE('',*,*,#5976,.T.) ;
#13572=ORIENTED_EDGE('',*,*,#13568,.T.) ;
#13573=ORIENTED_EDGE('',*,*,#13424,.F.) ;
#13587=ORIENTED_EDGE('',*,*,#13568,.F.) ;
#13588=ORIENTED_EDGE('',*,*,#5969,.T.) ;
#13589=ORIENTED_EDGE('',*,*,#13585,.T.) ;
#13590=ORIENTED_EDGE('',*,*,#13431,.F.) ;
#13604=ORIENTED_EDGE('',*,*,#13585,.F.) ;
#13605=ORIENTED_EDGE('',*,*,#5962,.T.) ;
#13606=ORIENTED_EDGE('',*,*,#13602,.T.) ;
#13607=ORIENTED_EDGE('',*,*,#13438,.F.) ;
#13621=ORIENTED_EDGE('',*,*,#13602,.F.) ;
#13622=ORIENTED_EDGE('',*,*,#5955,.T.) ;
#13623=ORIENTED_EDGE('',*,*,#13619,.T.) ;
#13624=ORIENTED_EDGE('',*,*,#13445,.F.) ;
#13633=ORIENTED_EDGE('',*,*,#13619,.F.) ;
#13634=ORIENTED_EDGE('',*,*,#5948,.T.) ;
#13635=ORIENTED_EDGE('',*,*,#13483,.T.) ;
#13636=ORIENTED_EDGE('',*,*,#13452,.F.) ;
#13664=ORIENTED_EDGE('',*,*,#13650,.F.) ;
#13665=ORIENTED_EDGE('',*,*,#6428,.T.) ;
#13666=ORIENTED_EDGE('',*,*,#13657,.T.) ;
#13667=ORIENTED_EDGE('',*,*,#13662,.F.) ;
#13688=ORIENTED_EDGE('',*,*,#13681,.F.) ;
#13689=ORIENTED_EDGE('',*,*,#6178,.T.) ;
#13690=ORIENTED_EDGE('',*,*,#13650,.T.) ;
#13691=ORIENTED_EDGE('',*,*,#13686,.F.) ;
#13712=ORIENTED_EDGE('',*,*,#13657,.F.) ;
#13713=ORIENTED_EDGE('',*,*,#6423,.T.) ;
#13714=ORIENTED_EDGE('',*,*,#13705,.T.) ;
#13715=ORIENTED_EDGE('',*,*,#13710,.F.) ;
#13955=ORIENTED_EDGE('',*,*,#13662,.T.) ;
#13956=ORIENTED_EDGE('',*,*,#13710,.T.) ;
#13957=ORIENTED_EDGE('',*,*,#13724,.T.) ;
#13958=ORIENTED_EDGE('',*,*,#13731,.T.) ;
#13959=ORIENTED_EDGE('',*,*,#13738,.T.) ;
#13960=ORIENTED_EDGE('',*,*,#13745,.T.) ;
#13961=ORIENTED_EDGE('',*,*,#13752,.T.) ;
#13962=ORIENTED_EDGE('',*,*,#13759,.T.) ;
#13963=ORIENTED_EDGE('',*,*,#13766,.T.) ;
#13964=ORIENTED_EDGE('',*,*,#13773,.T.) ;
#13965=ORIENTED_EDGE('',*,*,#13780,.T.) ;
#13966=ORIENTED_EDGE('',*,*,#13787,.T.) ;
#13967=ORIENTED_EDGE('',*,*,#13794,.T.) ;
#13968=ORIENTED_EDGE('',*,*,#13801,.T.) ;
#13969=ORIENTED_EDGE('',*,*,#13808,.T.) ;
#13970=ORIENTED_EDGE('',*,*,#13815,.T.) ;
#13971=ORIENTED_EDGE('',*,*,#13822,.T.) ;
#13972=ORIENTED_EDGE('',*,*,#13829,.T.) ;
#13973=ORIENTED_EDGE('',*,*,#13836,.T.) ;
#13974=ORIENTED_EDGE('',*,*,#13843,.T.) ;
#13975=ORIENTED_EDGE('',*,*,#13850,.T.) ;
#13976=ORIENTED_EDGE('',*,*,#13857,.T.) ;
#13977=ORIENTED_EDGE('',*,*,#13864,.T.) ;
#13978=ORIENTED_EDGE('',*,*,#13871,.T.) ;
#13979=ORIENTED_EDGE('',*,*,#13878,.T.) ;
#13980=ORIENTED_EDGE('',*,*,#13885,.T.) ;
#13981=ORIENTED_EDGE('',*,*,#13892,.T.) ;
#13982=ORIENTED_EDGE('',*,*,#13899,.T.) ;
#13983=ORIENTED_EDGE('',*,*,#13906,.T.) ;
#13984=ORIENTED_EDGE('',*,*,#13913,.T.) ;
#13985=ORIENTED_EDGE('',*,*,#13920,.T.) ;
#13986=ORIENTED_EDGE('',*,*,#13927,.T.) ;
#13987=ORIENTED_EDGE('',*,*,#13934,.T.) ;
#13988=ORIENTED_EDGE('',*,*,#13941,.T.) ;
#13989=ORIENTED_EDGE('',*,*,#13948,.T.) ;
#13990=ORIENTED_EDGE('',*,*,#13953,.T.) ;
#13991=ORIENTED_EDGE('',*,*,#13686,.T.) ;
#14005=ORIENTED_EDGE('',*,*,#14003,.F.) ;
#14006=ORIENTED_EDGE('',*,*,#6185,.T.) ;
#14007=ORIENTED_EDGE('',*,*,#13681,.T.) ;
#14008=ORIENTED_EDGE('',*,*,#13953,.F.) ;
#14022=ORIENTED_EDGE('',*,*,#13705,.F.) ;
#14023=ORIENTED_EDGE('',*,*,#6416,.T.) ;
#14024=ORIENTED_EDGE('',*,*,#14020,.T.) ;
#14025=ORIENTED_EDGE('',*,*,#13724,.F.) ;
#14039=ORIENTED_EDGE('',*,*,#14020,.F.) ;
#14040=ORIENTED_EDGE('',*,*,#6409,.T.) ;
#14041=ORIENTED_EDGE('',*,*,#14037,.T.) ;
#14042=ORIENTED_EDGE('',*,*,#13731,.F.) ;
#14056=ORIENTED_EDGE('',*,*,#14037,.F.) ;
#14057=ORIENTED_EDGE('',*,*,#6402,.T.) ;
#14058=ORIENTED_EDGE('',*,*,#14054,.T.) ;
#14059=ORIENTED_EDGE('',*,*,#13738,.F.) ;
#14073=ORIENTED_EDGE('',*,*,#14054,.F.) ;
#14074=ORIENTED_EDGE('',*,*,#6395,.T.) ;
#14075=ORIENTED_EDGE('',*,*,#14071,.T.) ;
#14076=ORIENTED_EDGE('',*,*,#13745,.F.) ;
#14090=ORIENTED_EDGE('',*,*,#14071,.F.) ;
#14091=ORIENTED_EDGE('',*,*,#6388,.T.) ;
#14092=ORIENTED_EDGE('',*,*,#14088,.T.) ;
#14093=ORIENTED_EDGE('',*,*,#13752,.F.) ;
#14107=ORIENTED_EDGE('',*,*,#14088,.F.) ;
#14108=ORIENTED_EDGE('',*,*,#6381,.T.) ;
#14109=ORIENTED_EDGE('',*,*,#14105,.T.) ;
#14110=ORIENTED_EDGE('',*,*,#13759,.F.) ;
#14124=ORIENTED_EDGE('',*,*,#14105,.F.) ;
#14125=ORIENTED_EDGE('',*,*,#6374,.T.) ;
#14126=ORIENTED_EDGE('',*,*,#14122,.T.) ;
#14127=ORIENTED_EDGE('',*,*,#13766,.F.) ;
#14141=ORIENTED_EDGE('',*,*,#14122,.F.) ;
#14142=ORIENTED_EDGE('',*,*,#6367,.T.) ;
#14143=ORIENTED_EDGE('',*,*,#14139,.T.) ;
#14144=ORIENTED_EDGE('',*,*,#13773,.F.) ;
#14158=ORIENTED_EDGE('',*,*,#14139,.F.) ;
#14159=ORIENTED_EDGE('',*,*,#6360,.T.) ;
#14160=ORIENTED_EDGE('',*,*,#14156,.T.) ;
#14161=ORIENTED_EDGE('',*,*,#13780,.F.) ;
#14175=ORIENTED_EDGE('',*,*,#14156,.F.) ;
#14176=ORIENTED_EDGE('',*,*,#6353,.T.) ;
#14177=ORIENTED_EDGE('',*,*,#14173,.T.) ;
#14178=ORIENTED_EDGE('',*,*,#13787,.F.) ;
#14192=ORIENTED_EDGE('',*,*,#14173,.F.) ;
#14193=ORIENTED_EDGE('',*,*,#6346,.T.) ;
#14194=ORIENTED_EDGE('',*,*,#14190,.T.) ;
#14195=ORIENTED_EDGE('',*,*,#13794,.F.) ;
#14209=ORIENTED_EDGE('',*,*,#14190,.F.) ;
#14210=ORIENTED_EDGE('',*,*,#6339,.T.) ;
#14211=ORIENTED_EDGE('',*,*,#14207,.T.) ;
#14212=ORIENTED_EDGE('',*,*,#13801,.F.) ;
#14226=ORIENTED_EDGE('',*,*,#14207,.F.) ;
#14227=ORIENTED_EDGE('',*,*,#6332,.T.) ;
#14228=ORIENTED_EDGE('',*,*,#14224,.T.) ;
#14229=ORIENTED_EDGE('',*,*,#13808,.F.) ;
#14243=ORIENTED_EDGE('',*,*,#14224,.F.) ;
#14244=ORIENTED_EDGE('',*,*,#6325,.T.) ;
#14245=ORIENTED_EDGE('',*,*,#14241,.T.) ;
#14246=ORIENTED_EDGE('',*,*,#13815,.F.) ;
#14260=ORIENTED_EDGE('',*,*,#14241,.F.) ;
#14261=ORIENTED_EDGE('',*,*,#6318,.T.) ;
#14262=ORIENTED_EDGE('',*,*,#14258,.T.) ;
#14263=ORIENTED_EDGE('',*,*,#13822,.F.) ;
#14277=ORIENTED_EDGE('',*,*,#14258,.F.) ;
#14278=ORIENTED_EDGE('',*,*,#6311,.T.) ;
#14279=ORIENTED_EDGE('',*,*,#14275,.T.) ;
#14280=ORIENTED_EDGE('',*,*,#13829,.F.) ;
#14294=ORIENTED_EDGE('',*,*,#14275,.F.) ;
#14295=ORIENTED_EDGE('',*,*,#6304,.T.) ;
#14296=ORIENTED_EDGE('',*,*,#14292,.T.) ;
#14297=ORIENTED_EDGE('',*,*,#13836,.F.) ;
#14311=ORIENTED_EDGE('',*,*,#14292,.F.) ;
#14312=ORIENTED_EDGE('',*,*,#6297,.T.) ;
#14313=ORIENTED_EDGE('',*,*,#14309,.T.) ;
#14314=ORIENTED_EDGE('',*,*,#13843,.F.) ;
#14328=ORIENTED_EDGE('',*,*,#14309,.F.) ;
#14329=ORIENTED_EDGE('',*,*,#6290,.T.) ;
#14330=ORIENTED_EDGE('',*,*,#14326,.T.) ;
#14331=ORIENTED_EDGE('',*,*,#13850,.F.) ;
#14345=ORIENTED_EDGE('',*,*,#14326,.F.) ;
#14346=ORIENTED_EDGE('',*,*,#6283,.T.) ;
#14347=ORIENTED_EDGE('',*,*,#14343,.T.) ;
#14348=ORIENTED_EDGE('',*,*,#13857,.F.) ;
#14362=ORIENTED_EDGE('',*,*,#14343,.F.) ;
#14363=ORIENTED_EDGE('',*,*,#6276,.T.) ;
#14364=ORIENTED_EDGE('',*,*,#14360,.T.) ;
#14365=ORIENTED_EDGE('',*,*,#13864,.F.) ;
#14379=ORIENTED_EDGE('',*,*,#14360,.F.) ;
#14380=ORIENTED_EDGE('',*,*,#6269,.T.) ;
#14381=ORIENTED_EDGE('',*,*,#14377,.T.) ;
#14382=ORIENTED_EDGE('',*,*,#13871,.F.) ;
#14396=ORIENTED_EDGE('',*,*,#14377,.F.) ;
#14397=ORIENTED_EDGE('',*,*,#6262,.T.) ;
#14398=ORIENTED_EDGE('',*,*,#14394,.T.) ;
#14399=ORIENTED_EDGE('',*,*,#13878,.F.) ;
#14413=ORIENTED_EDGE('',*,*,#14394,.F.) ;
#14414=ORIENTED_EDGE('',*,*,#6255,.T.) ;
#14415=ORIENTED_EDGE('',*,*,#14411,.T.) ;
#14416=ORIENTED_EDGE('',*,*,#13885,.F.) ;
#14430=ORIENTED_EDGE('',*,*,#14411,.F.) ;
#14431=ORIENTED_EDGE('',*,*,#6248,.T.) ;
#14432=ORIENTED_EDGE('',*,*,#14428,.T.) ;
#14433=ORIENTED_EDGE('',*,*,#13892,.F.) ;
#14447=ORIENTED_EDGE('',*,*,#14428,.F.) ;
#14448=ORIENTED_EDGE('',*,*,#6241,.T.) ;
#14449=ORIENTED_EDGE('',*,*,#14445,.T.) ;
#14450=ORIENTED_EDGE('',*,*,#13899,.F.) ;
#14464=ORIENTED_EDGE('',*,*,#14445,.F.) ;
#14465=ORIENTED_EDGE('',*,*,#6234,.T.) ;
#14466=ORIENTED_EDGE('',*,*,#14462,.T.) ;
#14467=ORIENTED_EDGE('',*,*,#13906,.F.) ;
#14481=ORIENTED_EDGE('',*,*,#14462,.F.) ;
#14482=ORIENTED_EDGE('',*,*,#6227,.T.) ;
#14483=ORIENTED_EDGE('',*,*,#14479,.T.) ;
#14484=ORIENTED_EDGE('',*,*,#13913,.F.) ;
#14498=ORIENTED_EDGE('',*,*,#14479,.F.) ;
#14499=ORIENTED_EDGE('',*,*,#6220,.T.) ;
#14500=ORIENTED_EDGE('',*,*,#14496,.T.) ;
#14501=ORIENTED_EDGE('',*,*,#13920,.F.) ;
#14515=ORIENTED_EDGE('',*,*,#14496,.F.) ;
#14516=ORIENTED_EDGE('',*,*,#6213,.T.) ;
#14517=ORIENTED_EDGE('',*,*,#14513,.T.) ;
#14518=ORIENTED_EDGE('',*,*,#13927,.F.) ;
#14532=ORIENTED_EDGE('',*,*,#14513,.F.) ;
#14533=ORIENTED_EDGE('',*,*,#6206,.T.) ;
#14534=ORIENTED_EDGE('',*,*,#14530,.T.) ;
#14535=ORIENTED_EDGE('',*,*,#13934,.F.) ;
#14549=ORIENTED_EDGE('',*,*,#14530,.F.) ;
#14550=ORIENTED_EDGE('',*,*,#6199,.T.) ;
#14551=ORIENTED_EDGE('',*,*,#14547,.T.) ;
#14552=ORIENTED_EDGE('',*,*,#13941,.F.) ;
#14561=ORIENTED_EDGE('',*,*,#14547,.F.) ;
#14562=ORIENTED_EDGE('',*,*,#6192,.T.) ;
#14563=ORIENTED_EDGE('',*,*,#14003,.T.) ;
#14564=ORIENTED_EDGE('',*,*,#13948,.F.) ;
#2668=FACE_BOUND('',#2627,.T.) ;
#5752=FACE_BOUND('',#5745,.T.) ;
#5770=FACE_BOUND('',#5767,.T.) ;
#5788=FACE_BOUND('',#5785,.T.) ;
#6031=FACE_BOUND('',#6017,.T.) ;
#6049=FACE_BOUND('',#6046,.T.) ;
#6067=FACE_BOUND('',#6064,.T.) ;
#6467=FACE_BOUND('',#6429,.T.) ;
#6485=FACE_BOUND('',#6482,.T.) ;
#6503=FACE_BOUND('',#6500,.T.) ;
#50=CLOSED_SHELL('Closed Shell',(#90,#318,#373,#396,#445,#476,#507,#546,#580,#617,#641,#665,#689,#720,#776,#907,#933,#964,#999,#1118,#1167,#1204,#1228,#1240,#1264,#1347,#1359,#1383,#1448,#1465,#1525,#1549,#1566,#1590,#1606,#1623,#1723,#1746,#1763,#1796,#2008,#2042,#2065,#2089,#2112,#2129,#2146,#2213,#2280,#2669,#2692,#2711,#2734,#2758,#2781,#2805,#2828,#2872,#2956,#2973,#2997,#3014,#3031,#3062,#3108,#3132,#3156,#3180,#3217,#3250,#3262,#3274,#3336,#3360,#3468,#3485,#3507,#3518,#3576,#3607,#3631,#3655,#3686,#3711,#3756,#3775,#3817,#3832,#3869,#3893,#3912,#3936,#3967,#3984,#4015,#4026,#4038,#4055,#4099,#4278,#4301,#4324,#4407,#4455,#4478,#4501,#4568,#4591,#4614,#4655,#4678,#4701,#4874,#4907,#4944,#4970,#4993,#5016,#5099,#5142,#5165,#5188,#5255,#5278,#5301,#5337,#5360,#5377,#5405,#5442,#5463,#5479,#5496,#5512,#5524,#5548,#5604,#5622,#5640,#5789,#5858,#6068,#6084,#6100,#6504,#6527,#6546,#6570,#6601,#6695,#6719,#6735,#6764,#6786,#6815,#6832,#6846,#6858,#6882,#6906,#6922,#6982,#6999,#7016,#7028,#7088,#7112,#7129,#7153,#7169,#7186,#7203,#7301,#7325,#7348,#7372,#7426,#7507,#7531,#7555,#7746,#7773,#7797,#7854,#7957,#7975,#7992,#8005,#8108,#8165,#8183,#8278,#8333,#8359,#8414,#8454,#8482,#8505,#8552,#8570,#8615,#8634,#8657,#8669,#8688,#8705,#8732,#8744,#8757,#8769,#8777,#8790,#8852,#8873,#8935,#9011,#9051,#9074,#9128,#9162,#9206,#9229,#9245,#9264,#9283,#9305,#9374,#9391,#9410,#9427,#9451,#9485,#9512,#9536,#9567,#9584,#9615,#9632,#9663,#9757,#9781,#9806,#9831,#9848,#9879,#9896,#9927,#9944,#9969,#9994,#10011,#10042,#10059,#10090,#10107,#10151,#10195,#10206,#10217,#10229,#10241,#10260,#10292,#10325,#10350,#10369,#10381,#10411,#10430,#10453,#10493,#10506,#10524,#10559,#10571,#10583,#10595,#10607,#10632,#10659,#10684,#10711,#10728,#10740,#10749,#10772,#10819,#10843,#10890,#10913,#10960,#10979,#11026,#11043,#11066,#11113,#11137,#11184,#11207,#11254,#11273,#11320,#11336,#11354,#11367,#11406,#11430,#11462,#11518,#11550,#11562,#11581,#11613,#11662,#11685,#11702,#11795,#11807,#11825,#11837,#11849,#11875,#11889,#11913,#11937,#12087,#12106,#12113,#12132,#12139,#12158,#12175,#12200,#12219,#12237,#12277,#12285,#12298,#12333,#12354,#12368,#12412,#12456,#12514,#12569,#12594,#12628,#12646,#12668,#12680,#12702,#12714,#12729,#12756,#12768,#12795,#12807,#12834,#12846,#12873,#12885,#12897,#12937,#12955,#12962,#12980,#12992,#13019,#13046,#13064,#13071,#13083,#13090,#13097,#13109,#13116,#13128,#13135,#13147,#13178,#13202,#13226,#13259,#13276,#13293,#13305,#13336,#13360,#13384,#13473,#13490,#13507,#13524,#13541,#13558,#13575,#13592,#13609,#13626,#13638,#13669,#13693,#13717,#13993,#14010,#14027,#14044,#14061,#14078,#14095,#14112,#14129,#14146,#14163,#14180,#14197,#14214,#14231,#14248,#14265,#14282,#14299,#14316,#14333,#14350,#14367,#14384,#14401,#14418,#14435,#14452,#14469,#14486,#14503,#14520,#14537,#14554,#14566)) ;
#58=VECTOR('Line Direction',#57,1.) ;
#67=VECTOR('Line Direction',#66,1.) ;
#74=VECTOR('Line Direction',#73,1.) ;
#81=VECTOR('Line Direction',#80,1.) ;
#98=VECTOR('Line Direction',#97,1.) ;
#132=VECTOR('Line Direction',#131,1.) ;
#145=VECTOR('Line Direction',#144,1.) ;
#158=VECTOR('Line Direction',#157,1.) ;
#171=VECTOR('Line Direction',#170,1.) ;
#184=VECTOR('Line Direction',#183,1.) ;
#247=VECTOR('Line Direction',#246,1.) ;
#264=VECTOR('Line Direction',#263,1.) ;
#353=VECTOR('Line Direction',#352,1.) ;
#360=VECTOR('Line Direction',#359,1.) ;
#387=VECTOR('Line Direction',#386,1.) ;
#404=VECTOR('Line Direction',#403,1.) ;
#413=VECTOR('Line Direction',#412,1.) ;
#453=VECTOR('Line Direction',#452,1.) ;
#467=VECTOR('Line Direction',#466,1.) ;
#490=VECTOR('Line Direction',#489,1.) ;
#497=VECTOR('Line Direction',#496,1.) ;
#515=VECTOR('Line Direction',#514,1.) ;
#522=VECTOR('Line Direction',#521,1.) ;
#529=VECTOR('Line Direction',#528,1.) ;
#534=VECTOR('Line Direction',#533,1.) ;
#549=VECTOR('Line Direction',#548,1.) ;
#554=VECTOR('Line Direction',#553,1.) ;
#561=VECTOR('Line Direction',#560,1.) ;
#568=VECTOR('Line Direction',#567,1.) ;
#588=VECTOR('Line Direction',#587,1.) ;
#597=VECTOR('Line Direction',#596,1.) ;
#625=VECTOR('Line Direction',#624,1.) ;
#649=VECTOR('Line Direction',#648,1.) ;
#656=VECTOR('Line Direction',#655,1.) ;
#673=VECTOR('Line Direction',#672,1.) ;
#703=VECTOR('Line Direction',#702,1.) ;
#710=VECTOR('Line Direction',#709,1.) ;
#728=VECTOR('Line Direction',#727,1.) ;
#737=VECTOR('Line Direction',#736,1.) ;
#748=VECTOR('Line Direction',#747,1.) ;
#800=VECTOR('Line Direction',#799,1.) ;
#807=VECTOR('Line Direction',#806,1.) ;
#814=VECTOR('Line Direction',#813,1.) ;
#840=VECTOR('Line Direction',#839,1.) ;
#866=VECTOR('Line Direction',#865,1.) ;
#890=VECTOR('Line Direction',#889,1.) ;
#915=VECTOR('Line Direction',#914,1.) ;
#955=VECTOR('Line Direction',#954,1.) ;
#981=VECTOR('Line Direction',#980,1.) ;
#1023=VECTOR('Line Direction',#1022,1.) ;
#1028=VECTOR('Line Direction',#1027,1.) ;
#1035=VECTOR('Line Direction',#1034,1.) ;
#1061=VECTOR('Line Direction',#1060,1.) ;
#1087=VECTOR('Line Direction',#1086,1.) ;
#1094=VECTOR('Line Direction',#1093,1.) ;
#1101=VECTOR('Line Direction',#1100,1.) ;
#1147=VECTOR('Line Direction',#1146,1.) ;
#1154=VECTOR('Line Direction',#1153,1.) ;
#1175=VECTOR('Line Direction',#1174,1.) ;
#1184=VECTOR('Line Direction',#1183,1.) ;
#1212=VECTOR('Line Direction',#1211,1.) ;
#1231=VECTOR('Line Direction',#1230,1.) ;
#1248=VECTOR('Line Direction',#1247,1.) ;
#1253=VECTOR('Line Direction',#1252,1.) ;
#1272=VECTOR('Line Direction',#1271,1.) ;
#1287=VECTOR('Line Direction',#1286,1.) ;
#1300=VECTOR('Line Direction',#1299,1.) ;
#1305=VECTOR('Line Direction',#1304,1.) ;
#1318=VECTOR('Line Direction',#1317,1.) ;
#1435=VECTOR('Line Direction',#1434,1.) ;
#1456=VECTOR('Line Direction',#1455,1.) ;
#1490=VECTOR('Line Direction',#1489,1.) ;
#1540=VECTOR('Line Direction',#1539,1.) ;
#1581=VECTOR('Line Direction',#1580,1.) ;
#1614=VECTOR('Line Direction',#1613,1.) ;
#1626=VECTOR('Line Direction',#1625,1.) ;
#1633=VECTOR('Line Direction',#1632,1.) ;
#1640=VECTOR('Line Direction',#1639,1.) ;
#1647=VECTOR('Line Direction',#1646,1.) ;
#1654=VECTOR('Line Direction',#1653,1.) ;
#1661=VECTOR('Line Direction',#1660,1.) ;
#1687=VECTOR('Line Direction',#1686,1.) ;
#1737=VECTOR('Line Direction',#1736,1.) ;
#1771=VECTOR('Line Direction',#1770,1.) ;
#1778=VECTOR('Line Direction',#1777,1.) ;
#1812=VECTOR('Line Direction',#1811,1.) ;
#1823=VECTOR('Line Direction',#1822,1.) ;
#1840=VECTOR('Line Direction',#1839,1.) ;
#1903=VECTOR('Line Direction',#1902,1.) ;
#1916=VECTOR('Line Direction',#1915,1.) ;
#1929=VECTOR('Line Direction',#1928,1.) ;
#2056=VECTOR('Line Direction',#2055,1.) ;
#2080=VECTOR('Line Direction',#2079,1.) ;
#2097=VECTOR('Line Direction',#2096,1.) ;
#2137=VECTOR('Line Direction',#2136,1.) ;
#2288=VECTOR('Line Direction',#2287,1.) ;
#2311=VECTOR('Line Direction',#2310,1.) ;
#2334=VECTOR('Line Direction',#2333,1.) ;
#2349=VECTOR('Line Direction',#2348,1.) ;
#2358=VECTOR('Line Direction',#2357,1.) ;
#2365=VECTOR('Line Direction',#2364,1.) ;
#2372=VECTOR('Line Direction',#2371,1.) ;
#2379=VECTOR('Line Direction',#2378,1.) ;
#2386=VECTOR('Line Direction',#2385,1.) ;
#2393=VECTOR('Line Direction',#2392,1.) ;
#2400=VECTOR('Line Direction',#2399,1.) ;
#2407=VECTOR('Line Direction',#2406,1.) ;
#2414=VECTOR('Line Direction',#2413,1.) ;
#2421=VECTOR('Line Direction',#2420,1.) ;
#2428=VECTOR('Line Direction',#2427,1.) ;
#2435=VECTOR('Line Direction',#2434,1.) ;
#2442=VECTOR('Line Direction',#2441,1.) ;
#2449=VECTOR('Line Direction',#2448,1.) ;
#2456=VECTOR('Line Direction',#2455,1.) ;
#2463=VECTOR('Line Direction',#2462,1.) ;
#2470=VECTOR('Line Direction',#2469,1.) ;
#2477=VECTOR('Line Direction',#2476,1.) ;
#2484=VECTOR('Line Direction',#2483,1.) ;
#2491=VECTOR('Line Direction',#2490,1.) ;
#2498=VECTOR('Line Direction',#2497,1.) ;
#2505=VECTOR('Line Direction',#2504,1.) ;
#2512=VECTOR('Line Direction',#2511,1.) ;
#2519=VECTOR('Line Direction',#2518,1.) ;
#2526=VECTOR('Line Direction',#2525,1.) ;
#2533=VECTOR('Line Direction',#2532,1.) ;
#2540=VECTOR('Line Direction',#2539,1.) ;
#2547=VECTOR('Line Direction',#2546,1.) ;
#2554=VECTOR('Line Direction',#2553,1.) ;
#2561=VECTOR('Line Direction',#2560,1.) ;
#2568=VECTOR('Line Direction',#2567,1.) ;
#2575=VECTOR('Line Direction',#2574,1.) ;
#2582=VECTOR('Line Direction',#2581,1.) ;
#2589=VECTOR('Line Direction',#2588,1.) ;
#2596=VECTOR('Line Direction',#2595,1.) ;
#2603=VECTOR('Line Direction',#2602,1.) ;
#2610=VECTOR('Line Direction',#2609,1.) ;
#2617=VECTOR('Line Direction',#2616,1.) ;
#2624=VECTOR('Line Direction',#2623,1.) ;
#2683=VECTOR('Line Direction',#2682,1.) ;
#2719=VECTOR('Line Direction',#2718,1.) ;
#2749=VECTOR('Line Direction',#2748,1.) ;
#2772=VECTOR('Line Direction',#2771,1.) ;
#2789=VECTOR('Line Direction',#2788,1.) ;
#2813=VECTOR('Line Direction',#2812,1.) ;
#2840=VECTOR('Line Direction',#2839,1.) ;
#2847=VECTOR('Line Direction',#2846,1.) ;
#2875=VECTOR('Line Direction',#2874,1.) ;
#2882=VECTOR('Line Direction',#2881,1.) ;
#2889=VECTOR('Line Direction',#2888,1.) ;
#2913=VECTOR('Line Direction',#2912,1.) ;
#2939=VECTOR('Line Direction',#2938,1.) ;
#2988=VECTOR('Line Direction',#2987,1.) ;
#3022=VECTOR('Line Direction',#3021,1.) ;
#3053=VECTOR('Line Direction',#3052,1.) ;
#3077=VECTOR('Line Direction',#3076,1.) ;
#3116=VECTOR('Line Direction',#3115,1.) ;
#3140=VECTOR('Line Direction',#3139,1.) ;
#3164=VECTOR('Line Direction',#3163,1.) ;
#3195=VECTOR('Line Direction',#3194,1.) ;
#3225=VECTOR('Line Direction',#3224,1.) ;
#3282=VECTOR('Line Direction',#3281,1.) ;
#3295=VECTOR('Line Direction',#3294,1.) ;
#3344=VECTOR('Line Direction',#3343,1.) ;
#3368=VECTOR('Line Direction',#3367,1.) ;
#3375=VECTOR('Line Direction',#3374,1.) ;
#3382=VECTOR('Line Direction',#3381,1.) ;
#3395=VECTOR('Line Direction',#3394,1.) ;
#3408=VECTOR('Line Direction',#3407,1.) ;
#3415=VECTOR('Line Direction',#3414,1.) ;
#3426=VECTOR('Line Direction',#3425,1.) ;
#3439=VECTOR('Line Direction',#3438,1.) ;
#3584=VECTOR('Line Direction',#3583,1.) ;
#3598=VECTOR('Line Direction',#3597,1.) ;
#3615=VECTOR('Line Direction',#3614,1.) ;
#3622=VECTOR('Line Direction',#3621,1.) ;
#3639=VECTOR('Line Direction',#3638,1.) ;
#3663=VECTOR('Line Direction',#3662,1.) ;
#3670=VECTOR('Line Direction',#3669,1.) ;
#3694=VECTOR('Line Direction',#3693,1.) ;
#3699=VECTOR('Line Direction',#3698,1.) ;
#3725=VECTOR('Line Direction',#3724,1.) ;
#3732=VECTOR('Line Direction',#3731,1.) ;
#3737=VECTOR('Line Direction',#3736,1.) ;
#3759=VECTOR('Line Direction',#3758,1.) ;
#3766=VECTOR('Line Direction',#3765,1.) ;
#3788=VECTOR('Line Direction',#3787,1.) ;
#3795=VECTOR('Line Direction',#3794,1.) ;
#3820=VECTOR('Line Direction',#3819,1.) ;
#3852=VECTOR('Line Direction',#3851,1.) ;
#3859=VECTOR('Line Direction',#3858,1.) ;
#3877=VECTOR('Line Direction',#3876,1.) ;
#3896=VECTOR('Line Direction',#3895,1.) ;
#3903=VECTOR('Line Direction',#3902,1.) ;
#3920=VECTOR('Line Direction',#3919,1.) ;
#3944=VECTOR('Line Direction',#3943,1.) ;
#3951=VECTOR('Line Direction',#3950,1.) ;
#3998=VECTOR('Line Direction',#3997,1.) ;
#4005=VECTOR('Line Direction',#4004,1.) ;
#4107=VECTOR('Line Direction',#4106,1.) ;
#4122=VECTOR('Line Direction',#4121,1.) ;
#4145=VECTOR('Line Direction',#4144,1.) ;
#4168=VECTOR('Line Direction',#4167,1.) ;
#4181=VECTOR('Line Direction',#4180,1.) ;
#4196=VECTOR('Line Direction',#4195,1.) ;
#4209=VECTOR('Line Direction',#4208,1.) ;
#4216=VECTOR('Line Direction',#4215,1.) ;
#4229=VECTOR('Line Direction',#4228,1.) ;
#4242=VECTOR('Line Direction',#4241,1.) ;
#4292=VECTOR('Line Direction',#4291,1.) ;
#4315=VECTOR('Line Direction',#4314,1.) ;
#4340=VECTOR('Line Direction',#4339,1.) ;
#4377=VECTOR('Line Direction',#4376,1.) ;
#4390=VECTOR('Line Direction',#4389,1.) ;
#4415=VECTOR('Line Direction',#4414,1.) ;
#4422=VECTOR('Line Direction',#4421,1.) ;
#4429=VECTOR('Line Direction',#4428,1.) ;
#4436=VECTOR('Line Direction',#4435,1.) ;
#4443=VECTOR('Line Direction',#4442,1.) ;
#4469=VECTOR('Line Direction',#4468,1.) ;
#4492=VECTOR('Line Direction',#4491,1.) ;
#4515=VECTOR('Line Direction',#4514,1.) ;
#4554=VECTOR('Line Direction',#4553,1.) ;
#4582=VECTOR('Line Direction',#4581,1.) ;
#4605=VECTOR('Line Direction',#4604,1.) ;
#4622=VECTOR('Line Direction',#4621,1.) ;
#4629=VECTOR('Line Direction',#4628,1.) ;
#4636=VECTOR('Line Direction',#4635,1.) ;
#4643=VECTOR('Line Direction',#4642,1.) ;
#4669=VECTOR('Line Direction',#4668,1.) ;
#4692=VECTOR('Line Direction',#4691,1.) ;
#4717=VECTOR('Line Direction',#4716,1.) ;
#4730=VECTOR('Line Direction',#4729,1.) ;
#4743=VECTOR('Line Direction',#4742,1.) ;
#4750=VECTOR('Line Direction',#4749,1.) ;
#4763=VECTOR('Line Direction',#4762,1.) ;
#4778=VECTOR('Line Direction',#4777,1.) ;
#4791=VECTOR('Line Direction',#4790,1.) ;
#4808=VECTOR('Line Direction',#4807,1.) ;
#4831=VECTOR('Line Direction',#4830,1.) ;
#4844=VECTOR('Line Direction',#4843,1.) ;
#4882=VECTOR('Line Direction',#4881,1.) ;
#4889=VECTOR('Line Direction',#4888,1.) ;
#4896=VECTOR('Line Direction',#4895,1.) ;
#4933=VECTOR('Line Direction',#4932,1.) ;
#4952=VECTOR('Line Direction',#4951,1.) ;
#4959=VECTOR('Line Direction',#4958,1.) ;
#4984=VECTOR('Line Direction',#4983,1.) ;
#5007=VECTOR('Line Direction',#5006,1.) ;
#5024=VECTOR('Line Direction',#5023,1.) ;
#5039=VECTOR('Line Direction',#5038,1.) ;
#5076=VECTOR('Line Direction',#5075,1.) ;
#5102=VECTOR('Line Direction',#5101,1.) ;
#5109=VECTOR('Line Direction',#5108,1.) ;
#5116=VECTOR('Line Direction',#5115,1.) ;
#5123=VECTOR('Line Direction',#5122,1.) ;
#5130=VECTOR('Line Direction',#5129,1.) ;
#5150=VECTOR('Line Direction',#5149,1.) ;
#5179=VECTOR('Line Direction',#5178,1.) ;
#5202=VECTOR('Line Direction',#5201,1.) ;
#5241=VECTOR('Line Direction',#5240,1.) ;
#5263=VECTOR('Line Direction',#5262,1.) ;
#5286=VECTOR('Line Direction',#5285,1.) ;
#5304=VECTOR('Line Direction',#5303,1.) ;
#5311=VECTOR('Line Direction',#5310,1.) ;
#5318=VECTOR('Line Direction',#5317,1.) ;
#5325=VECTOR('Line Direction',#5324,1.) ;
#5351=VECTOR('Line Direction',#5350,1.) ;
#5368=VECTOR('Line Direction',#5367,1.) ;
#5380=VECTOR('Line Direction',#5379,1.) ;
#5387=VECTOR('Line Direction',#5386,1.) ;
#5394=VECTOR('Line Direction',#5393,1.) ;
#5413=VECTOR('Line Direction',#5412,1.) ;
#5445=VECTOR('Line Direction',#5444,1.) ;
#5452=VECTOR('Line Direction',#5451,1.) ;
#5532=VECTOR('Line Direction',#5531,1.) ;
#5586=VECTOR('Line Direction',#5585,1.) ;
#5591=VECTOR('Line Direction',#5590,1.) ;
#5648=VECTOR('Line Direction',#5647,1.) ;
#5657=VECTOR('Line Direction',#5656,1.) ;
#5664=VECTOR('Line Direction',#5663,1.) ;
#5671=VECTOR('Line Direction',#5670,1.) ;
#5676=VECTOR('Line Direction',#5675,1.) ;
#5683=VECTOR('Line Direction',#5682,1.) ;
#5690=VECTOR('Line Direction',#5689,1.) ;
#5705=VECTOR('Line Direction',#5704,1.) ;
#5714=VECTOR('Line Direction',#5713,1.) ;
#5721=VECTOR('Line Direction',#5720,1.) ;
#5728=VECTOR('Line Direction',#5727,1.) ;
#5735=VECTOR('Line Direction',#5734,1.) ;
#5742=VECTOR('Line Direction',#5741,1.) ;
#5797=VECTOR('Line Direction',#5796,1.) ;
#5812=VECTOR('Line Direction',#5811,1.) ;
#5817=VECTOR('Line Direction',#5816,1.) ;
#5866=VECTOR('Line Direction',#5865,1.) ;
#5875=VECTOR('Line Direction',#5874,1.) ;
#5882=VECTOR('Line Direction',#5881,1.) ;
#5889=VECTOR('Line Direction',#5888,1.) ;
#5904=VECTOR('Line Direction',#5903,1.) ;
#5911=VECTOR('Line Direction',#5910,1.) ;
#5928=VECTOR('Line Direction',#5927,1.) ;
#5937=VECTOR('Line Direction',#5936,1.) ;
#5944=VECTOR('Line Direction',#5943,1.) ;
#5951=VECTOR('Line Direction',#5950,1.) ;
#5958=VECTOR('Line Direction',#5957,1.) ;
#5965=VECTOR('Line Direction',#5964,1.) ;
#5972=VECTOR('Line Direction',#5971,1.) ;
#5979=VECTOR('Line Direction',#5978,1.) ;
#5986=VECTOR('Line Direction',#5985,1.) ;
#5993=VECTOR('Line Direction',#5992,1.) ;
#6000=VECTOR('Line Direction',#5999,1.) ;
#6007=VECTOR('Line Direction',#6006,1.) ;
#6014=VECTOR('Line Direction',#6013,1.) ;
#6103=VECTOR('Line Direction',#6102,1.) ;
#6112=VECTOR('Line Direction',#6111,1.) ;
#6119=VECTOR('Line Direction',#6118,1.) ;
#6126=VECTOR('Line Direction',#6125,1.) ;
#6133=VECTOR('Line Direction',#6132,1.) ;
#6150=VECTOR('Line Direction',#6149,1.) ;
#6155=VECTOR('Line Direction',#6154,1.) ;
#6172=VECTOR('Line Direction',#6171,1.) ;
#6181=VECTOR('Line Direction',#6180,1.) ;
#6188=VECTOR('Line Direction',#6187,1.) ;
#6195=VECTOR('Line Direction',#6194,1.) ;
#6202=VECTOR('Line Direction',#6201,1.) ;
#6209=VECTOR('Line Direction',#6208,1.) ;
#6216=VECTOR('Line Direction',#6215,1.) ;
#6223=VECTOR('Line Direction',#6222,1.) ;
#6230=VECTOR('Line Direction',#6229,1.) ;
#6237=VECTOR('Line Direction',#6236,1.) ;
#6244=VECTOR('Line Direction',#6243,1.) ;
#6251=VECTOR('Line Direction',#6250,1.) ;
#6258=VECTOR('Line Direction',#6257,1.) ;
#6265=VECTOR('Line Direction',#6264,1.) ;
#6272=VECTOR('Line Direction',#6271,1.) ;
#6279=VECTOR('Line Direction',#6278,1.) ;
#6286=VECTOR('Line Direction',#6285,1.) ;
#6293=VECTOR('Line Direction',#6292,1.) ;
#6300=VECTOR('Line Direction',#6299,1.) ;
#6307=VECTOR('Line Direction',#6306,1.) ;
#6314=VECTOR('Line Direction',#6313,1.) ;
#6321=VECTOR('Line Direction',#6320,1.) ;
#6328=VECTOR('Line Direction',#6327,1.) ;
#6335=VECTOR('Line Direction',#6334,1.) ;
#6342=VECTOR('Line Direction',#6341,1.) ;
#6349=VECTOR('Line Direction',#6348,1.) ;
#6356=VECTOR('Line Direction',#6355,1.) ;
#6363=VECTOR('Line Direction',#6362,1.) ;
#6370=VECTOR('Line Direction',#6369,1.) ;
#6377=VECTOR('Line Direction',#6376,1.) ;
#6384=VECTOR('Line Direction',#6383,1.) ;
#6391=VECTOR('Line Direction',#6390,1.) ;
#6398=VECTOR('Line Direction',#6397,1.) ;
#6405=VECTOR('Line Direction',#6404,1.) ;
#6412=VECTOR('Line Direction',#6411,1.) ;
#6419=VECTOR('Line Direction',#6418,1.) ;
#6426=VECTOR('Line Direction',#6425,1.) ;
#6518=VECTOR('Line Direction',#6517,1.) ;
#6592=VECTOR('Line Direction',#6591,1.) ;
#6710=VECTOR('Line Direction',#6709,1.) ;
#6835=VECTOR('Line Direction',#6834,1.) ;
#6897=VECTOR('Line Direction',#6896,1.) ;
#6947=VECTOR('Line Direction',#6946,1.) ;
#6990=VECTOR('Line Direction',#6989,1.) ;
#7007=VECTOR('Line Direction',#7006,1.) ;
#7053=VECTOR('Line Direction',#7052,1.) ;
#7103=VECTOR('Line Direction',#7102,1.) ;
#7144=VECTOR('Line Direction',#7143,1.) ;
#7177=VECTOR('Line Direction',#7176,1.) ;
#7194=VECTOR('Line Direction',#7193,1.) ;
#7257=VECTOR('Line Direction',#7256,1.) ;
#7262=VECTOR('Line Direction',#7261,1.) ;
#7309=VECTOR('Line Direction',#7308,1.) ;
#7316=VECTOR('Line Direction',#7315,1.) ;
#7333=VECTOR('Line Direction',#7332,1.) ;
#7356=VECTOR('Line Direction',#7355,1.) ;
#7363=VECTOR('Line Direction',#7362,1.) ;
#7380=VECTOR('Line Direction',#7379,1.) ;
#7385=VECTOR('Line Direction',#7384,1.) ;
#7434=VECTOR('Line Direction',#7433,1.) ;
#7443=VECTOR('Line Direction',#7442,1.) ;
#7450=VECTOR('Line Direction',#7449,1.) ;
#7464=VECTOR('Line Direction',#7463,1.) ;
#7471=VECTOR('Line Direction',#7470,1.) ;
#7476=VECTOR('Line Direction',#7475,1.) ;
#7483=VECTOR('Line Direction',#7482,1.) ;
#7515=VECTOR('Line Direction',#7514,1.) ;
#7522=VECTOR('Line Direction',#7521,1.) ;
#7539=VECTOR('Line Direction',#7538,1.) ;
#7546=VECTOR('Line Direction',#7545,1.) ;
#7563=VECTOR('Line Direction',#7562,1.) ;
#7570=VECTOR('Line Direction',#7569,1.) ;
#7598=VECTOR('Line Direction',#7597,1.) ;
#7605=VECTOR('Line Direction',#7604,1.) ;
#7612=VECTOR('Line Direction',#7611,1.) ;
#7640=VECTOR('Line Direction',#7639,1.) ;
#7652=VECTOR('Line Direction',#7651,1.) ;
#7659=VECTOR('Line Direction',#7658,1.) ;
#7666=VECTOR('Line Direction',#7665,1.) ;
#7680=VECTOR('Line Direction',#7679,1.) ;
#7694=VECTOR('Line Direction',#7693,1.) ;
#7701=VECTOR('Line Direction',#7700,1.) ;
#7708=VECTOR('Line Direction',#7707,1.) ;
#7781=VECTOR('Line Direction',#7780,1.) ;
#7788=VECTOR('Line Direction',#7787,1.) ;
#7805=VECTOR('Line Direction',#7804,1.) ;
#7822=VECTOR('Line Direction',#7821,1.) ;
#7837=VECTOR('Line Direction',#7836,1.) ;
#7862=VECTOR('Line Direction',#7861,1.) ;
#7869=VECTOR('Line Direction',#7868,1.) ;
#7876=VECTOR('Line Direction',#7875,1.) ;
#7883=VECTOR('Line Direction',#7882,1.) ;
#7890=VECTOR('Line Direction',#7889,1.) ;
#7897=VECTOR('Line Direction',#7896,1.) ;
#7904=VECTOR('Line Direction',#7903,1.) ;
#7911=VECTOR('Line Direction',#7910,1.) ;
#7918=VECTOR('Line Direction',#7917,1.) ;
#7925=VECTOR('Line Direction',#7924,1.) ;
#7932=VECTOR('Line Direction',#7931,1.) ;
#7965=VECTOR('Line Direction',#7964,1.) ;
#7983=VECTOR('Line Direction',#7982,1.) ;
#8008=VECTOR('Line Direction',#8007,1.) ;
#8015=VECTOR('Line Direction',#8014,1.) ;
#8022=VECTOR('Line Direction',#8021,1.) ;
#8029=VECTOR('Line Direction',#8028,1.) ;
#8036=VECTOR('Line Direction',#8035,1.) ;
#8043=VECTOR('Line Direction',#8042,1.) ;
#8050=VECTOR('Line Direction',#8049,1.) ;
#8057=VECTOR('Line Direction',#8056,1.) ;
#8064=VECTOR('Line Direction',#8063,1.) ;
#8071=VECTOR('Line Direction',#8070,1.) ;
#8078=VECTOR('Line Direction',#8077,1.) ;
#8083=VECTOR('Line Direction',#8082,1.) ;
#8116=VECTOR('Line Direction',#8115,1.) ;
#8125=VECTOR('Line Direction',#8124,1.) ;
#8132=VECTOR('Line Direction',#8131,1.) ;
#8139=VECTOR('Line Direction',#8138,1.) ;
#8146=VECTOR('Line Direction',#8145,1.) ;
#8151=VECTOR('Line Direction',#8150,1.) ;
#8173=VECTOR('Line Direction',#8172,1.) ;
#8200=VECTOR('Line Direction',#8199,1.) ;
#8207=VECTOR('Line Direction',#8206,1.) ;
#8214=VECTOR('Line Direction',#8213,1.) ;
#8219=VECTOR('Line Direction',#8218,1.) ;
#8226=VECTOR('Line Direction',#8225,1.) ;
#8233=VECTOR('Line Direction',#8232,1.) ;
#8247=VECTOR('Line Direction',#8246,1.) ;
#8254=VECTOR('Line Direction',#8253,1.) ;
#8261=VECTOR('Line Direction',#8260,1.) ;
#8292=VECTOR('Line Direction',#8291,1.) ;
#8307=VECTOR('Line Direction',#8306,1.) ;
#8379=VECTOR('Line Direction',#8378,1.) ;
#8394=VECTOR('Line Direction',#8393,1.) ;
#8462=VECTOR('Line Direction',#8461,1.) ;
#8469=VECTOR('Line Direction',#8468,1.) ;
#8485=VECTOR('Line Direction',#8484,1.) ;
#8492=VECTOR('Line Direction',#8491,1.) ;
#8513=VECTOR('Line Direction',#8512,1.) ;
#8536=VECTOR('Line Direction',#8535,1.) ;
#8541=VECTOR('Line Direction',#8540,1.) ;
#8560=VECTOR('Line Direction',#8559,1.) ;
#8597=VECTOR('Line Direction',#8596,1.) ;
#8604=VECTOR('Line Direction',#8603,1.) ;
#8618=VECTOR('Line Direction',#8617,1.) ;
#8625=VECTOR('Line Direction',#8624,1.) ;
#8648=VECTOR('Line Direction',#8647,1.) ;
#8660=VECTOR('Line Direction',#8659,1.) ;
#8672=VECTOR('Line Direction',#8671,1.) ;
#8679=VECTOR('Line Direction',#8678,1.) ;
#8696=VECTOR('Line Direction',#8695,1.) ;
#8735=VECTOR('Line Direction',#8734,1.) ;
#8747=VECTOR('Line Direction',#8746,1.) ;
#8760=VECTOR('Line Direction',#8759,1.) ;
#8780=VECTOR('Line Direction',#8779,1.) ;
#8798=VECTOR('Line Direction',#8797,1.) ;
#8815=VECTOR('Line Direction',#8814,1.) ;
#8834=VECTOR('Line Direction',#8833,1.) ;
#8891=VECTOR('Line Direction',#8890,1.) ;
#8902=VECTOR('Line Direction',#8901,1.) ;
#8921=VECTOR('Line Direction',#8920,1.) ;
#8938=VECTOR('Line Direction',#8937,1.) ;
#8947=VECTOR('Line Direction',#8946,1.) ;
#8954=VECTOR('Line Direction',#8953,1.) ;
#8968=VECTOR('Line Direction',#8967,1.) ;
#8975=VECTOR('Line Direction',#8974,1.) ;
#8980=VECTOR('Line Direction',#8979,1.) ;
#8987=VECTOR('Line Direction',#8986,1.) ;
#9054=VECTOR('Line Direction',#9053,1.) ;
#9061=VECTOR('Line Direction',#9060,1.) ;
#9077=VECTOR('Line Direction',#9076,1.) ;
#9105=VECTOR('Line Direction',#9104,1.) ;
#9112=VECTOR('Line Direction',#9111,1.) ;
#9117=VECTOR('Line Direction',#9116,1.) ;
#9152=VECTOR('Line Direction',#9151,1.) ;
#9165=VECTOR('Line Direction',#9164,1.) ;
#9190=VECTOR('Line Direction',#9189,1.) ;
#9195=VECTOR('Line Direction',#9194,1.) ;
#9209=VECTOR('Line Direction',#9208,1.) ;
#9216=VECTOR('Line Direction',#9215,1.) ;
#9459=VECTOR('Line Direction',#9458,1.) ;
#9503=VECTOR('Line Direction',#9502,1.) ;
#9527=VECTOR('Line Direction',#9526,1.) ;
#9654=VECTOR('Line Direction',#9653,1.) ;
#9772=VECTOR('Line Direction',#9771,1.) ;
#9822=VECTOR('Line Direction',#9821,1.) ;
#9985=VECTOR('Line Direction',#9984,1.) ;
#10249=VECTOR('Line Direction',#10248,1.) ;
#10268=VECTOR('Line Direction',#10267,1.) ;
#10275=VECTOR('Line Direction',#10274,1.) ;
#10282=VECTOR('Line Direction',#10281,1.) ;
#10316=VECTOR('Line Direction',#10315,1.) ;
#10333=VECTOR('Line Direction',#10332,1.) ;
#10340=VECTOR('Line Direction',#10339,1.) ;
#10358=VECTOR('Line Direction',#10357,1.) ;
#10389=VECTOR('Line Direction',#10388,1.) ;
#10396=VECTOR('Line Direction',#10395,1.) ;
#10401=VECTOR('Line Direction',#10400,1.) ;
#10414=VECTOR('Line Direction',#10413,1.) ;
#10421=VECTOR('Line Direction',#10420,1.) ;
#10438=VECTOR('Line Direction',#10437,1.) ;
#10443=VECTOR('Line Direction',#10442,1.) ;
#10470=VECTOR('Line Direction',#10469,1.) ;
#10475=VECTOR('Line Direction',#10474,1.) ;
#10480=VECTOR('Line Direction',#10479,1.) ;
#10514=VECTOR('Line Direction',#10513,1.) ;
#10541=VECTOR('Line Direction',#10540,1.) ;
#10546=VECTOR('Line Direction',#10545,1.) ;
#10615=VECTOR('Line Direction',#10614,1.) ;
#10667=VECTOR('Line Direction',#10666,1.) ;
#10719=VECTOR('Line Direction',#10718,1.) ;
#10763=VECTOR('Line Direction',#10762,1.) ;
#10780=VECTOR('Line Direction',#10779,1.) ;
#10797=VECTOR('Line Direction',#10796,1.) ;
#10827=VECTOR('Line Direction',#10826,1.) ;
#10834=VECTOR('Line Direction',#10833,1.) ;
#10851=VECTOR('Line Direction',#10850,1.) ;
#10868=VECTOR('Line Direction',#10867,1.) ;
#10904=VECTOR('Line Direction',#10903,1.) ;
#10921=VECTOR('Line Direction',#10920,1.) ;
#10938=VECTOR('Line Direction',#10937,1.) ;
#10963=VECTOR('Line Direction',#10962,1.) ;
#10970=VECTOR('Line Direction',#10969,1.) ;
#10987=VECTOR('Line Direction',#10986,1.) ;
#11004=VECTOR('Line Direction',#11003,1.) ;
#11034=VECTOR('Line Direction',#11033,1.) ;
#11051=VECTOR('Line Direction',#11050,1.) ;
#11074=VECTOR('Line Direction',#11073,1.) ;
#11091=VECTOR('Line Direction',#11090,1.) ;
#11121=VECTOR('Line Direction',#11120,1.) ;
#11128=VECTOR('Line Direction',#11127,1.) ;
#11145=VECTOR('Line Direction',#11144,1.) ;
#11162=VECTOR('Line Direction',#11161,1.) ;
#11198=VECTOR('Line Direction',#11197,1.) ;
#11215=VECTOR('Line Direction',#11214,1.) ;
#11232=VECTOR('Line Direction',#11231,1.) ;
#11257=VECTOR('Line Direction',#11256,1.) ;
#11264=VECTOR('Line Direction',#11263,1.) ;
#11281=VECTOR('Line Direction',#11280,1.) ;
#11298=VECTOR('Line Direction',#11297,1.) ;
#11375=VECTOR('Line Direction',#11374,1.) ;
#11384=VECTOR('Line Direction',#11383,1.) ;
#11391=VECTOR('Line Direction',#11390,1.) ;
#11396=VECTOR('Line Direction',#11395,1.) ;
#11414=VECTOR('Line Direction',#11413,1.) ;
#11421=VECTOR('Line Direction',#11420,1.) ;
#11438=VECTOR('Line Direction',#11437,1.) ;
#11445=VECTOR('Line Direction',#11444,1.) ;
#11452=VECTOR('Line Direction',#11451,1.) ;
#11479=VECTOR('Line Direction',#11478,1.) ;
#11491=VECTOR('Line Direction',#11490,1.) ;
#11505=VECTOR('Line Direction',#11504,1.) ;
#11526=VECTOR('Line Direction',#11525,1.) ;
#11533=VECTOR('Line Direction',#11532,1.) ;
#11540=VECTOR('Line Direction',#11539,1.) ;
#11553=VECTOR('Line Direction',#11552,1.) ;
#11565=VECTOR('Line Direction',#11564,1.) ;
#11572=VECTOR('Line Direction',#11571,1.) ;
#11589=VECTOR('Line Direction',#11588,1.) ;
#11596=VECTOR('Line Direction',#11595,1.) ;
#11603=VECTOR('Line Direction',#11602,1.) ;
#11630=VECTOR('Line Direction',#11629,1.) ;
#11649=VECTOR('Line Direction',#11648,1.) ;
#11710=VECTOR('Line Direction',#11709,1.) ;
#11722=VECTOR('Line Direction',#11721,1.) ;
#11734=VECTOR('Line Direction',#11733,1.) ;
#11744=VECTOR('Line Direction',#11743,1.) ;
#11754=VECTOR('Line Direction',#11753,1.) ;
#11764=VECTOR('Line Direction',#11763,1.) ;
#11897=VECTOR('Line Direction',#11896,1.) ;
#11904=VECTOR('Line Direction',#11903,1.) ;
#11921=VECTOR('Line Direction',#11920,1.) ;
#11928=VECTOR('Line Direction',#11927,1.) ;
#11940=VECTOR('Line Direction',#11939,1.) ;
#11947=VECTOR('Line Direction',#11946,1.) ;
#11975=VECTOR('Line Direction',#11974,1.) ;
#11982=VECTOR('Line Direction',#11981,1.) ;
#11989=VECTOR('Line Direction',#11988,1.) ;
#12017=VECTOR('Line Direction',#12016,1.) ;
#12027=VECTOR('Line Direction',#12026,1.) ;
#12039=VECTOR('Line Direction',#12038,1.) ;
#12051=VECTOR('Line Direction',#12050,1.) ;
#12142=VECTOR('Line Direction',#12141,1.) ;
#12149=VECTOR('Line Direction',#12148,1.) ;
#12166=VECTOR('Line Direction',#12165,1.) ;
#12178=VECTOR('Line Direction',#12177,1.) ;
#12185=VECTOR('Line Direction',#12184,1.) ;
#12190=VECTOR('Line Direction',#12189,1.) ;
#12203=VECTOR('Line Direction',#12202,1.) ;
#12210=VECTOR('Line Direction',#12209,1.) ;
#12222=VECTOR('Line Direction',#12221,1.) ;
#12227=VECTOR('Line Direction',#12226,1.) ;
#12254=VECTOR('Line Direction',#12253,1.) ;
#12259=VECTOR('Line Direction',#12258,1.) ;
#12264=VECTOR('Line Direction',#12263,1.) ;
#12288=VECTOR('Line Direction',#12287,1.) ;
#12315=VECTOR('Line Direction',#12314,1.) ;
#12320=VECTOR('Line Direction',#12319,1.) ;
#12577=VECTOR('Line Direction',#12576,1.) ;
#12584=VECTOR('Line Direction',#12583,1.) ;
#12636=VECTOR('Line Direction',#12635,1.) ;
#12654=VECTOR('Line Direction',#12653,1.) ;
#12659=VECTOR('Line Direction',#12658,1.) ;
#12688=VECTOR('Line Direction',#12687,1.) ;
#12693=VECTOR('Line Direction',#12692,1.) ;
#12737=VECTOR('Line Direction',#12736,1.) ;
#12747=VECTOR('Line Direction',#12746,1.) ;
#12776=VECTOR('Line Direction',#12775,1.) ;
#12786=VECTOR('Line Direction',#12785,1.) ;
#12815=VECTOR('Line Direction',#12814,1.) ;
#12825=VECTOR('Line Direction',#12824,1.) ;
#12854=VECTOR('Line Direction',#12853,1.) ;
#12864=VECTOR('Line Direction',#12863,1.) ;
#12913=VECTOR('Line Direction',#12912,1.) ;
#13035=VECTOR('Line Direction',#13034,1.) ;
#13155=VECTOR('Line Direction',#13154,1.) ;
#13162=VECTOR('Line Direction',#13161,1.) ;
#13169=VECTOR('Line Direction',#13168,1.) ;
#13186=VECTOR('Line Direction',#13185,1.) ;
#13193=VECTOR('Line Direction',#13192,1.) ;
#13210=VECTOR('Line Direction',#13209,1.) ;
#13217=VECTOR('Line Direction',#13216,1.) ;
#13234=VECTOR('Line Direction',#13233,1.) ;
#13241=VECTOR('Line Direction',#13240,1.) ;
#13248=VECTOR('Line Direction',#13247,1.) ;
#13267=VECTOR('Line Direction',#13266,1.) ;
#13284=VECTOR('Line Direction',#13283,1.) ;
#13313=VECTOR('Line Direction',#13312,1.) ;
#13320=VECTOR('Line Direction',#13319,1.) ;
#13327=VECTOR('Line Direction',#13326,1.) ;
#13344=VECTOR('Line Direction',#13343,1.) ;
#13351=VECTOR('Line Direction',#13350,1.) ;
#13368=VECTOR('Line Direction',#13367,1.) ;
#13375=VECTOR('Line Direction',#13374,1.) ;
#13392=VECTOR('Line Direction',#13391,1.) ;
#13399=VECTOR('Line Direction',#13398,1.) ;
#13406=VECTOR('Line Direction',#13405,1.) ;
#13413=VECTOR('Line Direction',#13412,1.) ;
#13420=VECTOR('Line Direction',#13419,1.) ;
#13427=VECTOR('Line Direction',#13426,1.) ;
#13434=VECTOR('Line Direction',#13433,1.) ;
#13441=VECTOR('Line Direction',#13440,1.) ;
#13448=VECTOR('Line Direction',#13447,1.) ;
#13455=VECTOR('Line Direction',#13454,1.) ;
#13481=VECTOR('Line Direction',#13480,1.) ;
#13498=VECTOR('Line Direction',#13497,1.) ;
#13515=VECTOR('Line Direction',#13514,1.) ;
#13532=VECTOR('Line Direction',#13531,1.) ;
#13549=VECTOR('Line Direction',#13548,1.) ;
#13566=VECTOR('Line Direction',#13565,1.) ;
#13583=VECTOR('Line Direction',#13582,1.) ;
#13600=VECTOR('Line Direction',#13599,1.) ;
#13617=VECTOR('Line Direction',#13616,1.) ;
#13646=VECTOR('Line Direction',#13645,1.) ;
#13653=VECTOR('Line Direction',#13652,1.) ;
#13660=VECTOR('Line Direction',#13659,1.) ;
#13677=VECTOR('Line Direction',#13676,1.) ;
#13684=VECTOR('Line Direction',#13683,1.) ;
#13701=VECTOR('Line Direction',#13700,1.) ;
#13708=VECTOR('Line Direction',#13707,1.) ;
#13720=VECTOR('Line Direction',#13719,1.) ;
#13727=VECTOR('Line Direction',#13726,1.) ;
#13734=VECTOR('Line Direction',#13733,1.) ;
#13741=VECTOR('Line Direction',#13740,1.) ;
#13748=VECTOR('Line Direction',#13747,1.) ;
#13755=VECTOR('Line Direction',#13754,1.) ;
#13762=VECTOR('Line Direction',#13761,1.) ;
#13769=VECTOR('Line Direction',#13768,1.) ;
#13776=VECTOR('Line Direction',#13775,1.) ;
#13783=VECTOR('Line Direction',#13782,1.) ;
#13790=VECTOR('Line Direction',#13789,1.) ;
#13797=VECTOR('Line Direction',#13796,1.) ;
#13804=VECTOR('Line Direction',#13803,1.) ;
#13811=VECTOR('Line Direction',#13810,1.) ;
#13818=VECTOR('Line Direction',#13817,1.) ;
#13825=VECTOR('Line Direction',#13824,1.) ;
#13832=VECTOR('Line Direction',#13831,1.) ;
#13839=VECTOR('Line Direction',#13838,1.) ;
#13846=VECTOR('Line Direction',#13845,1.) ;
#13853=VECTOR('Line Direction',#13852,1.) ;
#13860=VECTOR('Line Direction',#13859,1.) ;
#13867=VECTOR('Line Direction',#13866,1.) ;
#13874=VECTOR('Line Direction',#13873,1.) ;
#13881=VECTOR('Line Direction',#13880,1.) ;
#13888=VECTOR('Line Direction',#13887,1.) ;
#13895=VECTOR('Line Direction',#13894,1.) ;
#13902=VECTOR('Line Direction',#13901,1.) ;
#13909=VECTOR('Line Direction',#13908,1.) ;
#13916=VECTOR('Line Direction',#13915,1.) ;
#13923=VECTOR('Line Direction',#13922,1.) ;
#13930=VECTOR('Line Direction',#13929,1.) ;
#13937=VECTOR('Line Direction',#13936,1.) ;
#13944=VECTOR('Line Direction',#13943,1.) ;
#13951=VECTOR('Line Direction',#13950,1.) ;
#14001=VECTOR('Line Direction',#14000,1.) ;
#14018=VECTOR('Line Direction',#14017,1.) ;
#14035=VECTOR('Line Direction',#14034,1.) ;
#14052=VECTOR('Line Direction',#14051,1.) ;
#14069=VECTOR('Line Direction',#14068,1.) ;
#14086=VECTOR('Line Direction',#14085,1.) ;
#14103=VECTOR('Line Direction',#14102,1.) ;
#14120=VECTOR('Line Direction',#14119,1.) ;
#14137=VECTOR('Line Direction',#14136,1.) ;
#14154=VECTOR('Line Direction',#14153,1.) ;
#14171=VECTOR('Line Direction',#14170,1.) ;
#14188=VECTOR('Line Direction',#14187,1.) ;
#14205=VECTOR('Line Direction',#14204,1.) ;
#14222=VECTOR('Line Direction',#14221,1.) ;
#14239=VECTOR('Line Direction',#14238,1.) ;
#14256=VECTOR('Line Direction',#14255,1.) ;
#14273=VECTOR('Line Direction',#14272,1.) ;
#14290=VECTOR('Line Direction',#14289,1.) ;
#14307=VECTOR('Line Direction',#14306,1.) ;
#14324=VECTOR('Line Direction',#14323,1.) ;
#14341=VECTOR('Line Direction',#14340,1.) ;
#14358=VECTOR('Line Direction',#14357,1.) ;
#14375=VECTOR('Line Direction',#14374,1.) ;
#14392=VECTOR('Line Direction',#14391,1.) ;
#14409=VECTOR('Line Direction',#14408,1.) ;
#14426=VECTOR('Line Direction',#14425,1.) ;
#14443=VECTOR('Line Direction',#14442,1.) ;
#14460=VECTOR('Line Direction',#14459,1.) ;
#14477=VECTOR('Line Direction',#14476,1.) ;
#14494=VECTOR('Line Direction',#14493,1.) ;
#14511=VECTOR('Line Direction',#14510,1.) ;
#14528=VECTOR('Line Direction',#14527,1.) ;
#14545=VECTOR('Line Direction',#14544,1.) ;
#14568=ADVANCED_BREP_SHAPE_REPRESENTATION('NONE',(#14567),#45) ;
#48=SHAPE_REPRESENTATION(' ',(#47),#45) ;
#90=ADVANCED_FACE('PartBody',(#89),#55,.T.) ;
#318=ADVANCED_FACE('PartBody',(#317),#95,.F.) ;
#373=ADVANCED_FACE('PartBody',(#372),#323,.F.) ;
#396=ADVANCED_FACE('PartBody',(#395),#378,.T.) ;
#445=ADVANCED_FACE('PartBody',(#444),#401,.T.) ;
#476=ADVANCED_FACE('PartBody',(#475),#450,.T.) ;
#507=ADVANCED_FACE('PartBody',(#506),#481,.F.) ;
#546=ADVANCED_FACE('PartBody',(#545),#512,.T.) ;
#580=ADVANCED_FACE('PartBody',(#579),#512,.T.) ;
#617=ADVANCED_FACE('PartBody',(#616),#585,.T.) ;
#641=ADVANCED_FACE('PartBody',(#640),#622,.T.) ;
#665=ADVANCED_FACE('PartBody',(#664),#646,.T.) ;
#689=ADVANCED_FACE('PartBody',(#688),#670,.T.) ;
#720=ADVANCED_FACE('PartBody',(#719),#694,.F.) ;
#776=ADVANCED_FACE('PartBody',(#775),#725,.T.) ;
#907=ADVANCED_FACE('PartBody',(#906),#55,.T.) ;
#933=ADVANCED_FACE('PartBody',(#932),#912,.T.) ;
#964=ADVANCED_FACE('PartBody',(#963),#938,.T.) ;
#999=ADVANCED_FACE('PartBody',(#998),#969,.T.) ;
#1118=ADVANCED_FACE('PartBody',(#1117),#55,.T.) ;
#1167=ADVANCED_FACE('PartBody',(#1166),#1123,.F.) ;
#1204=ADVANCED_FACE('PartBody',(#1203),#1172,.T.) ;
#1228=ADVANCED_FACE('PartBody',(#1227),#1209,.T.) ;
#1240=ADVANCED_FACE('PartBody',(#1239),#646,.T.) ;
#1264=ADVANCED_FACE('PartBody',(#1263),#1245,.F.) ;
#1347=ADVANCED_FACE('PartBody',(#1346),#1269,.T.) ;
#1359=ADVANCED_FACE('PartBody',(#1358),#1352,.T.) ;
#1383=ADVANCED_FACE('PartBody',(#1382),#1364,.T.) ;
#1448=ADVANCED_FACE('PartBody',(#1447),#1388,.F.) ;
#1465=ADVANCED_FACE('PartBody',(#1464),#1453,.T.) ;
#1525=ADVANCED_FACE('PartBody',(#1524),#1388,.F.) ;
#1549=ADVANCED_FACE('PartBody',(#1548),#1530,.T.) ;
#1566=ADVANCED_FACE('PartBody',(#1565),#1554,.T.) ;
#1590=ADVANCED_FACE('PartBody',(#1589),#1571,.T.) ;
#1606=ADVANCED_FACE('PartBody',(#1605),#1595,.T.) ;
#1623=ADVANCED_FACE('PartBody',(#1622),#1611,.T.) ;
#1723=ADVANCED_FACE('PartBody',(#1722),#1245,.F.) ;
#1746=ADVANCED_FACE('PartBody',(#1745),#1728,.T.) ;
#1763=ADVANCED_FACE('PartBody',(#1762),#1751,.T.) ;
#1796=ADVANCED_FACE('PartBody',(#1795),#1768,.T.) ;
#2008=ADVANCED_FACE('PartBody',(#2007),#1801,.F.) ;
#2042=ADVANCED_FACE('PartBody',(#2041),#725,.T.) ;
#2065=ADVANCED_FACE('PartBody',(#2064),#2047,.F.) ;
#2089=ADVANCED_FACE('PartBody',(#2088),#2070,.T.) ;
#2112=ADVANCED_FACE('PartBody',(#2111),#2094,.F.) ;
#2129=ADVANCED_FACE('PartBody',(#2128),#2117,.T.) ;
#2146=ADVANCED_FACE('PartBody',(#2145),#2134,.T.) ;
#2213=ADVANCED_FACE('PartBody',(#2212),#2147,.T.) ;
#2280=ADVANCED_FACE('PartBody',(#2279),#2214,.T.) ;
#2669=ADVANCED_FACE('PartBody',(#2346,#2668),#2285,.F.) ;
#2692=ADVANCED_FACE('PartBody',(#2691),#2674,.T.) ;
#2711=ADVANCED_FACE('PartBody',(#2710),#2697,.T.) ;
#2734=ADVANCED_FACE('PartBody',(#2733),#2716,.T.) ;
#2758=ADVANCED_FACE('PartBody',(#2757),#2739,.T.) ;
#2781=ADVANCED_FACE('PartBody',(#2780),#2763,.T.) ;
#2805=ADVANCED_FACE('PartBody',(#2804),#2786,.T.) ;
#2828=ADVANCED_FACE('PartBody',(#2827),#2810,.F.) ;
#2872=ADVANCED_FACE('PartBody',(#2871),#1123,.F.) ;
#2956=ADVANCED_FACE('PartBody',(#2955),#1245,.F.) ;
#2973=ADVANCED_FACE('PartBody',(#2972),#2961,.T.) ;
#2997=ADVANCED_FACE('PartBody',(#2996),#2978,.T.) ;
#3014=ADVANCED_FACE('PartBody',(#3013),#3002,.T.) ;
#3031=ADVANCED_FACE('PartBody',(#3030),#3019,.T.) ;
#3062=ADVANCED_FACE('PartBody',(#3061),#3036,.T.) ;
#3108=ADVANCED_FACE('PartBody',(#3107),#3067,.T.) ;
#3132=ADVANCED_FACE('PartBody',(#3131),#3113,.T.) ;
#3156=ADVANCED_FACE('PartBody',(#3155),#3137,.T.) ;
#3180=ADVANCED_FACE('PartBody',(#3179),#3161,.T.) ;
#3217=ADVANCED_FACE('PartBody',(#3216),#3185,.T.) ;
#3250=ADVANCED_FACE('PartBody',(#3249),#3222,.T.) ;
#3262=ADVANCED_FACE('PartBody',(#3261),#3255,.T.) ;
#3274=ADVANCED_FACE('PartBody',(#3273),#3267,.T.) ;
#3336=ADVANCED_FACE('PartBody',(#3335),#3279,.T.) ;
#3360=ADVANCED_FACE('PartBody',(#3359),#3341,.T.) ;
#3468=ADVANCED_FACE('PartBody',(#3467),#3365,.F.) ;
#3485=ADVANCED_FACE('PartBody',(#3484),#3473,.T.) ;
#3507=ADVANCED_FACE('PartBody',(#3506),#3490,.T.) ;
#3518=ADVANCED_FACE('PartBody',(#3517),#3512,.T.) ;
#3576=ADVANCED_FACE('PartBody',(#3575),#3519,.T.) ;
#3607=ADVANCED_FACE('PartBody',(#3606),#3581,.T.) ;
#3631=ADVANCED_FACE('PartBody',(#3630),#3612,.F.) ;
#3655=ADVANCED_FACE('PartBody',(#3654),#3636,.T.) ;
#3686=ADVANCED_FACE('PartBody',(#3685),#3660,.T.) ;
#3711=ADVANCED_FACE('PartBody',(#3710),#3691,.F.) ;
#3756=ADVANCED_FACE('PartBody',(#3755),#323,.F.) ;
#3775=ADVANCED_FACE('PartBody',(#3774),#55,.T.) ;
#3817=ADVANCED_FACE('PartBody',(#3816),#401,.T.) ;
#3832=ADVANCED_FACE('PartBody',(#3831),#3691,.F.) ;
#3869=ADVANCED_FACE('PartBody',(#3868),#3837,.F.) ;
#3893=ADVANCED_FACE('PartBody',(#3892),#3874,.T.) ;
#3912=ADVANCED_FACE('PartBody',(#3911),#3612,.F.) ;
#3936=ADVANCED_FACE('PartBody',(#3935),#3917,.T.) ;
#3967=ADVANCED_FACE('PartBody',(#3966),#3941,.T.) ;
#3984=ADVANCED_FACE('PartBody',(#3983),#3972,.T.) ;
#4015=ADVANCED_FACE('PartBody',(#4014),#3989,.F.) ;
#4026=ADVANCED_FACE('PartBody',(#4025),#4020,.T.) ;
#4038=ADVANCED_FACE('PartBody',(#4037),#4031,.T.) ;
#4055=ADVANCED_FACE('PartBody',(#4054),#4043,.T.) ;
#4099=ADVANCED_FACE('PartBody',(#4098),#4056,.T.) ;
#4278=ADVANCED_FACE('PartBody',(#4277),#4104,.F.) ;
#4301=ADVANCED_FACE('PartBody',(#4300),#4283,.F.) ;
#4324=ADVANCED_FACE('PartBody',(#4323),#4306,.T.) ;
#4407=ADVANCED_FACE('PartBody',(#4406),#4329,.T.) ;
#4455=ADVANCED_FACE('PartBody',(#4454),#4412,.F.) ;
#4478=ADVANCED_FACE('PartBody',(#4477),#4460,.F.) ;
#4501=ADVANCED_FACE('PartBody',(#4500),#4483,.F.) ;
#4568=ADVANCED_FACE('PartBody',(#4567),#4506,.T.) ;
#4591=ADVANCED_FACE('PartBody',(#4590),#4573,.T.) ;
#4614=ADVANCED_FACE('PartBody',(#4613),#4596,.F.) ;
#4655=ADVANCED_FACE('PartBody',(#4654),#4619,.F.) ;
#4678=ADVANCED_FACE('PartBody',(#4677),#4660,.F.) ;
#4701=ADVANCED_FACE('PartBody',(#4700),#4683,.F.) ;
#4874=ADVANCED_FACE('PartBody',(#4873),#4706,.T.) ;
#4907=ADVANCED_FACE('PartBody',(#4906),#4879,.F.) ;
#4944=ADVANCED_FACE('PartBody',(#4943),#4912,.F.) ;
#4970=ADVANCED_FACE('PartBody',(#4969),#4949,.T.) ;
#4993=ADVANCED_FACE('PartBody',(#4992),#4975,.T.) ;
#5016=ADVANCED_FACE('PartBody',(#5015),#4998,.F.) ;
#5099=ADVANCED_FACE('PartBody',(#5098),#5021,.F.) ;
#5142=ADVANCED_FACE('PartBody',(#5141),#4619,.F.) ;
#5165=ADVANCED_FACE('PartBody',(#5164),#5147,.T.) ;
#5188=ADVANCED_FACE('PartBody',(#5187),#5170,.T.) ;
#5255=ADVANCED_FACE('PartBody',(#5254),#5193,.F.) ;
#5278=ADVANCED_FACE('PartBody',(#5277),#5260,.F.) ;
#5301=ADVANCED_FACE('PartBody',(#5300),#5283,.T.) ;
#5337=ADVANCED_FACE('PartBody',(#5336),#4412,.F.) ;
#5360=ADVANCED_FACE('PartBody',(#5359),#5342,.T.) ;
#5377=ADVANCED_FACE('PartBody',(#5376),#5365,.T.) ;
#5405=ADVANCED_FACE('PartBody',(#5404),#4949,.T.) ;
#5442=ADVANCED_FACE('PartBody',(#5441),#5410,.T.) ;
#5463=ADVANCED_FACE('PartBody',(#5462),#4879,.F.) ;
#5479=ADVANCED_FACE('PartBody',(#5478),#5468,.T.) ;
#5496=ADVANCED_FACE('PartBody',(#5495),#5484,.T.) ;
#5512=ADVANCED_FACE('PartBody',(#5511),#5501,.T.) ;
#5524=ADVANCED_FACE('PartBody',(#5523),#5517,.T.) ;
#5548=ADVANCED_FACE('PartBody',(#5547),#5529,.T.) ;
#5604=ADVANCED_FACE('PartBody',(#5603),#5553,.F.) ;
#5622=ADVANCED_FACE('PartBody',(#5621),#5609,.T.) ;
#5640=ADVANCED_FACE('PartBody',(#5639),#5627,.T.) ;
#5789=ADVANCED_FACE('PartBody',(#5702,#5752,#5770,#5788),#5645,.F.) ;
#5858=ADVANCED_FACE('PartBody',(#5857),#5794,.T.) ;
#6068=ADVANCED_FACE('PartBody',(#5925,#6031,#6049,#6067),#5863,.F.) ;
#6084=ADVANCED_FACE('PartBody',(#6083),#6073,.T.) ;
#6100=ADVANCED_FACE('PartBody',(#6099),#6089,.T.) ;
#6504=ADVANCED_FACE('PartBody',(#6169,#6467,#6485,#6503),#5863,.F.) ;
#6527=ADVANCED_FACE('PartBody',(#6526),#6509,.F.) ;
#6546=ADVANCED_FACE('PartBody',(#6545),#6532,.T.) ;
#6570=ADVANCED_FACE('PartBody',(#6569),#6551,.T.) ;
#6601=ADVANCED_FACE('PartBody',(#6600),#6575,.T.) ;
#6695=ADVANCED_FACE('PartBody',(#6694),#6602,.T.) ;
#6719=ADVANCED_FACE('PartBody',(#6718),#6700,.T.) ;
#6735=ADVANCED_FACE('PartBody',(#6734),#6724,.T.) ;
#6764=ADVANCED_FACE('PartBody',(#6763),#6740,.T.) ;
#6786=ADVANCED_FACE('PartBody',(#6785),#6769,.T.) ;
#6815=ADVANCED_FACE('PartBody',(#6814),#6791,.T.) ;
#6832=ADVANCED_FACE('PartBody',(#6831),#6820,.T.) ;
#6846=ADVANCED_FACE('PartBody',(#6845),#1245,.F.) ;
#6858=ADVANCED_FACE('PartBody',(#6857),#6851,.T.) ;
#6882=ADVANCED_FACE('PartBody',(#6881),#6863,.T.) ;
#6906=ADVANCED_FACE('PartBody',(#6905),#6887,.T.) ;
#6922=ADVANCED_FACE('PartBody',(#6921),#6911,.T.) ;
#6982=ADVANCED_FACE('PartBody',(#6981),#1388,.F.) ;
#6999=ADVANCED_FACE('PartBody',(#6998),#6987,.T.) ;
#7016=ADVANCED_FACE('PartBody',(#7015),#7004,.F.) ;
#7028=ADVANCED_FACE('PartBody',(#7027),#7021,.T.) ;
#7088=ADVANCED_FACE('PartBody',(#7087),#1388,.F.) ;
#7112=ADVANCED_FACE('PartBody',(#7111),#7093,.T.) ;
#7129=ADVANCED_FACE('PartBody',(#7128),#7117,.T.) ;
#7153=ADVANCED_FACE('PartBody',(#7152),#7134,.T.) ;
#7169=ADVANCED_FACE('PartBody',(#7168),#7158,.T.) ;
#7186=ADVANCED_FACE('PartBody',(#7185),#7174,.T.) ;
#7203=ADVANCED_FACE('PartBody',(#7202),#7191,.T.) ;
#7301=ADVANCED_FACE('PartBody',(#7300),#7208,.T.) ;
#7325=ADVANCED_FACE('PartBody',(#7324),#7306,.T.) ;
#7348=ADVANCED_FACE('PartBody',(#7347),#7330,.T.) ;
#7372=ADVANCED_FACE('PartBody',(#7371),#7353,.T.) ;
#7426=ADVANCED_FACE('PartBody',(#7425),#7377,.T.) ;
#7507=ADVANCED_FACE('PartBody',(#7506),#7431,.T.) ;
#7531=ADVANCED_FACE('PartBody',(#7530),#7512,.T.) ;
#7555=ADVANCED_FACE('PartBody',(#7554),#7536,.F.) ;
#7746=ADVANCED_FACE('PartBody',(#7745),#7560,.T.) ;
#7773=ADVANCED_FACE('PartBody',(#7772),#7751,.T.) ;
#7797=ADVANCED_FACE('PartBody',(#7796),#7778,.T.) ;
#7854=ADVANCED_FACE('PartBody',(#7853),#7802,.T.) ;
#7957=ADVANCED_FACE('PartBody',(#7956),#7859,.T.) ;
#7975=ADVANCED_FACE('PartBody',(#7974),#7962,.F.) ;
#7992=ADVANCED_FACE('PartBody',(#7991),#7980,.T.) ;
#8005=ADVANCED_FACE('PartBody',(#8004),#7997,.T.) ;
#8108=ADVANCED_FACE('PartBody',(#8107),#7859,.T.) ;
#8165=ADVANCED_FACE('PartBody',(#8164),#8113,.F.) ;
#8183=ADVANCED_FACE('PartBody',(#8182),#8170,.F.) ;
#8278=ADVANCED_FACE('PartBody',(#8277),#8188,.T.) ;
#8333=ADVANCED_FACE('PartBody',(#8332),#8283,.T.) ;
#8359=ADVANCED_FACE('PartBody',(#8358),#8338,.F.) ;
#8414=ADVANCED_FACE('PartBody',(#8413),#8364,.F.) ;
#8454=ADVANCED_FACE('PartBody',(#8453),#8419,.F.) ;
#8482=ADVANCED_FACE('PartBody',(#8481),#8459,.F.) ;
#8505=ADVANCED_FACE('PartBody',(#8504),#8459,.F.) ;
#8552=ADVANCED_FACE('PartBody',(#8551),#8510,.F.) ;
#8570=ADVANCED_FACE('PartBody',(#8569),#8557,.F.) ;
#8615=ADVANCED_FACE('PartBody',(#8614),#8575,.F.) ;
#8634=ADVANCED_FACE('PartBody',(#8633),#7306,.T.) ;
#8657=ADVANCED_FACE('PartBody',(#8656),#8639,.T.) ;
#8669=ADVANCED_FACE('PartBody',(#8668),#7353,.T.) ;
#8688=ADVANCED_FACE('PartBody',(#8687),#7512,.T.) ;
#8705=ADVANCED_FACE('PartBody',(#8704),#8693,.F.) ;
#8732=ADVANCED_FACE('PartBody',(#8731),#8710,.T.) ;
#8744=ADVANCED_FACE('PartBody',(#8743),#7778,.T.) ;
#8757=ADVANCED_FACE('PartBody',(#8756),#7962,.F.) ;
#8769=ADVANCED_FACE('PartBody',(#8768),#7980,.T.) ;
#8777=ADVANCED_FACE('PartBody',(#8776),#7997,.T.) ;
#8790=ADVANCED_FACE('PartBody',(#8789),#8170,.F.) ;
#8852=ADVANCED_FACE('PartBody',(#8851),#8795,.F.) ;
#8873=ADVANCED_FACE('PartBody',(#8872),#8338,.F.) ;
#8935=ADVANCED_FACE('PartBody',(#8934),#8878,.T.) ;
#9011=ADVANCED_FACE('PartBody',(#9010),#8188,.T.) ;
#9051=ADVANCED_FACE('PartBody',(#9050),#9016,.T.) ;
#9074=ADVANCED_FACE('PartBody',(#9073),#8459,.F.) ;
#9128=ADVANCED_FACE('PartBody',(#9127),#8510,.F.) ;
#9162=ADVANCED_FACE('PartBody',(#9161),#9133,.F.) ;
#9206=ADVANCED_FACE('PartBody',(#9205),#8575,.F.) ;
#9229=ADVANCED_FACE('PartBody',(#9228),#8459,.F.) ;
#9245=ADVANCED_FACE('PartBody',(#9244),#9234,.T.) ;
#9264=ADVANCED_FACE('PartBody',(#9263),#9250,.T.) ;
#9283=ADVANCED_FACE('PartBody',(#9282),#9269,.T.) ;
#9305=ADVANCED_FACE('PartBody',(#9304),#9288,.T.) ;
#9374=ADVANCED_FACE('PartBody',(#9373),#9306,.F.) ;
#9391=ADVANCED_FACE('PartBody',(#9390),#9379,.T.) ;
#9410=ADVANCED_FACE('PartBody',(#9409),#9396,.T.) ;
#9427=ADVANCED_FACE('PartBody',(#9426),#9415,.T.) ;
#9451=ADVANCED_FACE('PartBody',(#9450),#9432,.T.) ;
#9485=ADVANCED_FACE('PartBody',(#9484),#9456,.T.) ;
#9512=ADVANCED_FACE('PartBody',(#9511),#9490,.T.) ;
#9536=ADVANCED_FACE('PartBody',(#9535),#9517,.T.) ;
#9567=ADVANCED_FACE('PartBody',(#9566),#9541,.T.) ;
#9584=ADVANCED_FACE('PartBody',(#9583),#9572,.T.) ;
#9615=ADVANCED_FACE('PartBody',(#9614),#9589,.T.) ;
#9632=ADVANCED_FACE('PartBody',(#9631),#9620,.T.) ;
#9663=ADVANCED_FACE('PartBody',(#9662),#9637,.T.) ;
#9757=ADVANCED_FACE('PartBody',(#9756),#9664,.T.) ;
#9781=ADVANCED_FACE('PartBody',(#9780),#9762,.T.) ;
#9806=ADVANCED_FACE('PartBody',(#9805),#9786,.T.) ;
#9831=ADVANCED_FACE('PartBody',(#9830),#9811,.T.) ;
#9848=ADVANCED_FACE('PartBody',(#9847),#9836,.T.) ;
#9879=ADVANCED_FACE('PartBody',(#9878),#9853,.T.) ;
#9896=ADVANCED_FACE('PartBody',(#9895),#9884,.T.) ;
#9927=ADVANCED_FACE('PartBody',(#9926),#9901,.T.) ;
#9944=ADVANCED_FACE('PartBody',(#9943),#9932,.T.) ;
#9969=ADVANCED_FACE('PartBody',(#9968),#9949,.T.) ;
#9994=ADVANCED_FACE('PartBody',(#9993),#9974,.T.) ;
#10011=ADVANCED_FACE('PartBody',(#10010),#9999,.T.) ;
#10042=ADVANCED_FACE('PartBody',(#10041),#10016,.T.) ;
#10059=ADVANCED_FACE('PartBody',(#10058),#10047,.T.) ;
#10090=ADVANCED_FACE('PartBody',(#10089),#10064,.T.) ;
#10107=ADVANCED_FACE('PartBody',(#10106),#10095,.T.) ;
#10151=ADVANCED_FACE('PartBody',(#10150),#10108,.T.) ;
#10195=ADVANCED_FACE('PartBody',(#10194),#10152,.T.) ;
#10206=ADVANCED_FACE('PartBody',(#10205),#10200,.T.) ;
#10217=ADVANCED_FACE('PartBody',(#10216),#10211,.T.) ;
#10229=ADVANCED_FACE('PartBody',(#10228),#10222,.F.) ;
#10241=ADVANCED_FACE('PartBody',(#10240),#10234,.F.) ;
#10260=ADVANCED_FACE('PartBody',(#10259),#10246,.F.) ;
#10292=ADVANCED_FACE('PartBody',(#10291),#10265,.T.) ;
#10325=ADVANCED_FACE('PartBody',(#10324),#10297,.F.) ;
#10350=ADVANCED_FACE('PartBody',(#10349),#10330,.F.) ;
#10369=ADVANCED_FACE('PartBody',(#10368),#10355,.F.) ;
#10381=ADVANCED_FACE('PartBody',(#10380),#10374,.F.) ;
#10411=ADVANCED_FACE('PartBody',(#10410),#10386,.F.) ;
#10430=ADVANCED_FACE('PartBody',(#10429),#7512,.T.) ;
#10453=ADVANCED_FACE('PartBody',(#10452),#10435,.T.) ;
#10493=ADVANCED_FACE('PartBody',(#10492),#10458,.F.) ;
#10506=ADVANCED_FACE('PartBody',(#10505),#10498,.T.) ;
#10524=ADVANCED_FACE('PartBody',(#10523),#10511,.F.) ;
#10559=ADVANCED_FACE('PartBody',(#10558),#10529,.F.) ;
#10571=ADVANCED_FACE('PartBody',(#10570),#10458,.F.) ;
#10583=ADVANCED_FACE('PartBody',(#10582),#10576,.F.) ;
#10595=ADVANCED_FACE('PartBody',(#10594),#10529,.F.) ;
#10607=ADVANCED_FACE('PartBody',(#10606),#10600,.T.) ;
#10632=ADVANCED_FACE('PartBody',(#10631),#10612,.F.) ;
#10659=ADVANCED_FACE('PartBody',(#10658),#10637,.T.) ;
#10684=ADVANCED_FACE('PartBody',(#10683),#10664,.F.) ;
#10711=ADVANCED_FACE('PartBody',(#10710),#10689,.T.) ;
#10728=ADVANCED_FACE('PartBody',(#10727),#10716,.T.) ;
#10740=ADVANCED_FACE('PartBody',(#10739),#10733,.F.) ;
#10749=ADVANCED_FACE('PartBody',(#10748),#7778,.T.) ;
#10772=ADVANCED_FACE('PartBody',(#10771),#10754,.T.) ;
#10819=ADVANCED_FACE('PartBody',(#10818),#10777,.F.) ;
#10843=ADVANCED_FACE('PartBody',(#10842),#10824,.T.) ;
#10890=ADVANCED_FACE('PartBody',(#10889),#10848,.T.) ;
#10913=ADVANCED_FACE('PartBody',(#10912),#10895,.T.) ;
#10960=ADVANCED_FACE('PartBody',(#10959),#10918,.F.) ;
#10979=ADVANCED_FACE('PartBody',(#10978),#10824,.T.) ;
#11026=ADVANCED_FACE('PartBody',(#11025),#10984,.T.) ;
#11043=ADVANCED_FACE('PartBody',(#11042),#11031,.T.) ;
#11066=ADVANCED_FACE('PartBody',(#11065),#11048,.F.) ;
#11113=ADVANCED_FACE('PartBody',(#11112),#11071,.T.) ;
#11137=ADVANCED_FACE('PartBody',(#11136),#11118,.F.) ;
#11184=ADVANCED_FACE('PartBody',(#11183),#11142,.F.) ;
#11207=ADVANCED_FACE('PartBody',(#11206),#11189,.F.) ;
#11254=ADVANCED_FACE('PartBody',(#11253),#11212,.T.) ;
#11273=ADVANCED_FACE('PartBody',(#11272),#11118,.F.) ;
#11320=ADVANCED_FACE('PartBody',(#11319),#11278,.F.) ;
#11336=ADVANCED_FACE('PartBody',(#11335),#11325,.F.) ;
#11354=ADVANCED_FACE('PartBody',(#11353),#11341,.F.) ;
#11367=ADVANCED_FACE('PartBody',(#11366),#11341,.F.) ;
#11406=ADVANCED_FACE('PartBody',(#11405),#11372,.F.) ;
#11430=ADVANCED_FACE('PartBody',(#11429),#11411,.F.) ;
#11462=ADVANCED_FACE('PartBody',(#11461),#11435,.T.) ;
#11518=ADVANCED_FACE('PartBody',(#11517),#11467,.F.) ;
#11550=ADVANCED_FACE('PartBody',(#11549),#11523,.T.) ;
#11562=ADVANCED_FACE('PartBody',(#11561),#11411,.F.) ;
#11581=ADVANCED_FACE('PartBody',(#11580),#11411,.F.) ;
#11613=ADVANCED_FACE('PartBody',(#11612),#11586,.F.) ;
#11662=ADVANCED_FACE('PartBody',(#11661),#11618,.F.) ;
#11685=ADVANCED_FACE('PartBody',(#11684),#11667,.T.) ;
#11702=ADVANCED_FACE('PartBody',(#11701),#11690,.T.) ;
#11795=ADVANCED_FACE('PartBody',(#11794),#11707,.T.) ;
#11807=ADVANCED_FACE('PartBody',(#11806),#11800,.T.) ;
#11825=ADVANCED_FACE('PartBody',(#11824),#11667,.T.) ;
#11837=ADVANCED_FACE('PartBody',(#11836),#11830,.T.) ;
#11849=ADVANCED_FACE('PartBody',(#11848),#11842,.T.) ;
#11875=ADVANCED_FACE('PartBody',(#11874),#11854,.F.) ;
#11889=ADVANCED_FACE('PartBody',(#11888),#11880,.T.) ;
#11913=ADVANCED_FACE('PartBody',(#11912),#11894,.T.) ;
#11937=ADVANCED_FACE('PartBody',(#11936),#11918,.F.) ;
#12087=ADVANCED_FACE('PartBody',(#12086),#11707,.T.) ;
#12106=ADVANCED_FACE('PartBody',(#12105),#12092,.T.) ;
#12113=ADVANCED_FACE('PartBody',(#12112),#11667,.T.) ;
#12132=ADVANCED_FACE('PartBody',(#12131),#12118,.T.) ;
#12139=ADVANCED_FACE('PartBody',(#12138),#11667,.T.) ;
#12158=ADVANCED_FACE('PartBody',(#12157),#11894,.T.) ;
#12175=ADVANCED_FACE('PartBody',(#12174),#12163,.F.) ;
#12200=ADVANCED_FACE('PartBody',(#12199),#11372,.F.) ;
#12219=ADVANCED_FACE('PartBody',(#12218),#11894,.T.) ;
#12237=ADVANCED_FACE('PartBody',(#12236),#11435,.T.) ;
#12277=ADVANCED_FACE('PartBody',(#12276),#12242,.F.) ;
#12285=ADVANCED_FACE('PartBody',(#12284),#11523,.T.) ;
#12298=ADVANCED_FACE('PartBody',(#12297),#11586,.F.) ;
#12333=ADVANCED_FACE('PartBody',(#12332),#12303,.F.) ;
#12354=ADVANCED_FACE('PartBody',(#12353),#11854,.F.) ;
#12368=ADVANCED_FACE('PartBody',(#12367),#12359,.F.) ;
#12412=ADVANCED_FACE('PartBody',(#12411),#12369,.T.) ;
#12456=ADVANCED_FACE('PartBody',(#12455),#12413,.T.) ;
#12514=ADVANCED_FACE('PartBody',(#12513),#12457,.T.) ;
#12569=ADVANCED_FACE('PartBody',(#12568),#12515,.T.) ;
#12594=ADVANCED_FACE('PartBody',(#12593),#12574,.F.) ;
#12628=ADVANCED_FACE('PartBody',(#12627),#12599,.F.) ;
#12646=ADVANCED_FACE('PartBody',(#12645),#12633,.F.) ;
#12668=ADVANCED_FACE('PartBody',(#12667),#12651,.F.) ;
#12680=ADVANCED_FACE('PartBody',(#12679),#12673,.F.) ;
#12702=ADVANCED_FACE('PartBody',(#12701),#12685,.F.) ;
#12714=ADVANCED_FACE('PartBody',(#12713),#12707,.F.) ;
#12729=ADVANCED_FACE('PartBody',(#12728),#12719,.F.) ;
#12756=ADVANCED_FACE('PartBody',(#12755),#12734,.F.) ;
#12768=ADVANCED_FACE('PartBody',(#12767),#12761,.F.) ;
#12795=ADVANCED_FACE('PartBody',(#12794),#12773,.F.) ;
#12807=ADVANCED_FACE('PartBody',(#12806),#12800,.F.) ;
#12834=ADVANCED_FACE('PartBody',(#12833),#12812,.F.) ;
#12846=ADVANCED_FACE('PartBody',(#12845),#12839,.F.) ;
#12873=ADVANCED_FACE('PartBody',(#12872),#12851,.F.) ;
#12885=ADVANCED_FACE('PartBody',(#12884),#12878,.F.) ;
#12897=ADVANCED_FACE('PartBody',(#12896),#12890,.F.) ;
#12937=ADVANCED_FACE('PartBody',(#12936),#11667,.T.) ;
#12955=ADVANCED_FACE('PartBody',(#12954),#12942,.T.) ;
#12962=ADVANCED_FACE('PartBody',(#12961),#12890,.F.) ;
#12980=ADVANCED_FACE('PartBody',(#12979),#12967,.T.) ;
#12992=ADVANCED_FACE('PartBody',(#12991),#12985,.T.) ;
#13019=ADVANCED_FACE('PartBody',(#13018),#12997,.T.) ;
#13046=ADVANCED_FACE('PartBody',(#13045),#11667,.T.) ;
#13064=ADVANCED_FACE('PartBody',(#13063),#13051,.T.) ;
#13071=ADVANCED_FACE('PartBody',(#13070),#12985,.T.) ;
#13083=ADVANCED_FACE('PartBody',(#13082),#13076,.T.) ;
#13090=ADVANCED_FACE('PartBody',(#13089),#11467,.F.) ;
#13097=ADVANCED_FACE('PartBody',(#13096),#11618,.F.) ;
#13109=ADVANCED_FACE('PartBody',(#13108),#13102,.T.) ;
#13116=ADVANCED_FACE('PartBody',(#13115),#12242,.F.) ;
#13128=ADVANCED_FACE('PartBody',(#13127),#13121,.F.) ;
#13135=ADVANCED_FACE('PartBody',(#13134),#12303,.F.) ;
#13147=ADVANCED_FACE('PartBody',(#13146),#13140,.F.) ;
#13178=ADVANCED_FACE('PartBody',(#13177),#13152,.T.) ;
#13202=ADVANCED_FACE('PartBody',(#13201),#13183,.T.) ;
#13226=ADVANCED_FACE('PartBody',(#13225),#13207,.T.) ;
#13259=ADVANCED_FACE('PartBody',(#13258),#13231,.T.) ;
#13276=ADVANCED_FACE('PartBody',(#13275),#13264,.T.) ;
#13293=ADVANCED_FACE('PartBody',(#13292),#13281,.T.) ;
#13305=ADVANCED_FACE('PartBody',(#13304),#13298,.T.) ;
#13336=ADVANCED_FACE('PartBody',(#13335),#13310,.T.) ;
#13360=ADVANCED_FACE('PartBody',(#13359),#13341,.T.) ;
#13384=ADVANCED_FACE('PartBody',(#13383),#13365,.T.) ;
#13473=ADVANCED_FACE('PartBody',(#13472),#13389,.T.) ;
#13490=ADVANCED_FACE('PartBody',(#13489),#13478,.T.) ;
#13507=ADVANCED_FACE('PartBody',(#13506),#13495,.T.) ;
#13524=ADVANCED_FACE('PartBody',(#13523),#13512,.T.) ;
#13541=ADVANCED_FACE('PartBody',(#13540),#13529,.T.) ;
#13558=ADVANCED_FACE('PartBody',(#13557),#13546,.T.) ;
#13575=ADVANCED_FACE('PartBody',(#13574),#13563,.T.) ;
#13592=ADVANCED_FACE('PartBody',(#13591),#13580,.T.) ;
#13609=ADVANCED_FACE('PartBody',(#13608),#13597,.T.) ;
#13626=ADVANCED_FACE('PartBody',(#13625),#13614,.T.) ;
#13638=ADVANCED_FACE('PartBody',(#13637),#13631,.T.) ;
#13669=ADVANCED_FACE('PartBody',(#13668),#13643,.T.) ;
#13693=ADVANCED_FACE('PartBody',(#13692),#13674,.T.) ;
#13717=ADVANCED_FACE('PartBody',(#13716),#13698,.T.) ;
#13993=ADVANCED_FACE('PartBody',(#13992),#13389,.T.) ;
#14010=ADVANCED_FACE('PartBody',(#14009),#13998,.T.) ;
#14027=ADVANCED_FACE('PartBody',(#14026),#14015,.T.) ;
#14044=ADVANCED_FACE('PartBody',(#14043),#14032,.T.) ;
#14061=ADVANCED_FACE('PartBody',(#14060),#14049,.T.) ;
#14078=ADVANCED_FACE('PartBody',(#14077),#14066,.T.) ;
#14095=ADVANCED_FACE('PartBody',(#14094),#14083,.T.) ;
#14112=ADVANCED_FACE('PartBody',(#14111),#14100,.T.) ;
#14129=ADVANCED_FACE('PartBody',(#14128),#14117,.T.) ;
#14146=ADVANCED_FACE('PartBody',(#14145),#14134,.T.) ;
#14163=ADVANCED_FACE('PartBody',(#14162),#14151,.T.) ;
#14180=ADVANCED_FACE('PartBody',(#14179),#14168,.T.) ;
#14197=ADVANCED_FACE('PartBody',(#14196),#14185,.T.) ;
#14214=ADVANCED_FACE('PartBody',(#14213),#14202,.T.) ;
#14231=ADVANCED_FACE('PartBody',(#14230),#14219,.T.) ;
#14248=ADVANCED_FACE('PartBody',(#14247),#14236,.T.) ;
#14265=ADVANCED_FACE('PartBody',(#14264),#14253,.T.) ;
#14282=ADVANCED_FACE('PartBody',(#14281),#14270,.T.) ;
#14299=ADVANCED_FACE('PartBody',(#14298),#14287,.T.) ;
#14316=ADVANCED_FACE('PartBody',(#14315),#14304,.T.) ;
#14333=ADVANCED_FACE('PartBody',(#14332),#14321,.T.) ;
#14350=ADVANCED_FACE('PartBody',(#14349),#14338,.T.) ;
#14367=ADVANCED_FACE('PartBody',(#14366),#14355,.T.) ;
#14384=ADVANCED_FACE('PartBody',(#14383),#14372,.T.) ;
#14401=ADVANCED_FACE('PartBody',(#14400),#14389,.T.) ;
#14418=ADVANCED_FACE('PartBody',(#14417),#14406,.T.) ;
#14435=ADVANCED_FACE('PartBody',(#14434),#14423,.T.) ;
#14452=ADVANCED_FACE('PartBody',(#14451),#14440,.T.) ;
#14469=ADVANCED_FACE('PartBody',(#14468),#14457,.T.) ;
#14486=ADVANCED_FACE('PartBody',(#14485),#14474,.T.) ;
#14503=ADVANCED_FACE('PartBody',(#14502),#14491,.T.) ;
#14520=ADVANCED_FACE('PartBody',(#14519),#14508,.T.) ;
#14537=ADVANCED_FACE('PartBody',(#14536),#14525,.T.) ;
#14554=ADVANCED_FACE('PartBody',(#14553),#14542,.T.) ;
#14566=ADVANCED_FACE('PartBody',(#14565),#14559,.T.) ;
#4=APPLICATION_PROTOCOL_DEFINITION('international standard','config_control_design',1994,#1) ;
#32=APPROVAL_DATE_TIME(#13,#21) ;
#105=B_SPLINE_CURVE_WITH_KNOTS('',5,(#106,#107,#108,#109,#110,#111,#112,#113,#114,#115,#116,#117,#118,#119,#120),.UNSPECIFIED.,.F.,.U.,(6,3,3,3,6),(0.,0.404311176325,0.754181375283,0.934148978669,1.0476117165),.UNSPECIFIED.) ;
#124=B_SPLINE_CURVE_WITH_KNOTS('',1,(#125,#126),.UNSPECIFIED.,.F.,.U.,(2,2),(-2.28189492895,-0.541557912882),.UNSPECIFIED.) ;
#137=B_SPLINE_CURVE_WITH_KNOTS('',1,(#138,#139),.UNSPECIFIED.,.F.,.U.,(2,2),(-1.1508760465,1.1508760465),.UNSPECIFIED.) ;
#150=B_SPLINE_CURVE_WITH_KNOTS('',1,(#151,#152),.UNSPECIFIED.,.F.,.U.,(2,2),(-2.70605982571,3.00091389867),.UNSPECIFIED.) ;
#163=B_SPLINE_CURVE_WITH_KNOTS('',1,(#164,#165),.UNSPECIFIED.,.F.,.U.,(2,2),(-2.70605982571,3.00091389867),.UNSPECIFIED.) ;
#176=B_SPLINE_CURVE_WITH_KNOTS('',1,(#177,#178),.UNSPECIFIED.,.F.,.U.,(2,2),(-1.1508760465,1.1508760465),.UNSPECIFIED.) ;
#189=B_SPLINE_CURVE_WITH_KNOTS('',1,(#190,#191),.UNSPECIFIED.,.F.,.U.,(2,2),(-2.28189492907,-0.54155791085),.UNSPECIFIED.) ;
#195=B_SPLINE_CURVE_WITH_KNOTS('',5,(#196,#197,#198,#199,#200,#201,#202,#203,#204,#205,#206,#207,#208,#209,#210),.UNSPECIFIED.,.F.,.U.,(6,3,3,3,6),(0.,0.404311172236,0.754181370615,0.934148973544,1.04761171046),.UNSPECIFIED.) ;
#214=B_SPLINE_CURVE_WITH_KNOTS('',1,(#215,#216),.UNSPECIFIED.,.F.,.U.,(2,2),(-19.0364988125,-14.7135011858),.UNSPECIFIED.) ;
#220=B_SPLINE_CURVE_WITH_KNOTS('',5,(#221,#222,#223,#224,#225,#226,#227,#228,#229,#230,#231,#232,#233,#234,#235),.UNSPECIFIED.,.F.,.U.,(6,3,3,3,6),(0.,0.404311168324,0.754181367273,0.934148970655,1.047611708),.UNSPECIFIED.) ;
#239=B_SPLINE_CURVE_WITH_KNOTS('',1,(#240,#241),.UNSPECIFIED.,.F.,.U.,(2,2),(-2.28189492892,-0.541557912874),.UNSPECIFIED.) ;
#252=B_SPLINE_CURVE_WITH_KNOTS('',1,(#253,#254),.UNSPECIFIED.,.F.,.U.,(2,2),(-1.1508760465,1.1508760465),.UNSPECIFIED.) ;
#256=B_SPLINE_CURVE_WITH_KNOTS('',1,(#257,#258),.UNSPECIFIED.,.F.,.U.,(2,2),(-1.1508760465,1.1508760465),.UNSPECIFIED.) ;
#269=B_SPLINE_CURVE_WITH_KNOTS('',1,(#270,#271),.UNSPECIFIED.,.F.,.U.,(2,2),(-2.28189492925,-0.541557915244),.UNSPECIFIED.) ;
#275=B_SPLINE_CURVE_WITH_KNOTS('',5,(#276,#277,#278,#279,#280,#281,#282,#283,#284,#285,#286,#287,#288,#289,#290),.UNSPECIFIED.,.F.,.U.,(6,3,3,3,6),(0.,0.404311180851,0.754181380403,0.934148984261,1.04761172379),.UNSPECIFIED.) ;
#324=B_SPLINE_CURVE_WITH_KNOTS('',4,(#325,#326,#327,#328,#329),.UNSPECIFIED.,.F.,.U.,(5,5),(0.,1.75784521065),.UNSPECIFIED.) ;
#335=B_SPLINE_CURVE_WITH_KNOTS('',1,(#336,#337),.UNSPECIFIED.,.F.,.U.,(2,2),(-1.15087604651,0.364239183909),.UNSPECIFIED.) ;
#339=B_SPLINE_CURVE_WITH_KNOTS('',1,(#340,#341),.UNSPECIFIED.,.F.,.U.,(2,2),(-1.15109006686,1.15109006686),.UNSPECIFIED.) ;
#345=B_SPLINE_CURVE_WITH_KNOTS('',1,(#346,#347),.UNSPECIFIED.,.F.,.U.,(2,2),(-1.1508760465,1.1508760465),.UNSPECIFIED.) ;
#379=B_SPLINE_CURVE_WITH_KNOTS('',1,(#380,#381),.UNSPECIFIED.,.F.,.U.,(2,2),(-1.15087604649,0.364239183905),.UNSPECIFIED.) ;
#418=B_SPLINE_CURVE_WITH_KNOTS('',1,(#419,#420),.UNSPECIFIED.,.F.,.U.,(2,2),(-13.0911649953,-10.7894129023),.UNSPECIFIED.) ;
#424=B_SPLINE_CURVE_WITH_KNOTS('',1,(#425,#426),.UNSPECIFIED.,.F.,.U.,(2,2),(-1.15109006686,1.15109006686),.UNSPECIFIED.) ;
#428=B_SPLINE_CURVE_WITH_KNOTS('',4,(#429,#430,#431,#432,#433),.UNSPECIFIED.,.F.,.U.,(5,5),(0.,1.75784521066),.UNSPECIFIED.) ;
#482=B_SPLINE_CURVE_WITH_KNOTS('',1,(#483,#484),.UNSPECIFIED.,.F.,.U.,(2,2),(0.223022491249,1.17691512665),.UNSPECIFIED.) ;
#600=B_SPLINE_CURVE_WITH_KNOTS('',1,(#601,#602),.UNSPECIFIED.,.F.,.U.,(2,2),(-0.396515944069,0.511418968471),.UNSPECIFIED.) ;
#606=B_SPLINE_CURVE_WITH_KNOTS('',1,(#607,#608),.UNSPECIFIED.,.F.,.U.,(2,2),(0.223022491387,1.17691512678),.UNSPECIFIED.) ;
#695=B_SPLINE_CURVE_WITH_KNOTS('',1,(#696,#697),.UNSPECIFIED.,.F.,.U.,(2,2),(0.223022491352,1.17691512675),.UNSPECIFIED.) ;
#742=B_SPLINE_CURVE_WITH_KNOTS('',1,(#743,#744),.UNSPECIFIED.,.F.,.U.,(2,2),(-1.1508760465,1.1508760465),.UNSPECIFIED.) ;
#753=B_SPLINE_CURVE_WITH_KNOTS('',1,(#754,#755),.UNSPECIFIED.,.F.,.U.,(2,2),(-1.15087604651,0.364239183909),.UNSPECIFIED.) ;
#759=B_SPLINE_CURVE_WITH_KNOTS('',4,(#760,#761,#762,#763,#764),.UNSPECIFIED.,.F.,.U.,(5,5),(0.,1.75784521064),.UNSPECIFIED.) ;
#777=B_SPLINE_CURVE_WITH_KNOTS('',5,(#778,#779,#780,#781,#782,#783,#784,#785,#786,#787,#788,#789,#790,#791,#792),.UNSPECIFIED.,.F.,.U.,(6,3,3,3,6),(0.,0.669138514679,1.33891503493,2.00870583674,2.22101562769),.UNSPECIFIED.) ;
#819=B_SPLINE_CURVE_WITH_KNOTS('',5,(#820,#821,#822,#823,#824,#825,#826,#827,#828,#829,#830,#831,#832,#833,#834),.UNSPECIFIED.,.F.,.U.,(6,3,3,3,6),(0.,0.535310808656,1.07113203851,1.60696469307,1.77681252593),.UNSPECIFIED.) ;
#845=B_SPLINE_CURVE_WITH_KNOTS('',5,(#846,#847,#848,#849,#850,#851,#852,#853,#854,#855,#856,#857,#858,#859,#860),.UNSPECIFIED.,.F.,.U.,(6,3,3,3,6),(0.,0.535310808637,1.07113203852,1.60696469306,1.77681252596),.UNSPECIFIED.) ;
#869=B_SPLINE_CURVE_WITH_KNOTS('',5,(#870,#871,#872,#873,#874,#875,#876,#877,#878,#879,#880,#881,#882,#883,#884),.UNSPECIFIED.,.F.,.U.,(6,3,3,3,6),(0.,0.669138514646,1.33891503491,2.00870583673,2.22101562768),.UNSPECIFIED.) ;
#920=B_SPLINE_CURVE_WITH_KNOTS('',4,(#921,#922,#923,#924,#925),.UNSPECIFIED.,.F.,.U.,(5,5),(2.87671844483,4.7939077464),.UNSPECIFIED.) ;
#970=B_SPLINE_CURVE_WITH_KNOTS('',4,(#971,#972,#973,#974,#975),.UNSPECIFIED.,.F.,.U.,(5,5),(0.,2.22101562769),.UNSPECIFIED.) ;
#986=B_SPLINE_CURVE_WITH_KNOTS('',4,(#987,#988,#989,#990,#991),.UNSPECIFIED.,.F.,.U.,(5,5),(2.87671844483,4.79390774641),.UNSPECIFIED.) ;
#1000=B_SPLINE_CURVE_WITH_KNOTS('',5,(#1001,#1002,#1003,#1004,#1005,#1006,#1007,#1008,#1009,#1010,#1011,#1012,#1013,#1014,#1015),.UNSPECIFIED.,.F.,.U.,(6,3,3,3,6),(0.,0.669138514661,1.33891503493,2.00870583674,2.22101562769),.UNSPECIFIED.) ;
#1040=B_SPLINE_CURVE_WITH_KNOTS('',5,(#1041,#1042,#1043,#1044,#1045,#1046,#1047,#1048,#1049,#1050,#1051,#1052,#1053,#1054,#1055),.UNSPECIFIED.,.F.,.U.,(6,3,3,3,6),(0.,0.535310808642,1.07113203851,1.60696469308,1.77681252598),.UNSPECIFIED.) ;
#1066=B_SPLINE_CURVE_WITH_KNOTS('',5,(#1067,#1068,#1069,#1070,#1071,#1072,#1073,#1074,#1075,#1076,#1077,#1078,#1079,#1080,#1081),.UNSPECIFIED.,.F.,.U.,(6,3,3,3,6),(0.,0.53531082576,1.07113205562,1.60696471018,1.7768125431),.UNSPECIFIED.) ;
#1124=B_SPLINE_CURVE_WITH_KNOTS('',4,(#1125,#1126,#1127,#1128,#1129),.UNSPECIFIED.,.F.,.U.,(5,5),(0.,1.75784521056),.UNSPECIFIED.) ;
#1135=B_SPLINE_CURVE_WITH_KNOTS('',1,(#1136,#1137),.UNSPECIFIED.,.F.,.U.,(2,2),(-1.15087604651,0.364239183909),.UNSPECIFIED.) ;
#1139=B_SPLINE_CURVE_WITH_KNOTS('',1,(#1140,#1141),.UNSPECIFIED.,.F.,.U.,(2,2),(-13.0911649953,-10.7894129023),.UNSPECIFIED.) ;
#1187=B_SPLINE_CURVE_WITH_KNOTS('',1,(#1188,#1189),.UNSPECIFIED.,.F.,.U.,(2,2),(-0.396515943359,0.511418969181),.UNSPECIFIED.) ;
#1193=B_SPLINE_CURVE_WITH_KNOTS('',1,(#1194,#1195),.UNSPECIFIED.,.F.,.U.,(2,2),(0.223022491253,1.17691512665),.UNSPECIFIED.) ;
#1279=B_SPLINE_CURVE_WITH_KNOTS('',1,(#1280,#1281),.UNSPECIFIED.,.F.,.U.,(2,2),(-10.0563263601,-0.353371421097),.UNSPECIFIED.) ;
#1292=B_SPLINE_CURVE_WITH_KNOTS('',1,(#1293,#1294),.UNSPECIFIED.,.F.,.U.,(2,2),(-0.364072799923,8.55260461122),.UNSPECIFIED.) ;
#1310=B_SPLINE_CURVE_WITH_KNOTS('',1,(#1311,#1312),.UNSPECIFIED.,.F.,.U.,(2,2),(-0.757211563874,8.15946584727),.UNSPECIFIED.) ;
#1323=B_SPLINE_CURVE_WITH_KNOTS('',1,(#1324,#1325),.UNSPECIFIED.,.F.,.U.,(2,2),(-10.0563263601,-0.353371421097),.UNSPECIFIED.) ;
#1372=B_SPLINE_CURVE_WITH_KNOTS('',3,(#1373,#1374,#1375,#1376),.UNSPECIFIED.,.F.,.U.,(4,4),(1.49491713402,1.64674179052),.UNSPECIFIED.) ;
#1389=B_SPLINE_CURVE_WITH_KNOTS('',5,(#1390,#1391,#1392,#1393,#1394,#1395,#1396,#1397,#1398,#1399,#1400,#1401,#1402,#1403,#1404,#1405,#1406,#1407),.UNSPECIFIED.,.F.,.U.,(6,3,3,3,3,6),(0.,0.133485381612,0.267168370747,0.400845886746,0.534525449839,0.664972002464),.UNSPECIFIED.) ;
#1411=B_SPLINE_CURVE_WITH_KNOTS('',5,(#1412,#1413,#1414,#1415,#1416,#1417,#1418,#1419,#1420,#1421,#1422,#1423,#1424,#1425,#1426,#1427,#1428,#1429),.UNSPECIFIED.,.F.,.U.,(6,3,3,3,3,6),(0.,0.133485381462,0.267168370597,0.400845886596,0.534525449688,0.664972002423),.UNSPECIFIED.) ;
#1466=B_SPLINE_CURVE_WITH_KNOTS('',5,(#1467,#1468,#1469,#1470,#1471,#1472,#1473,#1474,#1475,#1476,#1477,#1478,#1479,#1480,#1481,#1482,#1483,#1484),.UNSPECIFIED.,.F.,.U.,(6,3,3,3,3,6),(0.,0.133485381458,0.267168370593,0.400845886592,0.534525449684,0.664972002442),.UNSPECIFIED.) ;
#1495=B_SPLINE_CURVE_WITH_KNOTS('',5,(#1496,#1497,#1498,#1499,#1500,#1501,#1502,#1503,#1504,#1505,#1506,#1507,#1508,#1509,#1510,#1511,#1512,#1513),.UNSPECIFIED.,.F.,.U.,(6,3,3,3,3,6),(0.,0.133485381616,0.267168370751,0.40084588675,0.534525449843,0.664972002527),.UNSPECIFIED.) ;
#1555=B_SPLINE_CURVE_WITH_KNOTS('',3,(#1556,#1557,#1558,#1559),.UNSPECIFIED.,.F.,.U.,(4,4),(0.238246151221,0.390070807716),.UNSPECIFIED.) ;
#1666=B_SPLINE_CURVE_WITH_KNOTS('',5,(#1667,#1668,#1669,#1670,#1671,#1672,#1673,#1674,#1675,#1676,#1677,#1678,#1679,#1680,#1681),.UNSPECIFIED.,.F.,.U.,(6,3,3,3,6),(0.,0.535310821213,1.07113205108,1.60696470563,1.77681253895),.UNSPECIFIED.) ;
#1692=B_SPLINE_CURVE_WITH_KNOTS('',5,(#1693,#1694,#1695,#1696,#1697,#1698,#1699,#1700,#1701,#1702,#1703,#1704,#1705,#1706,#1707),.UNSPECIFIED.,.F.,.U.,(6,3,3,3,6),(0.,0.535310825764,1.07113205564,1.6069647102,1.77681254306),.UNSPECIFIED.) ;
#1729=B_SPLINE_CURVE_WITH_KNOTS('',1,(#1730,#1731),.UNSPECIFIED.,.F.,.U.,(2,2),(-0.364072799923,1.15035032782),.UNSPECIFIED.) ;
#1783=B_SPLINE_CURVE_WITH_KNOTS('',4,(#1784,#1785,#1786,#1787,#1788),.UNSPECIFIED.,.F.,.U.,(5,5),(2.87671844483,4.79390774641),.UNSPECIFIED.) ;
#1802=B_SPLINE_CURVE_WITH_KNOTS('',1,(#1803,#1804),.UNSPECIFIED.,.F.,.U.,(2,2),(-2.28189492931,-0.541557917934),.UNSPECIFIED.) ;
#1817=B_SPLINE_CURVE_WITH_KNOTS('',1,(#1818,#1819),.UNSPECIFIED.,.F.,.U.,(2,2),(-1.1508760465,1.1508760465),.UNSPECIFIED.) ;
#1828=B_SPLINE_CURVE_WITH_KNOTS('',1,(#1829,#1830),.UNSPECIFIED.,.F.,.U.,(2,2),(-2.70605982571,3.00091389867),.UNSPECIFIED.) ;
#1832=B_SPLINE_CURVE_WITH_KNOTS('',1,(#1833,#1834),.UNSPECIFIED.,.F.,.U.,(2,2),(-1.1508760465,1.1508760465),.UNSPECIFIED.) ;
#1845=B_SPLINE_CURVE_WITH_KNOTS('',1,(#1846,#1847),.UNSPECIFIED.,.F.,.U.,(2,2),(-2.28189492906,-0.541557914824),.UNSPECIFIED.) ;
#1851=B_SPLINE_CURVE_WITH_KNOTS('',5,(#1852,#1853,#1854,#1855,#1856,#1857,#1858,#1859,#1860,#1861,#1862,#1863,#1864,#1865,#1866),.UNSPECIFIED.,.F.,.U.,(6,3,3,3,6),(0.,0.404311199272,0.7541813988,0.934149002641,1.04761174303),.UNSPECIFIED.) ;
#1870=B_SPLINE_CURVE_WITH_KNOTS('',1,(#1871,#1872),.UNSPECIFIED.,.F.,.U.,(2,2),(-19.0364988134,-14.7135011858),.UNSPECIFIED.) ;
#1876=B_SPLINE_CURVE_WITH_KNOTS('',5,(#1877,#1878,#1879,#1880,#1881,#1882,#1883,#1884,#1885,#1886,#1887,#1888,#1889,#1890,#1891),.UNSPECIFIED.,.F.,.U.,(6,3,3,3,6),(0.,0.404311173038,0.754181372544,0.934148976363,1.04761171545),.UNSPECIFIED.) ;
#1895=B_SPLINE_CURVE_WITH_KNOTS('',1,(#1896,#1897),.UNSPECIFIED.,.F.,.U.,(2,2),(-2.28189492908,-0.541557914716),.UNSPECIFIED.) ;
#1908=B_SPLINE_CURVE_WITH_KNOTS('',1,(#1909,#1910),.UNSPECIFIED.,.F.,.U.,(2,2),(-1.1508760465,1.1508760465),.UNSPECIFIED.) ;
#1921=B_SPLINE_CURVE_WITH_KNOTS('',1,(#1922,#1923),.UNSPECIFIED.,.F.,.U.,(2,2),(-1.1508760465,1.1508760465),.UNSPECIFIED.) ;
#1934=B_SPLINE_CURVE_WITH_KNOTS('',1,(#1935,#1936),.UNSPECIFIED.,.F.,.U.,(2,2),(-2.2818949293,-0.541557917932),.UNSPECIFIED.) ;
#1940=B_SPLINE_CURVE_WITH_KNOTS('',5,(#1941,#1942,#1943,#1944,#1945,#1946,#1947,#1948,#1949,#1950,#1951,#1952,#1953,#1954,#1955),.UNSPECIFIED.,.F.,.U.,(6,3,3,3,6),(0.,0.404311185899,0.754181386468,0.934148991132,1.04761173351),.UNSPECIFIED.) ;
#1959=B_SPLINE_CURVE_WITH_KNOTS('',1,(#1960,#1961),.UNSPECIFIED.,.F.,.U.,(2,2),(-10.7864988138,-6.4635011871),.UNSPECIFIED.) ;
#1965=B_SPLINE_CURVE_WITH_KNOTS('',5,(#1966,#1967,#1968,#1969,#1970,#1971,#1972,#1973,#1974,#1975,#1976,#1977,#1978,#1979,#1980),.UNSPECIFIED.,.F.,.U.,(6,3,3,3,6),(0.,0.404311168778,0.754181369114,0.934148973593,1.04761171546),.UNSPECIFIED.) ;
#2009=B_SPLINE_CURVE_WITH_KNOTS('',1,(#2010,#2011),.UNSPECIFIED.,.F.,.U.,(2,2),(-1.15087604651,0.364239183909),.UNSPECIFIED.) ;
#2015=B_SPLINE_CURVE_WITH_KNOTS('',1,(#2016,#2017),.UNSPECIFIED.,.F.,.U.,(2,2),(0.52109346868,2.8232736024),.UNSPECIFIED.) ;
#2021=B_SPLINE_CURVE_WITH_KNOTS('',1,(#2022,#2023),.UNSPECIFIED.,.F.,.U.,(2,2),(-13.0911649953,-10.7894129023),.UNSPECIFIED.) ;
#2025=B_SPLINE_CURVE_WITH_KNOTS('',4,(#2026,#2027,#2028,#2029,#2030),.UNSPECIFIED.,.F.,.U.,(5,5),(0.,1.75784521066),.UNSPECIFIED.) ;
#2048=B_SPLINE_CURVE_WITH_KNOTS('',1,(#2049,#2050),.UNSPECIFIED.,.F.,.U.,(2,2),(-1.16105170664,0.353371421106),.UNSPECIFIED.) ;
#2102=B_SPLINE_CURVE_WITH_KNOTS('',1,(#2103,#2104),.UNSPECIFIED.,.F.,.U.,(2,2),(-0.364072799923,1.15035032782),.UNSPECIFIED.) ;
#2184=B_SPLINE_CURVE_WITH_KNOTS('',4,(#2185,#2186,#2187,#2188,#2189),.UNSPECIFIED.,.F.,.U.,(5,5),(0.,0.3),.UNSPECIFIED.) ;
#2193=B_SPLINE_CURVE_WITH_KNOTS('',5,(#2194,#2195,#2196,#2197,#2198,#2199,#2200,#2201,#2202,#2203,#2204,#2205),.UNSPECIFIED.,.F.,.U.,(6,3,3,6),(2.87671844483,3.68627482542,4.4968860297,4.7939077464),.UNSPECIFIED.) ;
#2251=B_SPLINE_CURVE_WITH_KNOTS('',4,(#2252,#2253,#2254,#2255,#2256),.UNSPECIFIED.,.F.,.U.,(5,5),(0.,0.3),.UNSPECIFIED.) ;
#2260=B_SPLINE_CURVE_WITH_KNOTS('',5,(#2261,#2262,#2263,#2264,#2265,#2266,#2267,#2268,#2269,#2270,#2271,#2272),.UNSPECIFIED.,.F.,.U.,(6,3,3,6),(2.87671844483,3.68627482542,4.49688602971,4.79390774641),.UNSPECIFIED.) ;
#2293=B_SPLINE_CURVE_WITH_KNOTS('',5,(#2294,#2295,#2296,#2297,#2298,#2299,#2300,#2301,#2302,#2303,#2304,#2305),.UNSPECIFIED.,.F.,.U.,(6,3,3,6),(2.87671844483,3.68627482542,4.49688602971,4.79390774641),.UNSPECIFIED.) ;
#2316=B_SPLINE_CURVE_WITH_KNOTS('',5,(#2317,#2318,#2319,#2320,#2321,#2322,#2323,#2324,#2325,#2326,#2327,#2328),.UNSPECIFIED.,.F.,.U.,(6,3,3,6),(2.87671844483,3.68627482541,4.49688602969,4.79390774641),.UNSPECIFIED.) ;
#2675=B_SPLINE_CURVE_WITH_KNOTS('',1,(#2676,#2677),.UNSPECIFIED.,.F.,.U.,(2,2),(-2.70605982571,3.00091389867),.UNSPECIFIED.) ;
#2698=B_SPLINE_CURVE_WITH_KNOTS('',4,(#2699,#2700,#2701,#2702,#2703),.UNSPECIFIED.,.F.,.U.,(5,5),(2.87671844483,4.79390774641),.UNSPECIFIED.) ;
#2724=B_SPLINE_CURVE_WITH_KNOTS('',1,(#2725,#2726),.UNSPECIFIED.,.F.,.U.,(2,2),(-0.353371421106,1.16105170664),.UNSPECIFIED.) ;
#2764=B_SPLINE_CURVE_WITH_KNOTS('',1,(#2765,#2766),.UNSPECIFIED.,.F.,.U.,(2,2),(-0.353371421106,1.16105170664),.UNSPECIFIED.) ;
#2818=B_SPLINE_CURVE_WITH_KNOTS('',1,(#2819,#2820),.UNSPECIFIED.,.F.,.U.,(2,2),(-1.15087604648,0.364239183899),.UNSPECIFIED.) ;
#2829=B_SPLINE_CURVE_WITH_KNOTS('',4,(#2830,#2831,#2832,#2833,#2834),.UNSPECIFIED.,.F.,.U.,(5,5),(0.,1.75784521069),.UNSPECIFIED.) ;
#2852=B_SPLINE_CURVE_WITH_KNOTS('',1,(#2853,#2854),.UNSPECIFIED.,.F.,.U.,(2,2),(-1.1508760465,1.1508760465),.UNSPECIFIED.) ;
#2858=B_SPLINE_CURVE_WITH_KNOTS('',1,(#2859,#2860),.UNSPECIFIED.,.F.,.U.,(2,2),(0.52109346868,2.8232736024),.UNSPECIFIED.) ;
#2892=B_SPLINE_CURVE_WITH_KNOTS('',5,(#2893,#2894,#2895,#2896,#2897,#2898,#2899,#2900,#2901,#2902,#2903,#2904,#2905,#2906,#2907),.UNSPECIFIED.,.F.,.U.,(6,3,3,3,6),(0.,0.535310821211,1.07113205109,1.60696470565,1.77681253897),.UNSPECIFIED.) ;
#2918=B_SPLINE_CURVE_WITH_KNOTS('',5,(#2919,#2920,#2921,#2922,#2923,#2924,#2925,#2926,#2927,#2928,#2929,#2930,#2931,#2932,#2933),.UNSPECIFIED.,.F.,.U.,(6,3,3,3,6),(0.,0.535310825772,1.07113205564,1.60696471019,1.77681254305),.UNSPECIFIED.) ;
#3003=B_SPLINE_CURVE_WITH_KNOTS('',3,(#3004,#3005,#3006,#3007),.UNSPECIFIED.,.F.,.U.,(4,4),(0.238246151221,0.390070807716),.UNSPECIFIED.) ;
#3082=B_SPLINE_CURVE_WITH_KNOTS('',3,(#3083,#3084,#3085,#3086),.UNSPECIFIED.,.F.,.U.,(4,4),(0.,0.0194016020817),.UNSPECIFIED.) ;
#3090=B_SPLINE_CURVE_WITH_KNOTS('',5,(#3091,#3092,#3093,#3094,#3095,#3096,#3097,#3098,#3099),.UNSPECIFIED.,.F.,.U.,(6,3,6),(0.,0.743875610766,2.12818886728),.UNSPECIFIED.) ;
#3200=B_SPLINE_CURVE_WITH_KNOTS('',5,(#3201,#3202,#3203,#3204,#3205,#3206,#3207,#3208,#3209),.UNSPECIFIED.,.F.,.U.,(6,3,6),(0.,0.541916413208,2.12645335499),.UNSPECIFIED.) ;
#3237=B_SPLINE_CURVE_WITH_KNOTS('',3,(#3238,#3239,#3240,#3241),.UNSPECIFIED.,.F.,.U.,(4,4),(0.,0.0194044547607),.UNSPECIFIED.) ;
#3287=B_SPLINE_CURVE_WITH_KNOTS('',1,(#3288,#3289),.UNSPECIFIED.,.F.,.U.,(2,2),(-0.757211563874,8.15946584727),.UNSPECIFIED.) ;
#3300=B_SPLINE_CURVE_WITH_KNOTS('',1,(#3301,#3302),.UNSPECIFIED.,.F.,.U.,(2,2),(-1.16086862211,4.32243473358),.UNSPECIFIED.) ;
#3306=B_SPLINE_CURVE_WITH_KNOTS('',5,(#3307,#3308,#3309,#3310,#3311,#3312,#3313,#3314,#3315,#3316,#3317,#3318),.UNSPECIFIED.,.F.,.U.,(6,3,3,6),(7.50219357709,10.4042170247,15.1304229699,21.8541369139),.UNSPECIFIED.) ;
#3322=B_SPLINE_CURVE_WITH_KNOTS('',1,(#3323,#3324),.UNSPECIFIED.,.F.,.U.,(2,2),(-1.1608686221,4.32243473359),.UNSPECIFIED.) ;
#3387=B_SPLINE_CURVE_WITH_KNOTS('',1,(#3388,#3389),.UNSPECIFIED.,.F.,.U.,(2,2),(-13.0911649953,-10.7894129023),.UNSPECIFIED.) ;
#3400=B_SPLINE_CURVE_WITH_KNOTS('',1,(#3401,#3402),.UNSPECIFIED.,.F.,.U.,(2,2),(-1.15087604648,1.15087604648),.UNSPECIFIED.) ;
#3418=B_SPLINE_CURVE_WITH_KNOTS('',1,(#3419,#3420),.UNSPECIFIED.,.F.,.U.,(2,2),(-0.364072799923,8.55260461122),.UNSPECIFIED.) ;
#3431=B_SPLINE_CURVE_WITH_KNOTS('',1,(#3432,#3433),.UNSPECIFIED.,.F.,.U.,(2,2),(-10.0563263601,-0.353371421097),.UNSPECIFIED.) ;
#3444=B_SPLINE_CURVE_WITH_KNOTS('',1,(#3445,#3446),.UNSPECIFIED.,.F.,.U.,(2,2),(-10.0563263601,-0.353371421097),.UNSPECIFIED.) ;
#3556=B_SPLINE_CURVE_WITH_KNOTS('',4,(#3557,#3558,#3559,#3560,#3561),.UNSPECIFIED.,.F.,.U.,(5,5),(0.,0.3),.UNSPECIFIED.) ;
#3563=B_SPLINE_CURVE_WITH_KNOTS('',4,(#3564,#3565,#3566,#3567,#3568),.UNSPECIFIED.,.F.,.U.,(5,5),(0.,0.3),.UNSPECIFIED.) ;
#3675=B_SPLINE_CURVE_WITH_KNOTS('',1,(#3676,#3677),.UNSPECIFIED.,.F.,.U.,(2,2),(0.223022493885,1.17691512662),.UNSPECIFIED.) ;
#3712=B_SPLINE_CURVE_WITH_KNOTS('',4,(#3713,#3714,#3715,#3716,#3717),.UNSPECIFIED.,.F.,.U.,(5,5),(0.,1.75784521067),.UNSPECIFIED.) ;
#3742=B_SPLINE_CURVE_WITH_KNOTS('',1,(#3743,#3744),.UNSPECIFIED.,.F.,.U.,(2,2),(-1.15087604651,0.364239183909),.UNSPECIFIED.) ;
#3776=B_SPLINE_CURVE_WITH_KNOTS('',1,(#3777,#3778),.UNSPECIFIED.,.F.,.U.,(2,2),(-1.15087604651,0.364239183909),.UNSPECIFIED.) ;
#3782=B_SPLINE_CURVE_WITH_KNOTS('',1,(#3783,#3784),.UNSPECIFIED.,.F.,.U.,(2,2),(-1.15109006686,1.15109006686),.UNSPECIFIED.) ;
#3800=B_SPLINE_CURVE_WITH_KNOTS('',4,(#3801,#3802,#3803,#3804,#3805),.UNSPECIFIED.,.F.,.U.,(5,5),(0.,1.75784521067),.UNSPECIFIED.) ;
#3838=B_SPLINE_CURVE_WITH_KNOTS('',1,(#3839,#3840),.UNSPECIFIED.,.F.,.U.,(2,2),(-0.396515946792,0.511418966739),.UNSPECIFIED.) ;
#3844=B_SPLINE_CURVE_WITH_KNOTS('',1,(#3845,#3846),.UNSPECIFIED.,.F.,.U.,(2,2),(0.223022494386,1.17691512712),.UNSPECIFIED.) ;
#3956=B_SPLINE_CURVE_WITH_KNOTS('',1,(#3957,#3958),.UNSPECIFIED.,.F.,.U.,(2,2),(0.223022494308,1.17691512704),.UNSPECIFIED.) ;
#3990=B_SPLINE_CURVE_WITH_KNOTS('',1,(#3991,#3992),.UNSPECIFIED.,.F.,.U.,(2,2),(0.223022494094,1.17691512683),.UNSPECIFIED.) ;
#4114=B_SPLINE_CURVE_WITH_KNOTS('',1,(#4115,#4116),.UNSPECIFIED.,.F.,.U.,(2,2),(-11.8415017249,-1.19069067069),.UNSPECIFIED.) ;
#4127=B_SPLINE_CURVE_WITH_KNOTS('',1,(#4128,#4129),.UNSPECIFIED.,.F.,.U.,(2,2),(-3.87529510187,3.87529510187),.UNSPECIFIED.) ;
#4131=B_SPLINE_CURVE_WITH_KNOTS('',1,(#4132,#4133),.UNSPECIFIED.,.F.,.U.,(2,2),(-1.32601333454,1.32601333454),.UNSPECIFIED.) ;
#4137=B_SPLINE_CURVE_WITH_KNOTS('',1,(#4138,#4139),.UNSPECIFIED.,.F.,.U.,(2,2),(-1.25009519415,1.25009519415),.UNSPECIFIED.) ;
#4150=B_SPLINE_CURVE_WITH_KNOTS('',1,(#4151,#4152),.UNSPECIFIED.,.F.,.U.,(2,2),(-1.25009519415,1.25009519415),.UNSPECIFIED.) ;
#4156=B_SPLINE_CURVE_WITH_KNOTS('',1,(#4157,#4158),.UNSPECIFIED.,.F.,.U.,(2,2),(-1.32601333454,1.32601333454),.UNSPECIFIED.) ;
#4160=B_SPLINE_CURVE_WITH_KNOTS('',1,(#4161,#4162),.UNSPECIFIED.,.F.,.U.,(2,2),(-3.87529510187,3.87529510187),.UNSPECIFIED.) ;
#4173=B_SPLINE_CURVE_WITH_KNOTS('',1,(#4174,#4175),.UNSPECIFIED.,.F.,.U.,(2,2),(-17.6513441414,0.400030462131),.UNSPECIFIED.) ;
#4186=B_SPLINE_CURVE_WITH_KNOTS('',3,(#4187,#4188,#4189,#4190),.UNSPECIFIED.,.F.,.U.,(4,4),(0.,1.13167393194),.UNSPECIFIED.) ;
#4201=B_SPLINE_CURVE_WITH_KNOTS('',1,(#4202,#4203),.UNSPECIFIED.,.F.,.U.,(2,2),(4.70842253296,5.13269467939),.UNSPECIFIED.) ;
#4221=B_SPLINE_CURVE_WITH_KNOTS('',1,(#4222,#4223),.UNSPECIFIED.,.F.,.U.,(2,2),(-7.77559210763,7.77559210763),.UNSPECIFIED.) ;
#4234=B_SPLINE_CURVE_WITH_KNOTS('',1,(#4235,#4236),.UNSPECIFIED.,.F.,.U.,(2,2),(-12.9921893499,-1.69132879479),.UNSPECIFIED.) ;
#4247=B_SPLINE_CURVE_WITH_KNOTS('',1,(#4248,#4249),.UNSPECIFIED.,.F.,.U.,(2,2),(-1.57511994463,1.57511994463),.UNSPECIFIED.) ;
#4284=B_SPLINE_CURVE_WITH_KNOTS('',1,(#4285,#4286),.UNSPECIFIED.,.F.,.U.,(2,2),(-4.7115587831,3.03903142064),.UNSPECIFIED.) ;
#4307=B_SPLINE_CURVE_WITH_KNOTS('',1,(#4308,#4309),.UNSPECIFIED.,.F.,.U.,(2,2),(-5.54662237276,2.20396783099),.UNSPECIFIED.) ;
#4330=B_SPLINE_CURVE_WITH_KNOTS('',1,(#4331,#4332),.UNSPECIFIED.,.F.,.U.,(2,2),(-9.72194032122,-1.37130442429),.UNSPECIFIED.) ;
#4343=B_SPLINE_CURVE_WITH_KNOTS('',1,(#4344,#4345),.UNSPECIFIED.,.F.,.U.,(2,2),(-5.93963292039,5.93963292039),.UNSPECIFIED.) ;
#4349=B_SPLINE_CURVE_WITH_KNOTS('',5,(#4350,#4351,#4352,#4353,#4354,#4355,#4356,#4357,#4358,#4359,#4360,#4361),.UNSPECIFIED.,.F.,.U.,(6,3,3,6),(0.,5.03453526119,7.55300172017,14.359213007),.UNSPECIFIED.) ;
#4365=B_SPLINE_CURVE_WITH_KNOTS('',1,(#4366,#4367),.UNSPECIFIED.,.F.,.U.,(2,2),(-5.9396329204,5.9396329204),.UNSPECIFIED.) ;
#4369=B_SPLINE_CURVE_WITH_KNOTS('',1,(#4370,#4371),.UNSPECIFIED.,.F.,.U.,(2,2),(-5.54662237275,2.20396783099),.UNSPECIFIED.) ;
#4382=B_SPLINE_CURVE_WITH_KNOTS('',1,(#4383,#4384),.UNSPECIFIED.,.F.,.U.,(2,2),(-9.72194032122,-1.37130442429),.UNSPECIFIED.) ;
#4461=B_SPLINE_CURVE_WITH_KNOTS('',1,(#4462,#4463),.UNSPECIFIED.,.F.,.U.,(2,2),(-7.17174612517,4.67915631539),.UNSPECIFIED.) ;
#4484=B_SPLINE_CURVE_WITH_KNOTS('',1,(#4485,#4486),.UNSPECIFIED.,.F.,.U.,(2,2),(-7.17584406559,4.68182998837),.UNSPECIFIED.) ;
#4507=B_SPLINE_CURVE_WITH_KNOTS('',1,(#4508,#4509),.UNSPECIFIED.,.F.,.U.,(2,2),(-7.17584406558,4.68182998837),.UNSPECIFIED.) ;
#4520=B_SPLINE_CURVE_WITH_KNOTS('',1,(#4521,#4522),.UNSPECIFIED.,.F.,.U.,(2,2),(-1.57691947998,-1.46685208759),.UNSPECIFIED.) ;
#4526=B_SPLINE_CURVE_WITH_KNOTS('',5,(#4527,#4528,#4529,#4530,#4531,#4532),.UNSPECIFIED.,.F.,.U.,(6,6),(0.,6.8439801916),.UNSPECIFIED.) ;
#4536=B_SPLINE_CURVE_WITH_KNOTS('',5,(#4537,#4538,#4539,#4540,#4541,#4542),.UNSPECIFIED.,.F.,.U.,(6,6),(0.,6.8440209674),.UNSPECIFIED.) ;
#4546=B_SPLINE_CURVE_WITH_KNOTS('',1,(#4547,#4548),.UNSPECIFIED.,.F.,.U.,(2,2),(-1.57691942195,-1.46685203361),.UNSPECIFIED.) ;
#4574=B_SPLINE_CURVE_WITH_KNOTS('',1,(#4575,#4576),.UNSPECIFIED.,.F.,.U.,(2,2),(-7.17174612516,4.67915631539),.UNSPECIFIED.) ;
#4597=B_SPLINE_CURVE_WITH_KNOTS('',1,(#4598,#4599),.UNSPECIFIED.,.F.,.U.,(2,2),(-5.92545122028,5.92545122028),.UNSPECIFIED.) ;
#4661=B_SPLINE_CURVE_WITH_KNOTS('',1,(#4662,#4663),.UNSPECIFIED.,.F.,.U.,(2,2),(-4.7115587831,3.03903142064),.UNSPECIFIED.) ;
#4684=B_SPLINE_CURVE_WITH_KNOTS('',1,(#4685,#4686),.UNSPECIFIED.,.F.,.U.,(2,2),(-3.87529510187,3.87529510187),.UNSPECIFIED.) ;
#4707=B_SPLINE_CURVE_WITH_KNOTS('',1,(#4708,#4709),.UNSPECIFIED.,.F.,.U.,(2,2),(-13.3166140557,-10.1663741664),.UNSPECIFIED.) ;
#4722=B_SPLINE_CURVE_WITH_KNOTS('',1,(#4723,#4724),.UNSPECIFIED.,.F.,.U.,(2,2),(-12.9921893495,-1.69132879439),.UNSPECIFIED.) ;
#4735=B_SPLINE_CURVE_WITH_KNOTS('',1,(#4736,#4737),.UNSPECIFIED.,.F.,.U.,(2,2),(-15.5417834996,0.00940071569321),.UNSPECIFIED.) ;
#4755=B_SPLINE_CURVE_WITH_KNOTS('',1,(#4756,#4757),.UNSPECIFIED.,.F.,.U.,(2,2),(4.70842253304,5.13269467947),.UNSPECIFIED.) ;
#4768=B_SPLINE_CURVE_WITH_KNOTS('',3,(#4769,#4770,#4771,#4772),.UNSPECIFIED.,.F.,.U.,(4,4),(0.,1.13167393193),.UNSPECIFIED.) ;
#4783=B_SPLINE_CURVE_WITH_KNOTS('',1,(#4784,#4785),.UNSPECIFIED.,.F.,.U.,(2,2),(-17.6513441414,0.40003046213),.UNSPECIFIED.) ;
#4794=B_SPLINE_CURVE_WITH_KNOTS('',1,(#4795,#4796),.UNSPECIFIED.,.F.,.U.,(2,2),(-1.32601333454,1.32601333454),.UNSPECIFIED.) ;
#4800=B_SPLINE_CURVE_WITH_KNOTS('',1,(#4801,#4802),.UNSPECIFIED.,.F.,.U.,(2,2),(-1.25009519415,1.25009519415),.UNSPECIFIED.) ;
#4813=B_SPLINE_CURVE_WITH_KNOTS('',1,(#4814,#4815),.UNSPECIFIED.,.F.,.U.,(2,2),(-1.25009519415,1.25009519415),.UNSPECIFIED.) ;
#4819=B_SPLINE_CURVE_WITH_KNOTS('',1,(#4820,#4821),.UNSPECIFIED.,.F.,.U.,(2,2),(-1.32601333454,1.32601333454),.UNSPECIFIED.) ;
#4823=B_SPLINE_CURVE_WITH_KNOTS('',1,(#4824,#4825),.UNSPECIFIED.,.F.,.U.,(2,2),(-3.87529510187,3.87529510187),.UNSPECIFIED.) ;
#4836=B_SPLINE_CURVE_WITH_KNOTS('',1,(#4837,#4838),.UNSPECIFIED.,.F.,.U.,(2,2),(-11.8415017249,-1.19069067069),.UNSPECIFIED.) ;
#4913=B_SPLINE_CURVE_WITH_KNOTS('',1,(#4914,#4915),.UNSPECIFIED.,.F.,.U.,(2,2),(-3.09320185971,-0.591582860984),.UNSPECIFIED.) ;
#4919=B_SPLINE_CURVE_WITH_KNOTS('',1,(#4920,#4921),.UNSPECIFIED.,.F.,.U.,(2,2),(-1.91587902086,0.737548908073),.UNSPECIFIED.) ;
#4925=B_SPLINE_CURVE_WITH_KNOTS('',1,(#4926,#4927),.UNSPECIFIED.,.F.,.U.,(2,2),(-3.0932018597,-0.591582860983),.UNSPECIFIED.) ;
#4976=B_SPLINE_CURVE_WITH_KNOTS('',1,(#4977,#4978),.UNSPECIFIED.,.F.,.U.,(2,2),(-4.7115587831,3.03903142064),.UNSPECIFIED.) ;
#4999=B_SPLINE_CURVE_WITH_KNOTS('',1,(#5000,#5001),.UNSPECIFIED.,.F.,.U.,(2,2),(-5.54662237275,2.20396783099),.UNSPECIFIED.) ;
#5031=B_SPLINE_CURVE_WITH_KNOTS('',1,(#5032,#5033),.UNSPECIFIED.,.F.,.U.,(2,2),(-9.72194032122,-1.37130442429),.UNSPECIFIED.) ;
#5042=B_SPLINE_CURVE_WITH_KNOTS('',1,(#5043,#5044),.UNSPECIFIED.,.F.,.U.,(2,2),(-5.9396329204,5.9396329204),.UNSPECIFIED.) ;
#5048=B_SPLINE_CURVE_WITH_KNOTS('',5,(#5049,#5050,#5051,#5052,#5053,#5054,#5055,#5056,#5057,#5058,#5059,#5060),.UNSPECIFIED.,.F.,.U.,(6,3,3,6),(0.,5.03453526117,7.55300172012,14.359213007),.UNSPECIFIED.) ;
#5064=B_SPLINE_CURVE_WITH_KNOTS('',1,(#5065,#5066),.UNSPECIFIED.,.F.,.U.,(2,2),(-5.93963292039,5.93963292039),.UNSPECIFIED.) ;
#5068=B_SPLINE_CURVE_WITH_KNOTS('',1,(#5069,#5070),.UNSPECIFIED.,.F.,.U.,(2,2),(-5.54662237276,2.20396783099),.UNSPECIFIED.) ;
#5081=B_SPLINE_CURVE_WITH_KNOTS('',1,(#5082,#5083),.UNSPECIFIED.,.F.,.U.,(2,2),(-9.72194032122,-1.37130442429),.UNSPECIFIED.) ;
#5155=B_SPLINE_CURVE_WITH_KNOTS('',1,(#5156,#5157),.UNSPECIFIED.,.F.,.U.,(2,2),(-7.17174612517,4.67915631539),.UNSPECIFIED.) ;
#5171=B_SPLINE_CURVE_WITH_KNOTS('',1,(#5172,#5173),.UNSPECIFIED.,.F.,.U.,(2,2),(-7.17584406557,4.68182998836),.UNSPECIFIED.) ;
#5194=B_SPLINE_CURVE_WITH_KNOTS('',1,(#5195,#5196),.UNSPECIFIED.,.F.,.U.,(2,2),(-7.17584406558,4.68182998837),.UNSPECIFIED.) ;
#5207=B_SPLINE_CURVE_WITH_KNOTS('',1,(#5208,#5209),.UNSPECIFIED.,.F.,.U.,(2,2),(-1.57691947998,-1.46685208759),.UNSPECIFIED.) ;
#5213=B_SPLINE_CURVE_WITH_KNOTS('',5,(#5214,#5215,#5216,#5217,#5218,#5219),.UNSPECIFIED.,.F.,.U.,(6,6),(0.,6.84398019156),.UNSPECIFIED.) ;
#5223=B_SPLINE_CURVE_WITH_KNOTS('',5,(#5224,#5225,#5226,#5227,#5228,#5229),.UNSPECIFIED.,.F.,.U.,(6,6),(0.,6.84398018619),.UNSPECIFIED.) ;
#5233=B_SPLINE_CURVE_WITH_KNOTS('',1,(#5234,#5235),.UNSPECIFIED.,.F.,.U.,(2,2),(-1.57691947999,-1.4668520876),.UNSPECIFIED.) ;
#5268=B_SPLINE_CURVE_WITH_KNOTS('',1,(#5269,#5270),.UNSPECIFIED.,.F.,.U.,(2,2),(-7.17174612517,4.67915631539),.UNSPECIFIED.) ;
#5291=B_SPLINE_CURVE_WITH_KNOTS('',1,(#5292,#5293),.UNSPECIFIED.,.F.,.U.,(2,2),(-5.92545122028,5.92545122028),.UNSPECIFIED.) ;
#5343=B_SPLINE_CURVE_WITH_KNOTS('',1,(#5344,#5345),.UNSPECIFIED.,.F.,.U.,(2,2),(-4.7115587831,3.03903142064),.UNSPECIFIED.) ;
#5420=B_SPLINE_CURVE_WITH_KNOTS('',1,(#5421,#5422),.UNSPECIFIED.,.F.,.U.,(2,2),(-3.0932018597,-0.591582860983),.UNSPECIFIED.) ;
#5424=B_SPLINE_CURVE_WITH_KNOTS('',1,(#5425,#5426),.UNSPECIFIED.,.F.,.U.,(2,2),(-1.91587902092,0.737548908096),.UNSPECIFIED.) ;
#5430=B_SPLINE_CURVE_WITH_KNOTS('',1,(#5431,#5432),.UNSPECIFIED.,.F.,.U.,(2,2),(-3.09320185971,-0.591582860984),.UNSPECIFIED.) ;
#5554=B_SPLINE_CURVE_WITH_KNOTS('',1,(#5555,#5556),.UNSPECIFIED.,.F.,.U.,(2,2),(-1.1608686221,4.32243473359),.UNSPECIFIED.) ;
#5562=B_SPLINE_CURVE_WITH_KNOTS('',5,(#5563,#5564,#5565,#5566,#5567,#5568,#5569,#5570,#5571,#5572,#5573,#5574),.UNSPECIFIED.,.F.,.U.,(6,3,3,6),(7.5021935771,10.4042170247,15.1304229699,21.8541369139),.UNSPECIFIED.) ;
#5578=B_SPLINE_CURVE_WITH_KNOTS('',1,(#5579,#5580),.UNSPECIFIED.,.F.,.U.,(2,2),(-1.16086862211,4.32243473358),.UNSPECIFIED.) ;
#5610=B_SPLINE_CURVE_WITH_KNOTS('',4,(#5611,#5612,#5613,#5614,#5615),.UNSPECIFIED.,.F.,.U.,(5,5),(0.886675915911,2.12935246948),.UNSPECIFIED.) ;
#5628=B_SPLINE_CURVE_WITH_KNOTS('',4,(#5629,#5630,#5631,#5632,#5633),.UNSPECIFIED.,.F.,.U.,(5,5),(0.886575223558,2.12925177712),.UNSPECIFIED.) ;
#5804=B_SPLINE_CURVE_WITH_KNOTS('',1,(#5805,#5806),.UNSPECIFIED.,.F.,.U.,(2,2),(-10.0563263601,-1.139648949),.UNSPECIFIED.) ;
#5822=B_SPLINE_CURVE_WITH_KNOTS('',1,(#5823,#5824),.UNSPECIFIED.,.F.,.U.,(2,2),(-1.16086862211,4.32243473359),.UNSPECIFIED.) ;
#5828=B_SPLINE_CURVE_WITH_KNOTS('',5,(#5829,#5830,#5831,#5832,#5833,#5834,#5835,#5836,#5837,#5838,#5839,#5840),.UNSPECIFIED.,.F.,.U.,(6,3,3,6),(7.5021504535,14.2258655015,18.9520707541,21.854093783),.UNSPECIFIED.) ;
#5844=B_SPLINE_CURVE_WITH_KNOTS('',1,(#5845,#5846),.UNSPECIFIED.,.F.,.U.,(2,2),(-4.32243473358,1.16086862211),.UNSPECIFIED.) ;
#5892=B_SPLINE_CURVE_WITH_KNOTS('',5,(#5893,#5894,#5895,#5896,#5897,#5898),.UNSPECIFIED.,.F.,.U.,(6,6),(0.,0.0194016020816),.UNSPECIFIED.) ;
#6138=B_SPLINE_CURVE_WITH_KNOTS('',5,(#6139,#6140,#6141,#6142,#6143,#6144),.UNSPECIFIED.,.F.,.U.,(6,6),(0.,0.0194044547607),.UNSPECIFIED.) ;
#6510=B_SPLINE_CURVE_WITH_KNOTS('',1,(#6511,#6512),.UNSPECIFIED.,.F.,.U.,(2,2),(-10.0563263601,-1.139648949),.UNSPECIFIED.) ;
#6533=B_SPLINE_CURVE_WITH_KNOTS('',4,(#6534,#6535,#6536,#6537,#6538),.UNSPECIFIED.,.F.,.U.,(5,5),(2.23166974927,3.69746982737),.UNSPECIFIED.) ;
#6557=B_SPLINE_CURVE_WITH_KNOTS('',4,(#6558,#6559,#6560,#6561,#6562),.UNSPECIFIED.,.F.,.U.,(5,5),(2.23167482245,3.69740700647),.UNSPECIFIED.) ;
#6657=B_SPLINE_CURVE_WITH_KNOTS('',4,(#6658,#6659,#6660,#6661,#6662),.UNSPECIFIED.,.F.,.U.,(5,5),(0.,0.3),.UNSPECIFIED.) ;
#6666=B_SPLINE_CURVE_WITH_KNOTS('',5,(#6667,#6668,#6669,#6670,#6671,#6672,#6673,#6674,#6675,#6676,#6677,#6678,#6679,#6680,#6681,#6682,#6683,#6684,#6685,#6686,#6687),.UNSPECIFIED.,.F.,.U.,(6,3,3,3,3,3,6),(7.50219357709,10.4042170247,12.7675386629,15.1304229699,17.493197505,19.8561850305,21.8541369139),.UNSPECIFIED.) ;
#6746=B_SPLINE_CURVE_WITH_KNOTS('',5,(#6747,#6748,#6749,#6750,#6751,#6752,#6753,#6754,#6755),.UNSPECIFIED.,.F.,.U.,(6,3,6),(0.,0.541916417128,2.12645335799),.UNSPECIFIED.) ;
#6797=B_SPLINE_CURVE_WITH_KNOTS('',5,(#6798,#6799,#6800,#6801,#6802,#6803,#6804,#6805,#6806),.UNSPECIFIED.,.F.,.U.,(6,3,6),(0.,0.743875610775,2.12818886546),.UNSPECIFIED.) ;
#6871=B_SPLINE_CURVE_WITH_KNOTS('',3,(#6872,#6873,#6874,#6875),.UNSPECIFIED.,.F.,.U.,(4,4),(1.49488478444,1.64670944093),.UNSPECIFIED.) ;
#6923=B_SPLINE_CURVE_WITH_KNOTS('',5,(#6924,#6925,#6926,#6927,#6928,#6929,#6930,#6931,#6932,#6933,#6934,#6935,#6936,#6937,#6938,#6939,#6940,#6941),.UNSPECIFIED.,.F.,.U.,(6,3,3,3,3,6),(0.,0.133485381539,0.267168370674,0.400845886673,0.534525449766,0.664972003442),.UNSPECIFIED.) ;
#6952=B_SPLINE_CURVE_WITH_KNOTS('',5,(#6953,#6954,#6955,#6956,#6957,#6958,#6959,#6960,#6961,#6962,#6963,#6964,#6965,#6966,#6967,#6968,#6969,#6970),.UNSPECIFIED.,.F.,.U.,(6,3,3,3,3,6),(0.,0.133485381447,0.267168370582,0.400845886581,0.534525449674,0.664972003339),.UNSPECIFIED.) ;
#7029=B_SPLINE_CURVE_WITH_KNOTS('',5,(#7030,#7031,#7032,#7033,#7034,#7035,#7036,#7037,#7038,#7039,#7040,#7041,#7042,#7043,#7044,#7045,#7046,#7047),.UNSPECIFIED.,.F.,.U.,(6,3,3,3,3,6),(0.,0.13348538144,0.267168370575,0.400845886574,0.534525449667,0.6649720033),.UNSPECIFIED.) ;
#7058=B_SPLINE_CURVE_WITH_KNOTS('',5,(#7059,#7060,#7061,#7062,#7063,#7064,#7065,#7066,#7067,#7068,#7069,#7070,#7071,#7072,#7073,#7074,#7075,#7076),.UNSPECIFIED.,.F.,.U.,(6,3,3,3,3,6),(0.,0.133485381447,0.267168370582,0.400845886581,0.534525449674,0.664972003339),.UNSPECIFIED.) ;
#7118=B_SPLINE_CURVE_WITH_KNOTS('',3,(#7119,#7120,#7121,#7122),.UNSPECIFIED.,.F.,.U.,(4,4),(1.49488478444,1.64670944093),.UNSPECIFIED.) ;
#7209=B_SPLINE_CURVE_WITH_KNOTS('',1,(#7210,#7211),.UNSPECIFIED.,.F.,.U.,(2,2),(-13.3307957682,-13.3024323679),.UNSPECIFIED.) ;
#7217=B_SPLINE_CURVE_WITH_KNOTS('',1,(#7218,#7219),.UNSPECIFIED.,.F.,.U.,(2,2),(23.0645618458,24.3765272903),.UNSPECIFIED.) ;
#7221=B_SPLINE_CURVE_WITH_KNOTS('',1,(#7222,#7223),.UNSPECIFIED.,.F.,.U.,(2,2),(-0.905992048591,0.905992048591),.UNSPECIFIED.) ;
#7227=B_SPLINE_CURVE_WITH_KNOTS('',1,(#7228,#7229),.UNSPECIFIED.,.F.,.U.,(2,2),(-1.58711984473,1.58711984473),.UNSPECIFIED.) ;
#7233=B_SPLINE_CURVE_WITH_KNOTS('',5,(#7234,#7235,#7236,#7237,#7238,#7239,#7240,#7241,#7242,#7243,#7244,#7245),.UNSPECIFIED.,.F.,.U.,(6,3,3,6),(0.,4.34746259548,6.66759766701,12.1500474179),.UNSPECIFIED.) ;
#7249=B_SPLINE_CURVE_WITH_KNOTS('',1,(#7250,#7251),.UNSPECIFIED.,.F.,.U.,(2,2),(-1.58711984472,1.58711984472),.UNSPECIFIED.) ;
#7267=B_SPLINE_CURVE_WITH_KNOTS('',1,(#7268,#7269),.UNSPECIFIED.,.F.,.U.,(2,2),(1.59676035202,1.62512375224),.UNSPECIFIED.) ;
#7273=B_SPLINE_CURVE_WITH_KNOTS('',5,(#7274,#7275,#7276,#7277,#7278,#7279,#7280,#7281,#7282,#7283,#7284,#7285),.UNSPECIFIED.,.F.,.U.,(6,3,3,6),(0.,2.51597860794,7.17960809048,14.3592006072),.UNSPECIFIED.) ;
#7338=B_SPLINE_CURVE_WITH_KNOTS('',1,(#7339,#7340),.UNSPECIFIED.,.F.,.U.,(2,2),(-5.65043027756,5.65043027756),.UNSPECIFIED.) ;
#7390=B_SPLINE_CURVE_WITH_KNOTS('',1,(#7391,#7392),.UNSPECIFIED.,.F.,.U.,(2,2),(-5.66461197768,5.66461197768),.UNSPECIFIED.) ;
#7396=B_SPLINE_CURVE_WITH_KNOTS('',5,(#7397,#7398,#7399,#7400,#7401,#7402,#7403,#7404,#7405,#7406,#7407,#7408),.UNSPECIFIED.,.F.,.U.,(6,3,3,6),(0.,5.03453526121,7.55300172017,14.359213007),.UNSPECIFIED.) ;
#7412=B_SPLINE_CURVE_WITH_KNOTS('',1,(#7413,#7414),.UNSPECIFIED.,.F.,.U.,(2,2),(-5.66461197768,5.66461197768),.UNSPECIFIED.) ;
#7752=B_SPLINE_CURVE_WITH_KNOTS('',4,(#7753,#7754,#7755,#7756,#7757),.UNSPECIFIED.,.F.,.U.,(5,5),(0.,2.29292834654),.UNSPECIFIED.) ;
#7761=B_SPLINE_CURVE_WITH_KNOTS('',3,(#7762,#7763,#7764,#7765),.UNSPECIFIED.,.F.,.U.,(4,4),(0.,1.13144521065),.UNSPECIFIED.) ;
#7810=B_SPLINE_CURVE_WITH_KNOTS('',1,(#7811,#7812),.UNSPECIFIED.,.F.,.U.,(2,2),(-0.400030462128,0.400030462128),.UNSPECIFIED.) ;
#7814=B_SPLINE_CURVE_WITH_KNOTS('',1,(#7815,#7816),.UNSPECIFIED.,.F.,.U.,(2,2),(-0.400030462127,0.400030462127),.UNSPECIFIED.) ;
#7827=B_SPLINE_CURVE_WITH_KNOTS('',1,(#7828,#7829),.UNSPECIFIED.,.F.,.U.,(2,2),(-0.400030462127,0.400030462127),.UNSPECIFIED.) ;
#7831=B_SPLINE_CURVE_WITH_KNOTS('',1,(#7832,#7833),.UNSPECIFIED.,.F.,.U.,(2,2),(-0.400030462128,0.400030462128),.UNSPECIFIED.) ;
#8284=B_SPLINE_CURVE_WITH_KNOTS('',1,(#8285,#8286),.UNSPECIFIED.,.F.,.U.,(2,2),(-7.9506054348,0.400030462131),.UNSPECIFIED.) ;
#8297=B_SPLINE_CURVE_WITH_KNOTS('',3,(#8298,#8299,#8300,#8301),.UNSPECIFIED.,.F.,.U.,(4,4),(0.,1.13167393194),.UNSPECIFIED.) ;
#8312=B_SPLINE_CURVE_WITH_KNOTS('',1,(#8313,#8314),.UNSPECIFIED.,.F.,.U.,(2,2),(0.141424048814,0.565696195254),.UNSPECIFIED.) ;
#8318=B_SPLINE_CURVE_WITH_KNOTS('',1,(#8319,#8320),.UNSPECIFIED.,.F.,.U.,(2,2),(-0.250009519596,0.250009519596),.UNSPECIFIED.) ;
#8339=B_SPLINE_CURVE_WITH_KNOTS('',5,(#8340,#8341,#8342,#8343,#8344,#8345,#8346,#8347,#8348,#8349,#8350,#8351),.UNSPECIFIED.,.F.,.U.,(6,3,3,6),(0.,2.51597858942,7.17956365814,14.3592005893),.UNSPECIFIED.) ;
#8365=B_SPLINE_CURVE_WITH_KNOTS('',1,(#8366,#8367),.UNSPECIFIED.,.F.,.U.,(2,2),(-9.72157016771,-9.22155112852),.UNSPECIFIED.) ;
#8371=B_SPLINE_CURVE_WITH_KNOTS('',1,(#8372,#8373),.UNSPECIFIED.,.F.,.U.,(2,2),(-13.3945545111,-12.9702823646),.UNSPECIFIED.) ;
#8384=B_SPLINE_CURVE_WITH_KNOTS('',3,(#8385,#8386,#8387,#8388),.UNSPECIFIED.,.F.,.U.,(4,4),(0.,1.13167393194),.UNSPECIFIED.) ;
#8399=B_SPLINE_CURVE_WITH_KNOTS('',1,(#8400,#8401),.UNSPECIFIED.,.F.,.U.,(2,2),(-7.95060543481,0.400030462131),.UNSPECIFIED.) ;
#8420=B_SPLINE_CURVE_WITH_KNOTS('',1,(#8421,#8422),.UNSPECIFIED.,.F.,.U.,(2,2),(-0.250061658956,0.250061658956),.UNSPECIFIED.) ;
#8426=B_SPLINE_CURVE_WITH_KNOTS('',5,(#8427,#8428,#8429,#8430,#8431,#8432,#8433,#8434,#8435,#8436,#8437,#8438),.UNSPECIFIED.,.F.,.U.,(6,3,3,6),(0.,4.34746415048,6.6676001468,12.2179272723),.UNSPECIFIED.) ;
#8442=B_SPLINE_CURVE_WITH_KNOTS('',1,(#8443,#8444),.UNSPECIFIED.,.F.,.U.,(2,2),(-0.250061877544,0.250061877544),.UNSPECIFIED.) ;
#8520=B_SPLINE_CURVE_WITH_KNOTS('',5,(#8521,#8522,#8523,#8524,#8525,#8526,#8527,#8528,#8529,#8530,#8531,#8532),.UNSPECIFIED.,.F.,.U.,(6,3,3,6),(2.23166974927,2.63745914968,3.43294192741,3.6974709402),.UNSPECIFIED.) ;
#8576=B_SPLINE_CURVE_WITH_KNOTS('',5,(#8577,#8578,#8579,#8580,#8581,#8582,#8583,#8584,#8585,#8586,#8587,#8588,#8589,#8590,#8591),.UNSPECIFIED.,.F.,.U.,(6,3,3,3,6),(2.23167525572,2.43737110522,3.05648434421,3.67548781007,3.69740700647),.UNSPECIFIED.) ;
#8640=B_SPLINE_CURVE_WITH_KNOTS('',1,(#8641,#8642),.UNSPECIFIED.,.F.,.U.,(2,2),(-5.65043027757,5.65043027757),.UNSPECIFIED.) ;
#8711=B_SPLINE_CURVE_WITH_KNOTS('',3,(#8712,#8713,#8714,#8715),.UNSPECIFIED.,.F.,.U.,(4,4),(0.,1.13144521066),.UNSPECIFIED.) ;
#8719=B_SPLINE_CURVE_WITH_KNOTS('',4,(#8720,#8721,#8722,#8723,#8724),.UNSPECIFIED.,.F.,.U.,(5,5),(0.,2.29292869552),.UNSPECIFIED.) ;
#8805=B_SPLINE_CURVE_WITH_KNOTS('',3,(#8806,#8807,#8808,#8809),.UNSPECIFIED.,.F.,.U.,(4,4),(0.,1.13167393195),.UNSPECIFIED.) ;
#8820=B_SPLINE_CURVE_WITH_KNOTS('',1,(#8821,#8822),.UNSPECIFIED.,.F.,.U.,(2,2),(0.141424048809,0.565696195235),.UNSPECIFIED.) ;
#8826=B_SPLINE_CURVE_WITH_KNOTS('',1,(#8827,#8828),.UNSPECIFIED.,.F.,.U.,(2,2),(-0.250009519596,0.250009519596),.UNSPECIFIED.) ;
#8837=B_SPLINE_CURVE_WITH_KNOTS('',1,(#8838,#8839),.UNSPECIFIED.,.F.,.U.,(2,2),(-7.95060543481,0.400030462128),.UNSPECIFIED.) ;
#8853=B_SPLINE_CURVE_WITH_KNOTS('',5,(#8854,#8855,#8856,#8857,#8858,#8859,#8860,#8861,#8862,#8863,#8864,#8865),.UNSPECIFIED.,.F.,.U.,(6,3,3,6),(0.,2.51597858942,7.17956365814,14.3592005894),.UNSPECIFIED.) ;
#8879=B_SPLINE_CURVE_WITH_KNOTS('',3,(#8880,#8881,#8882,#8883),.UNSPECIFIED.,.F.,.U.,(4,4),(0.,1.13167393195),.UNSPECIFIED.) ;
#8896=B_SPLINE_CURVE_WITH_KNOTS('',1,(#8897,#8898),.UNSPECIFIED.,.F.,.U.,(2,2),(-7.9506054348,0.400030462128),.UNSPECIFIED.) ;
#8907=B_SPLINE_CURVE_WITH_KNOTS('',1,(#8908,#8909),.UNSPECIFIED.,.F.,.U.,(2,2),(-9.72157016771,-9.22155112852),.UNSPECIFIED.) ;
#8913=B_SPLINE_CURVE_WITH_KNOTS('',1,(#8914,#8915),.UNSPECIFIED.,.F.,.U.,(2,2),(-13.3945545111,-12.9702823646),.UNSPECIFIED.) ;
#9017=B_SPLINE_CURVE_WITH_KNOTS('',1,(#9018,#9019),.UNSPECIFIED.,.F.,.U.,(2,2),(-0.250061877544,0.250061877544),.UNSPECIFIED.) ;
#9023=B_SPLINE_CURVE_WITH_KNOTS('',5,(#9024,#9025,#9026,#9027,#9028,#9029,#9030,#9031,#9032,#9033,#9034,#9035),.UNSPECIFIED.,.F.,.U.,(6,3,3,6),(0.,4.34746415012,6.66760014645,12.2179272724),.UNSPECIFIED.) ;
#9039=B_SPLINE_CURVE_WITH_KNOTS('',1,(#9040,#9041),.UNSPECIFIED.,.F.,.U.,(2,2),(-0.250061658956,0.250061658956),.UNSPECIFIED.) ;
#9084=B_SPLINE_CURVE_WITH_KNOTS('',5,(#9085,#9086,#9087,#9088,#9089,#9090,#9091,#9092,#9093,#9094,#9095,#9096,#9097,#9098,#9099),.UNSPECIFIED.,.F.,.U.,(6,3,3,3,6),(2.23167525572,2.43737110522,3.0564843442,3.67548781007,3.69740700647),.UNSPECIFIED.) ;
#9134=B_SPLINE_CURVE_WITH_KNOTS('',5,(#9135,#9136,#9137,#9138,#9139,#9140,#9141,#9142,#9143,#9144,#9145,#9146),.UNSPECIFIED.,.F.,.U.,(6,3,3,6),(7.5021935771,10.4042170247,15.1304229699,21.8541369139),.UNSPECIFIED.) ;
#9172=B_SPLINE_CURVE_WITH_KNOTS('',5,(#9173,#9174,#9175,#9176,#9177,#9178,#9179,#9180,#9181,#9182,#9183,#9184),.UNSPECIFIED.,.F.,.U.,(6,3,3,6),(2.23166974927,2.63745914968,3.43294192742,3.69747094021),.UNSPECIFIED.) ;
#9251=B_SPLINE_CURVE_WITH_KNOTS('',4,(#9252,#9253,#9254,#9255,#9256),.UNSPECIFIED.,.F.,.U.,(5,5),(2.23167482245,3.69740700647),.UNSPECIFIED.) ;
#9270=B_SPLINE_CURVE_WITH_KNOTS('',4,(#9271,#9272,#9273,#9274,#9275),.UNSPECIFIED.,.F.,.U.,(5,5),(2.23166974927,3.69746982738),.UNSPECIFIED.) ;
#9361=B_SPLINE_CURVE_WITH_KNOTS('',4,(#9362,#9363,#9364,#9365,#9366),.UNSPECIFIED.,.F.,.U.,(5,5),(0.,0.3),.UNSPECIFIED.) ;
#9397=B_SPLINE_CURVE_WITH_KNOTS('',4,(#9398,#9399,#9400,#9401,#9402),.UNSPECIFIED.,.F.,.U.,(5,5),(2.23158391697,3.6973193469),.UNSPECIFIED.) ;
#9438=B_SPLINE_CURVE_WITH_KNOTS('',4,(#9439,#9440,#9441,#9442,#9443),.UNSPECIFIED.,.F.,.U.,(5,5),(2.23169473494,3.69753260578),.UNSPECIFIED.) ;
#9471=B_SPLINE_CURVE_WITH_KNOTS('',5,(#9472,#9473,#9474,#9475,#9476,#9477),.UNSPECIFIED.,.F.,.U.,(6,6),(0.,0.792755861518),.UNSPECIFIED.) ;
#9491=B_SPLINE_CURVE_WITH_KNOTS('',5,(#9492,#9493,#9494,#9495,#9496,#9497),.UNSPECIFIED.,.F.,.U.,(6,6),(0.,0.792756065229),.UNSPECIFIED.) ;
#9719=B_SPLINE_CURVE_WITH_KNOTS('',4,(#9720,#9721,#9722,#9723,#9724),.UNSPECIFIED.,.F.,.U.,(5,5),(0.,0.3),.UNSPECIFIED.) ;
#9728=B_SPLINE_CURVE_WITH_KNOTS('',5,(#9729,#9730,#9731,#9732,#9733,#9734,#9735,#9736,#9737,#9738,#9739,#9740,#9741,#9742,#9743,#9744,#9745,#9746,#9747,#9748,#9749),.UNSPECIFIED.,.F.,.U.,(6,3,3,3,3,3,6),(7.5021504535,9.50010255383,11.8630906179,14.2258655015,16.5887496424,18.9520707541,21.854093783),.UNSPECIFIED.) ;
#9792=B_SPLINE_CURVE_WITH_KNOTS('',5,(#9793,#9794,#9795,#9796,#9797,#9798),.UNSPECIFIED.,.F.,.U.,(6,6),(0.,0.79275586146),.UNSPECIFIED.) ;
#9812=B_SPLINE_CURVE_WITH_KNOTS('',5,(#9813,#9814,#9815,#9816,#9817,#9818),.UNSPECIFIED.,.F.,.U.,(6,6),(0.,0.792756021895),.UNSPECIFIED.) ;
#9955=B_SPLINE_CURVE_WITH_KNOTS('',5,(#9956,#9957,#9958,#9959,#9960,#9961),.UNSPECIFIED.,.F.,.U.,(6,6),(0.,0.792756022043),.UNSPECIFIED.) ;
#9975=B_SPLINE_CURVE_WITH_KNOTS('',5,(#9976,#9977,#9978,#9979,#9980,#9981),.UNSPECIFIED.,.F.,.U.,(6,6),(0.,0.792755861233),.UNSPECIFIED.) ;
#10298=B_SPLINE_CURVE_WITH_KNOTS('',5,(#10299,#10300,#10301,#10302,#10303,#10304,#10305,#10306,#10307,#10308,#10309,#10310),.UNSPECIFIED.,.F.,.U.,(6,3,3,6),(0.,2.31859935651,6.70421496824,12.1535156382),.UNSPECIFIED.) ;
#10620=B_SPLINE_CURVE_WITH_KNOTS('',3,(#10621,#10622,#10623,#10624),.UNSPECIFIED.,.F.,.U.,(4,4),(0.,1.13144521066),.UNSPECIFIED.) ;
#10638=B_SPLINE_CURVE_WITH_KNOTS('',3,(#10639,#10640,#10641,#10642),.UNSPECIFIED.,.F.,.U.,(4,4),(0.,1.13144050364),.UNSPECIFIED.) ;
#10646=B_SPLINE_CURVE_WITH_KNOTS('',4,(#10647,#10648,#10649,#10650,#10651),.UNSPECIFIED.,.F.,.U.,(5,5),(0.0101465078861,4.23977098694),.UNSPECIFIED.) ;
#10672=B_SPLINE_CURVE_WITH_KNOTS('',3,(#10673,#10674,#10675,#10676),.UNSPECIFIED.,.F.,.U.,(4,4),(0.,1.13144050365),.UNSPECIFIED.) ;
#10690=B_SPLINE_CURVE_WITH_KNOTS('',4,(#10691,#10692,#10693,#10694,#10695),.UNSPECIFIED.,.F.,.U.,(5,5),(0.,4.2296252933),.UNSPECIFIED.) ;
#10699=B_SPLINE_CURVE_WITH_KNOTS('',3,(#10700,#10701,#10702,#10703),.UNSPECIFIED.,.F.,.U.,(4,4),(0.,1.13144521065),.UNSPECIFIED.) ;
#10755=B_SPLINE_CURVE_WITH_KNOTS('',1,(#10756,#10757),.UNSPECIFIED.,.F.,.U.,(2,2),(-7.95060543481,0.400030462126),.UNSPECIFIED.) ;
#10787=B_SPLINE_CURVE_WITH_KNOTS('',3,(#10788,#10789,#10790,#10791),.UNSPECIFIED.,.F.,.U.,(4,4),(0.,1.13144521066),.UNSPECIFIED.) ;
#10800=B_SPLINE_CURVE_WITH_KNOTS('',1,(#10801,#10802),.UNSPECIFIED.,.F.,.U.,(2,2),(-0.624838475436,0.624838475436),.UNSPECIFIED.) ;
#10806=B_SPLINE_CURVE_WITH_KNOTS('',1,(#10807,#10808),.UNSPECIFIED.,.F.,.U.,(2,2),(-3.33381552857,3.33381552857),.UNSPECIFIED.) ;
#10858=B_SPLINE_CURVE_WITH_KNOTS('',3,(#10859,#10860,#10861,#10862),.UNSPECIFIED.,.F.,.U.,(4,4),(0.,1.13144521066),.UNSPECIFIED.) ;
#10873=B_SPLINE_CURVE_WITH_KNOTS('',1,(#10874,#10875),.UNSPECIFIED.,.F.,.U.,(2,2),(-3.33381552857,3.33381552857),.UNSPECIFIED.) ;
#10877=B_SPLINE_CURVE_WITH_KNOTS('',1,(#10878,#10879),.UNSPECIFIED.,.F.,.U.,(2,2),(-7.9506054348,0.400030462127),.UNSPECIFIED.) ;
#10896=B_SPLINE_CURVE_WITH_KNOTS('',1,(#10897,#10898),.UNSPECIFIED.,.F.,.U.,(2,2),(-7.9506054348,0.400030462125),.UNSPECIFIED.) ;
#10928=B_SPLINE_CURVE_WITH_KNOTS('',3,(#10929,#10930,#10931,#10932),.UNSPECIFIED.,.F.,.U.,(4,4),(0.,1.13144521065),.UNSPECIFIED.) ;
#10941=B_SPLINE_CURVE_WITH_KNOTS('',1,(#10942,#10943),.UNSPECIFIED.,.F.,.U.,(2,2),(-0.624838475436,0.624838475436),.UNSPECIFIED.) ;
#10947=B_SPLINE_CURVE_WITH_KNOTS('',1,(#10948,#10949),.UNSPECIFIED.,.F.,.U.,(2,2),(-3.33381552857,3.33381552857),.UNSPECIFIED.) ;
#10994=B_SPLINE_CURVE_WITH_KNOTS('',3,(#10995,#10996,#10997,#10998),.UNSPECIFIED.,.F.,.U.,(4,4),(0.,1.13144521066),.UNSPECIFIED.) ;
#11009=B_SPLINE_CURVE_WITH_KNOTS('',1,(#11010,#11011),.UNSPECIFIED.,.F.,.U.,(2,2),(-3.33381552857,3.33381552857),.UNSPECIFIED.) ;
#11013=B_SPLINE_CURVE_WITH_KNOTS('',1,(#11014,#11015),.UNSPECIFIED.,.F.,.U.,(2,2),(-7.9506054348,0.400030462127),.UNSPECIFIED.) ;
#11056=B_SPLINE_CURVE_WITH_KNOTS('',1,(#11057,#11058),.UNSPECIFIED.,.F.,.U.,(2,2),(-7.9506054348,0.400030462129),.UNSPECIFIED.) ;
#11081=B_SPLINE_CURVE_WITH_KNOTS('',3,(#11082,#11083,#11084,#11085),.UNSPECIFIED.,.F.,.U.,(4,4),(0.,1.13144521065),.UNSPECIFIED.) ;
#11094=B_SPLINE_CURVE_WITH_KNOTS('',1,(#11095,#11096),.UNSPECIFIED.,.F.,.U.,(2,2),(-0.624838475436,0.624838475436),.UNSPECIFIED.) ;
#11100=B_SPLINE_CURVE_WITH_KNOTS('',1,(#11101,#11102),.UNSPECIFIED.,.F.,.U.,(2,2),(-3.33381552857,3.33381552857),.UNSPECIFIED.) ;
#11152=B_SPLINE_CURVE_WITH_KNOTS('',3,(#11153,#11154,#11155,#11156),.UNSPECIFIED.,.F.,.U.,(4,4),(0.,1.13144521066),.UNSPECIFIED.) ;
#11167=B_SPLINE_CURVE_WITH_KNOTS('',1,(#11168,#11169),.UNSPECIFIED.,.F.,.U.,(2,2),(-3.33381552857,3.33381552857),.UNSPECIFIED.) ;
#11171=B_SPLINE_CURVE_WITH_KNOTS('',1,(#11172,#11173),.UNSPECIFIED.,.F.,.U.,(2,2),(-7.9506054348,0.400030462129),.UNSPECIFIED.) ;
#11190=B_SPLINE_CURVE_WITH_KNOTS('',1,(#11191,#11192),.UNSPECIFIED.,.F.,.U.,(2,2),(-7.9506054348,0.400030462129),.UNSPECIFIED.) ;
#11222=B_SPLINE_CURVE_WITH_KNOTS('',3,(#11223,#11224,#11225,#11226),.UNSPECIFIED.,.F.,.U.,(4,4),(0.,1.13144521065),.UNSPECIFIED.) ;
#11235=B_SPLINE_CURVE_WITH_KNOTS('',1,(#11236,#11237),.UNSPECIFIED.,.F.,.U.,(2,2),(-0.624838475436,0.624838475436),.UNSPECIFIED.) ;
#11241=B_SPLINE_CURVE_WITH_KNOTS('',1,(#11242,#11243),.UNSPECIFIED.,.F.,.U.,(2,2),(-3.33381552857,3.33381552857),.UNSPECIFIED.) ;
#11288=B_SPLINE_CURVE_WITH_KNOTS('',3,(#11289,#11290,#11291,#11292),.UNSPECIFIED.,.F.,.U.,(4,4),(0.,1.13144521065),.UNSPECIFIED.) ;
#11303=B_SPLINE_CURVE_WITH_KNOTS('',1,(#11304,#11305),.UNSPECIFIED.,.F.,.U.,(2,2),(-3.33381552857,3.33381552857),.UNSPECIFIED.) ;
#11307=B_SPLINE_CURVE_WITH_KNOTS('',1,(#11308,#11309),.UNSPECIFIED.,.F.,.U.,(2,2),(-7.9506054348,0.400030462133),.UNSPECIFIED.) ;
#11326=B_SPLINE_CURVE_WITH_KNOTS('',1,(#11327,#11328),.UNSPECIFIED.,.F.,.U.,(2,2),(-0.709009253914,0.709009253914),.UNSPECIFIED.) ;
#11342=B_SPLINE_CURVE_WITH_KNOTS('',4,(#11343,#11344,#11345,#11346,#11347),.UNSPECIFIED.,.F.,.U.,(5,5),(0.,4.76776913489),.UNSPECIFIED.) ;
#11355=B_SPLINE_CURVE_WITH_KNOTS('',4,(#11356,#11357,#11358,#11359,#11360),.UNSPECIFIED.,.F.,.U.,(5,5),(0.,4.76776367448),.UNSPECIFIED.) ;
#11668=B_SPLINE_CURVE_WITH_KNOTS('',5,(#11669,#11670,#11671,#11672,#11673,#11674,#11675,#11676,#11677),.UNSPECIFIED.,.F.,.U.,(6,3,6),(0.00998495744044,2.22565644893,2.30291340175),.UNSPECIFIED.) ;
#11808=B_SPLINE_CURVE_WITH_KNOTS('',5,(#11809,#11810,#11811,#11812,#11813,#11814,#11815,#11816,#11817),.UNSPECIFIED.,.F.,.U.,(6,3,6),(0.,2.22565644887,2.29292869171),.UNSPECIFIED.) ;
#11855=B_SPLINE_CURVE_WITH_KNOTS('',5,(#11856,#11857,#11858,#11859,#11860,#11861,#11862,#11863,#11864,#11865,#11866,#11867),.UNSPECIFIED.,.F.,.U.,(6,3,3,6),(0.,2.31860549557,6.67374642021,12.2214389862),.UNSPECIFIED.) ;
#12093=B_SPLINE_CURVE_WITH_KNOTS('',4,(#12094,#12095,#12096,#12097,#12098),.UNSPECIFIED.,.F.,.U.,(5,5),(0.00998495744044,2.30291339806),.UNSPECIFIED.) ;
#12119=B_SPLINE_CURVE_WITH_KNOTS('',4,(#12120,#12121,#12122,#12123,#12124),.UNSPECIFIED.,.F.,.U.,(5,5),(0.0141051925062,2.30703316731),.UNSPECIFIED.) ;
#12334=B_SPLINE_CURVE_WITH_KNOTS('',5,(#12335,#12336,#12337,#12338,#12339,#12340,#12341,#12342,#12343,#12344,#12345,#12346),.UNSPECIFIED.,.F.,.U.,(6,3,3,6),(0.,2.31860549556,6.67374642015,12.2214389862),.UNSPECIFIED.) ;
#12494=B_SPLINE_CURVE_WITH_KNOTS('',5,(#12495,#12496,#12497,#12498,#12499,#12500,#12501,#12502,#12503,#12504,#12505,#12506),.UNSPECIFIED.,.F.,.U.,(6,3,3,6),(2.23158391697,2.85003202993,3.46907256653,3.6973193469),.UNSPECIFIED.) ;
#12552=B_SPLINE_CURVE_WITH_KNOTS('',5,(#12553,#12554,#12555,#12556,#12557,#12558,#12559,#12560,#12561),.UNSPECIFIED.,.F.,.U.,(6,3,6),(2.23169473494,2.90265397795,3.69753260578),.UNSPECIFIED.) ;
#12600=B_SPLINE_CURVE_WITH_KNOTS('',1,(#12601,#12602),.UNSPECIFIED.,.F.,.U.,(2,2),(-0.0530812530351,5.92459859847),.UNSPECIFIED.) ;
#12606=B_SPLINE_CURVE_WITH_KNOTS('',3,(#12607,#12608,#12609,#12610),.UNSPECIFIED.,.F.,.U.,(4,4),(11.6117084791,13.6879059409),.UNSPECIFIED.) ;
#12612=B_SPLINE_CURVE_WITH_KNOTS('',3,(#12613,#12614,#12615,#12616),.UNSPECIFIED.,.F.,.U.,(4,4),(0.,2.07619281878),.UNSPECIFIED.) ;
#12898=B_SPLINE_CURVE_WITH_KNOTS('',5,(#12899,#12900,#12901,#12902,#12903,#12904,#12905,#12906,#12907),.UNSPECIFIED.,.F.,.U.,(6,3,6),(0.,2.22565644891,4.22962529437),.UNSPECIFIED.) ;
#12918=B_SPLINE_CURVE_WITH_KNOTS('',5,(#12919,#12920,#12921,#12922,#12923,#12924,#12925,#12926,#12927),.UNSPECIFIED.,.F.,.U.,(6,3,6),(0.,2.22565644889,4.22962610647),.UNSPECIFIED.) ;
#12943=B_SPLINE_CURVE_WITH_KNOTS('',3,(#12944,#12945,#12946,#12947),.UNSPECIFIED.,.F.,.U.,(4,4),(0.,1.13144050364),.UNSPECIFIED.) ;
#12968=B_SPLINE_CURVE_WITH_KNOTS('',3,(#12969,#12970,#12971,#12972),.UNSPECIFIED.,.F.,.U.,(4,4),(0.,1.13144050364),.UNSPECIFIED.) ;
#12998=B_SPLINE_CURVE_WITH_KNOTS('',3,(#12999,#13000,#13001,#13002),.UNSPECIFIED.,.F.,.U.,(4,4),(0.,1.13144050364),.UNSPECIFIED.) ;
#13006=B_SPLINE_CURVE_WITH_KNOTS('',4,(#13007,#13008,#13009,#13010,#13011),.UNSPECIFIED.,.F.,.U.,(5,5),(0.0101465068027,4.23977098698),.UNSPECIFIED.) ;
#13020=B_SPLINE_CURVE_WITH_KNOTS('',5,(#13021,#13022,#13023,#13024,#13025,#13026,#13027,#13028,#13029),.UNSPECIFIED.,.F.,.U.,(6,3,6),(0.00998495717399,2.22565644891,4.23960943717),.UNSPECIFIED.) ;
#13052=B_SPLINE_CURVE_WITH_KNOTS('',3,(#13053,#13054,#13055,#13056),.UNSPECIFIED.,.F.,.U.,(4,4),(0.,1.13144050364),.UNSPECIFIED.) ;
#2147=B_SPLINE_SURFACE_WITH_KNOTS('',5,5,((#2148,#2149,#2150,#2151,#2152,#2153),(#2154,#2155,#2156,#2157,#2158,#2159),(#2160,#2161,#2162,#2163,#2164,#2165),(#2166,#2167,#2168,#2169,#2170,#2171),(#2172,#2173,#2174,#2175,#2176,#2177),(#2178,#2179,#2180,#2181,#2182,#2183)),.UNSPECIFIED.,.F.,.F.,.U.,(6,6),(6,6),(2.87671844483,4.7939077464),(0.,0.3),.UNSPECIFIED.) ;
#2214=B_SPLINE_SURFACE_WITH_KNOTS('',5,5,((#2215,#2216,#2217,#2218,#2219,#2220),(#2221,#2222,#2223,#2224,#2225,#2226),(#2227,#2228,#2229,#2230,#2231,#2232),(#2233,#2234,#2235,#2236,#2237,#2238),(#2239,#2240,#2241,#2242,#2243,#2244),(#2245,#2246,#2247,#2248,#2249,#2250)),.UNSPECIFIED.,.F.,.F.,.U.,(6,6),(6,6),(2.87671844483,4.79390774641),(0.,0.3),.UNSPECIFIED.) ;
#3519=B_SPLINE_SURFACE_WITH_KNOTS('',5,5,((#3520,#3521,#3522,#3523,#3524,#3525),(#3526,#3527,#3528,#3529,#3530,#3531),(#3532,#3533,#3534,#3535,#3536,#3537),(#3538,#3539,#3540,#3541,#3542,#3543),(#3544,#3545,#3546,#3547,#3548,#3549),(#3550,#3551,#3552,#3553,#3554,#3555)),.UNSPECIFIED.,.F.,.F.,.U.,(6,6),(6,6),(2.87671844483,4.79390774641),(0.,0.3),.UNSPECIFIED.) ;
#4056=B_SPLINE_SURFACE_WITH_KNOTS('',5,5,((#4057,#4058,#4059,#4060,#4061,#4062),(#4063,#4064,#4065,#4066,#4067,#4068),(#4069,#4070,#4071,#4072,#4073,#4074),(#4075,#4076,#4077,#4078,#4079,#4080),(#4081,#4082,#4083,#4084,#4085,#4086),(#4087,#4088,#4089,#4090,#4091,#4092)),.UNSPECIFIED.,.F.,.F.,.U.,(6,6),(6,6),(2.87671844483,4.79390774641),(0.,0.3),.UNSPECIFIED.) ;
#6602=B_SPLINE_SURFACE_WITH_KNOTS('',5,5,((#6603,#6604,#6605,#6606,#6607,#6608),(#6609,#6610,#6611,#6612,#6613,#6614),(#6615,#6616,#6617,#6618,#6619,#6620),(#6621,#6622,#6623,#6624,#6625,#6626),(#6627,#6628,#6629,#6630,#6631,#6632),(#6633,#6634,#6635,#6636,#6637,#6638),(#6639,#6640,#6641,#6642,#6643,#6644),(#6645,#6646,#6647,#6648,#6649,#6650),(#6651,#6652,#6653,#6654,#6655,#6656)),.UNSPECIFIED.,.F.,.F.,.U.,(6,3,6),(6,6),(7.50219357709,15.1304229699,21.8541369139),(0.,0.3),.UNSPECIFIED.) ;
#9306=B_SPLINE_SURFACE_WITH_KNOTS('',5,5,((#9307,#9308,#9309,#9310,#9311,#9312),(#9313,#9314,#9315,#9316,#9317,#9318),(#9319,#9320,#9321,#9322,#9323,#9324),(#9325,#9326,#9327,#9328,#9329,#9330),(#9331,#9332,#9333,#9334,#9335,#9336),(#9337,#9338,#9339,#9340,#9341,#9342),(#9343,#9344,#9345,#9346,#9347,#9348),(#9349,#9350,#9351,#9352,#9353,#9354),(#9355,#9356,#9357,#9358,#9359,#9360)),.UNSPECIFIED.,.F.,.F.,.U.,(6,3,6),(6,6),(7.5021935771,15.1304229699,21.8541369139),(0.,0.3),.UNSPECIFIED.) ;
#9664=B_SPLINE_SURFACE_WITH_KNOTS('',5,5,((#9665,#9666,#9667,#9668,#9669,#9670),(#9671,#9672,#9673,#9674,#9675,#9676),(#9677,#9678,#9679,#9680,#9681,#9682),(#9683,#9684,#9685,#9686,#9687,#9688),(#9689,#9690,#9691,#9692,#9693,#9694),(#9695,#9696,#9697,#9698,#9699,#9700),(#9701,#9702,#9703,#9704,#9705,#9706),(#9707,#9708,#9709,#9710,#9711,#9712),(#9713,#9714,#9715,#9716,#9717,#9718)),.UNSPECIFIED.,.F.,.F.,.U.,(6,3,6),(6,6),(7.5021504535,14.2258655015,21.854093783),(0.,0.3),.UNSPECIFIED.) ;
#10108=B_SPLINE_SURFACE_WITH_KNOTS('',5,5,((#10109,#10110,#10111,#10112,#10113,#10114),(#10115,#10116,#10117,#10118,#10119,#10120),(#10121,#10122,#10123,#10124,#10125,#10126),(#10127,#10128,#10129,#10130,#10131,#10132),(#10133,#10134,#10135,#10136,#10137,#10138),(#10139,#10140,#10141,#10142,#10143,#10144)),.UNSPECIFIED.,.F.,.F.,.U.,(6,6),(6,6),(2.23166974927,3.69746982737),(0.,0.3),.UNSPECIFIED.) ;
#10152=B_SPLINE_SURFACE_WITH_KNOTS('',5,5,((#10153,#10154,#10155,#10156,#10157,#10158),(#10159,#10160,#10161,#10162,#10163,#10164),(#10165,#10166,#10167,#10168,#10169,#10170),(#10171,#10172,#10173,#10174,#10175,#10176),(#10177,#10178,#10179,#10180,#10181,#10182),(#10183,#10184,#10185,#10186,#10187,#10188)),.UNSPECIFIED.,.F.,.F.,.U.,(6,6),(6,6),(2.23167482245,3.69740700647),(0.,0.3),.UNSPECIFIED.) ;
#12369=B_SPLINE_SURFACE_WITH_KNOTS('',5,5,((#12370,#12371,#12372,#12373,#12374,#12375),(#12376,#12377,#12378,#12379,#12380,#12381),(#12382,#12383,#12384,#12385,#12386,#12387),(#12388,#12389,#12390,#12391,#12392,#12393),(#12394,#12395,#12396,#12397,#12398,#12399),(#12400,#12401,#12402,#12403,#12404,#12405)),.UNSPECIFIED.,.F.,.F.,.U.,(6,6),(6,6),(2.23167482245,3.69740700647),(0.,0.3),.UNSPECIFIED.) ;
#12413=B_SPLINE_SURFACE_WITH_KNOTS('',5,5,((#12414,#12415,#12416,#12417,#12418,#12419),(#12420,#12421,#12422,#12423,#12424,#12425),(#12426,#12427,#12428,#12429,#12430,#12431),(#12432,#12433,#12434,#12435,#12436,#12437),(#12438,#12439,#12440,#12441,#12442,#12443),(#12444,#12445,#12446,#12447,#12448,#12449)),.UNSPECIFIED.,.F.,.F.,.U.,(6,6),(6,6),(2.23166974927,3.69746982738),(0.,0.3),.UNSPECIFIED.) ;
#12457=B_SPLINE_SURFACE_WITH_KNOTS('',5,5,((#12458,#12459,#12460,#12461,#12462,#12463),(#12464,#12465,#12466,#12467,#12468,#12469),(#12470,#12471,#12472,#12473,#12474,#12475),(#12476,#12477,#12478,#12479,#12480,#12481),(#12482,#12483,#12484,#12485,#12486,#12487),(#12488,#12489,#12490,#12491,#12492,#12493)),.UNSPECIFIED.,.F.,.F.,.U.,(6,6),(6,6),(2.23158391697,3.6973193469),(0.,0.3),.UNSPECIFIED.) ;
#12515=B_SPLINE_SURFACE_WITH_KNOTS('',5,5,((#12516,#12517,#12518,#12519,#12520,#12521),(#12522,#12523,#12524,#12525,#12526,#12527),(#12528,#12529,#12530,#12531,#12532,#12533),(#12534,#12535,#12536,#12537,#12538,#12539),(#12540,#12541,#12542,#12543,#12544,#12545),(#12546,#12547,#12548,#12549,#12550,#12551)),.UNSPECIFIED.,.F.,.F.,.U.,(6,6),(6,6),(2.23169473494,3.69753260578),(0.,0.3),.UNSPECIFIED.) ;
#14567=MANIFOLD_SOLID_BREP('PartBody',#50) ;
#11=CALENDAR_DATE(2025,16,9) ;
#30=CC_DESIGN_APPROVAL(#21,(#16,#6,#14)) ;
#18=CC_DESIGN_DATE_AND_TIME_ASSIGNMENT(#13,#17,(#16)) ;
#29=CC_DESIGN_DATE_AND_TIME_ASSIGNMENT(#13,#28,(#14)) ;
#17=DATE_TIME_ROLE('classification_date') ;
#28=DATE_TIME_ROLE('creation_date') ;
#27=CC_DESIGN_PERSON_AND_ORGANIZATION_ASSIGNMENT(#25,#26,(#16)) ;
#33=CC_DESIGN_PERSON_AND_ORGANIZATION_ASSIGNMENT(#25,#34,(#6)) ;
#35=CC_DESIGN_PERSON_AND_ORGANIZATION_ASSIGNMENT(#25,#36,(#6,#14)) ;
#37=CC_DESIGN_PERSON_AND_ORGANIZATION_ASSIGNMENT(#25,#38,(#5)) ;
#26=PERSON_AND_ORGANIZATION_ROLE('classification_officer') ;
#34=PERSON_AND_ORGANIZATION_ROLE('design_supplier') ;
#36=PERSON_AND_ORGANIZATION_ROLE('creator') ;
#38=PERSON_AND_ORGANIZATION_ROLE('design_owner') ;
#39=CC_DESIGN_SECURITY_CLASSIFICATION(#16,(#6)) ;
#461=CIRCLE('generated circle',#460,0.3) ;
#633=CIRCLE('generated circle',#632,0.3) ;
#681=CIRCLE('generated circle',#680,0.3) ;
#942=CIRCLE('generated circle',#941,0.3) ;
#949=CIRCLE('generated circle',#948,0.3) ;
#1220=CIRCLE('generated circle',#1219,0.3) ;
#1368=CIRCLE('generated circle',#1367,0.3) ;
#1534=CIRCLE('generated circle',#1533,0.3) ;
#1575=CIRCLE('generated circle',#1574,0.3) ;
#1599=CIRCLE('generated circle',#1598,0.3) ;
#1755=CIRCLE('generated circle',#1754,0.8) ;
#2074=CIRCLE('generated circle',#2073,0.8) ;
#2121=CIRCLE('generated circle',#2120,0.8) ;
#2743=CIRCLE('generated circle',#2742,0.8) ;
#2797=CIRCLE('generated circle',#2796,0.8) ;
#2965=CIRCLE('generated circle',#2964,0.8) ;
#2982=CIRCLE('generated circle',#2981,0.3) ;
#3040=CIRCLE('generated circle',#3039,0.8) ;
#3047=CIRCLE('generated circle',#3046,0.8) ;
#3071=CIRCLE('generated circle',#3070,0.8) ;
#3124=CIRCLE('generated circle',#3123,0.8) ;
#3148=CIRCLE('generated circle',#3147,0.8) ;
#3172=CIRCLE('generated circle',#3171,0.8) ;
#3189=CIRCLE('generated circle',#3188,0.8) ;
#3235=CIRCLE('generated circle',#3234,0.8) ;
#3352=CIRCLE('generated circle',#3351,0.8) ;
#3477=CIRCLE('generated circle',#3476,0.8) ;
#3494=CIRCLE('generated circle',#3493,0.8) ;
#3499=CIRCLE('generated circle',#3498,0.8) ;
#3592=CIRCLE('generated circle',#3591,0.3) ;
#3647=CIRCLE('generated circle',#3646,0.3) ;
#3885=CIRCLE('generated circle',#3884,0.3) ;
#3928=CIRCLE('generated circle',#3927,0.3) ;
#3976=CIRCLE('generated circle',#3975,0.3) ;
#4047=CIRCLE('generated circle',#4046,0.3) ;
#5472=CIRCLE('generated circle',#5471,0.8) ;
#5488=CIRCLE('generated circle',#5487,0.8) ;
#5505=CIRCLE('generated circle',#5504,0.8) ;
#5540=CIRCLE('generated circle',#5539,0.8) ;
#5756=CIRCLE('generated circle',#5755,2.28423292192) ;
#5765=CIRCLE('generated circle',#5764,2.28423292192) ;
#5774=CIRCLE('generated circle',#5773,2.28423292192) ;
#5783=CIRCLE('generated circle',#5782,2.28423292192) ;
#6035=CIRCLE('generated circle',#6034,2.28423292192) ;
#6044=CIRCLE('generated circle',#6043,2.28423292192) ;
#6053=CIRCLE('generated circle',#6052,2.28423292192) ;
#6062=CIRCLE('generated circle',#6061,2.28423292192) ;
#6077=CIRCLE('generated circle',#6076,0.8) ;
#6093=CIRCLE('generated circle',#6092,0.8) ;
#6471=CIRCLE('generated circle',#6470,2.28423292192) ;
#6480=CIRCLE('generated circle',#6479,2.28423292192) ;
#6489=CIRCLE('generated circle',#6488,2.28423292192) ;
#6498=CIRCLE('generated circle',#6497,2.28423292192) ;
#6555=CIRCLE('generated circle',#6554,0.8) ;
#6579=CIRCLE('generated circle',#6578,0.3) ;
#6586=CIRCLE('generated circle',#6585,0.3) ;
#6704=CIRCLE('generated circle',#6703,0.3) ;
#6728=CIRCLE('generated circle',#6727,0.8) ;
#6744=CIRCLE('generated circle',#6743,0.8) ;
#6773=CIRCLE('generated circle',#6772,0.8) ;
#6778=CIRCLE('generated circle',#6777,0.8) ;
#6795=CIRCLE('generated circle',#6794,0.8) ;
#6824=CIRCLE('generated circle',#6823,0.8) ;
#6867=CIRCLE('generated circle',#6866,0.3) ;
#6891=CIRCLE('generated circle',#6890,0.3) ;
#6915=CIRCLE('generated circle',#6914,0.3) ;
#7097=CIRCLE('generated circle',#7096,0.3) ;
#7138=CIRCLE('generated circle',#7137,0.3) ;
#7162=CIRCLE('generated circle',#7161,0.3) ;
#7458=CIRCLE('generated circle',#7457,1.75) ;
#7491=CIRCLE('generated circle',#7490,1.75) ;
#7578=CIRCLE('generated circle',#7577,1.75) ;
#7585=CIRCLE('generated circle',#7584,1.75) ;
#7592=CIRCLE('generated circle',#7591,1.75) ;
#7620=CIRCLE('generated circle',#7619,1.75) ;
#7627=CIRCLE('generated circle',#7626,1.75) ;
#7634=CIRCLE('generated circle',#7633,1.75) ;
#7646=CIRCLE('generated circle',#7645,2.55) ;
#7674=CIRCLE('generated circle',#7673,2.55) ;
#7688=CIRCLE('generated circle',#7687,2.55) ;
#7716=CIRCLE('generated circle',#7715,2.55) ;
#8192=CIRCLE('generated circle',#8191,1.75) ;
#8241=CIRCLE('generated circle',#8240,1.75) ;
#8962=CIRCLE('generated circle',#8961,1.75) ;
#8995=CIRCLE('generated circle',#8994,1.75) ;
#9238=CIRCLE('generated circle',#9237,0.8) ;
#9292=CIRCLE('generated circle',#9291,0.3) ;
#9297=CIRCLE('generated circle',#9296,0.3) ;
#9383=CIRCLE('generated circle',#9382,0.3) ;
#9419=CIRCLE('generated circle',#9418,0.8) ;
#9436=CIRCLE('generated circle',#9435,0.8) ;
#9469=CIRCLE('generated circle',#9468,0.3) ;
#9521=CIRCLE('generated circle',#9520,0.3) ;
#9545=CIRCLE('generated circle',#9544,0.3) ;
#9552=CIRCLE('generated circle',#9551,1.99319017188) ;
#9559=CIRCLE('generated circle',#9558,0.3) ;
#9576=CIRCLE('generated circle',#9575,1.99319017188) ;
#9593=CIRCLE('generated circle',#9592,0.3) ;
#9600=CIRCLE('generated circle',#9599,1.99319017188) ;
#9607=CIRCLE('generated circle',#9606,0.3) ;
#9624=CIRCLE('generated circle',#9623,1.99319017188) ;
#9641=CIRCLE('generated circle',#9640,0.3) ;
#9648=CIRCLE('generated circle',#9647,0.3) ;
#9766=CIRCLE('generated circle',#9765,0.3) ;
#9790=CIRCLE('generated circle',#9789,0.3) ;
#9840=CIRCLE('generated circle',#9839,0.3) ;
#9857=CIRCLE('generated circle',#9856,0.3) ;
#9864=CIRCLE('generated circle',#9863,1.99319017188) ;
#9871=CIRCLE('generated circle',#9870,0.3) ;
#9888=CIRCLE('generated circle',#9887,1.99319017188) ;
#9905=CIRCLE('generated circle',#9904,0.3) ;
#9912=CIRCLE('generated circle',#9911,1.99319017188) ;
#9919=CIRCLE('generated circle',#9918,0.3) ;
#9936=CIRCLE('generated circle',#9935,1.99319017188) ;
#9953=CIRCLE('generated circle',#9952,0.3) ;
#10003=CIRCLE('generated circle',#10002,0.3) ;
#10020=CIRCLE('generated circle',#10019,0.3) ;
#10027=CIRCLE('generated circle',#10026,0.3) ;
#10034=CIRCLE('generated circle',#10033,1.99319017188) ;
#10051=CIRCLE('generated circle',#10050,1.99319017188) ;
#10068=CIRCLE('generated circle',#10067,0.3) ;
#10075=CIRCLE('generated circle',#10074,0.3) ;
#10082=CIRCLE('generated circle',#10081,1.99319017188) ;
#10099=CIRCLE('generated circle',#10098,1.99319017188) ;
#10462=CIRCLE('generated circle',#10461,1.75) ;
#10533=CIRCLE('generated circle',#10532,1.75) ;
#10563=CIRCLE('generated circle',#10562,1.75) ;
#10587=CIRCLE('generated circle',#10586,1.75) ;
#11471=CIRCLE('generated circle',#11470,1.75) ;
#11487=CIRCLE('generated circle',#11486,1.75) ;
#11499=CIRCLE('generated circle',#11498,1.75) ;
#11622=CIRCLE('generated circle',#11621,1.75) ;
#11638=CIRCLE('generated circle',#11637,1.75) ;
#11643=CIRCLE('generated circle',#11642,1.75) ;
#11694=CIRCLE('generated circle',#11693,2.55) ;
#11716=CIRCLE('generated circle',#11715,2.55) ;
#11730=CIRCLE('generated circle',#11729,2.55) ;
#11740=CIRCLE('generated circle',#11739,2.55) ;
#11750=CIRCLE('generated circle',#11749,1.75) ;
#11760=CIRCLE('generated circle',#11759,1.75) ;
#11955=CIRCLE('generated circle',#11954,1.75) ;
#11962=CIRCLE('generated circle',#11961,1.75) ;
#11969=CIRCLE('generated circle',#11968,1.75) ;
#11997=CIRCLE('generated circle',#11996,1.75) ;
#12004=CIRCLE('generated circle',#12003,1.75) ;
#12011=CIRCLE('generated circle',#12010,1.75) ;
#12023=CIRCLE('generated circle',#12022,2.55) ;
#12033=CIRCLE('generated circle',#12032,2.55) ;
#12047=CIRCLE('generated circle',#12046,2.55) ;
#12057=CIRCLE('generated circle',#12056,2.55) ;
#12246=CIRCLE('generated circle',#12245,1.75) ;
#12307=CIRCLE('generated circle',#12306,1.75) ;
#12743=CIRCLE('generated circle',#12742,1.75) ;
#12782=CIRCLE('generated circle',#12781,1.75) ;
#12821=CIRCLE('generated circle',#12820,1.75) ;
#12860=CIRCLE('generated circle',#12859,1.75) ;
#7751=CONICAL_SURFACE('Cone',#7750,2.55,0.00872664625997) ;
#8710=CONICAL_SURFACE('Cone',#8709,2.55,0.00872664625997) ;
#10637=CONICAL_SURFACE('Cone',#10636,2.55,0.00872664625997) ;
#10689=CONICAL_SURFACE('Cone',#10688,2.55,0.00872664625997) ;
#11690=CONICAL_SURFACE('Cone',#11689,2.55,0.00872664625997) ;
#11830=CONICAL_SURFACE('Cone',#11829,2.55,0.00872664625997) ;
#12092=CONICAL_SURFACE('Cone',#12091,2.55,0.00872664625997) ;
#12118=CONICAL_SURFACE('Cone',#12117,2.55,0.00872664625997) ;
#12651=CONICAL_SURFACE('Cone',#12650,0.,0.244978663127) ;
#12673=CONICAL_SURFACE('Cone',#12672,0.,0.244978663127) ;
#12685=CONICAL_SURFACE('Cone',#12684,0.,0.244978663127) ;
#12707=CONICAL_SURFACE('Cone',#12706,0.,0.244978663127) ;
#12734=CONICAL_SURFACE('Cone',#12733,0.,0.244978663127) ;
#12761=CONICAL_SURFACE('Cone',#12760,0.,0.244978663127) ;
#12773=CONICAL_SURFACE('Cone',#12772,0.,0.244978663127) ;
#12800=CONICAL_SURFACE('Cone',#12799,0.,0.244978663127) ;
#12812=CONICAL_SURFACE('Cone',#12811,0.,0.244978663127) ;
#12839=CONICAL_SURFACE('Cone',#12838,0.,0.244978663127) ;
#12851=CONICAL_SURFACE('Cone',#12850,0.,0.244978663127) ;
#12878=CONICAL_SURFACE('Cone',#12877,0.,0.244978663127) ;
#12942=CONICAL_SURFACE('Cone',#12941,2.55,0.00872664625997) ;
#12967=CONICAL_SURFACE('Cone',#12966,2.55,0.00872664625997) ;
#12997=CONICAL_SURFACE('Cone',#12996,2.55,0.00872664625997) ;
#13051=CONICAL_SURFACE('Cone',#13050,2.55,0.00872664625997) ;
#14569=SHAPE_REPRESENTATION_RELATIONSHIP(' ',' ',#48,#14568) ;
#450=CYLINDRICAL_SURFACE('generated cylinder',#449,0.3) ;
#622=CYLINDRICAL_SURFACE('generated cylinder',#621,0.3) ;
#670=CYLINDRICAL_SURFACE('generated cylinder',#669,0.3) ;
#912=CYLINDRICAL_SURFACE('generated cylinder',#911,1.) ;
#938=CYLINDRICAL_SURFACE('generated cylinder',#937,0.3) ;
#969=CYLINDRICAL_SURFACE('generated cylinder',#968,1.) ;
#1209=CYLINDRICAL_SURFACE('generated cylinder',#1208,0.3) ;
#1352=CYLINDRICAL_SURFACE('generated cylinder',#1351,0.8) ;
#1453=CYLINDRICAL_SURFACE('generated cylinder',#1452,0.3) ;
#1530=CYLINDRICAL_SURFACE('generated cylinder',#1529,0.3) ;
#1571=CYLINDRICAL_SURFACE('generated cylinder',#1570,0.3) ;
#1611=CYLINDRICAL_SURFACE('generated cylinder',#1610,0.3) ;
#1751=CYLINDRICAL_SURFACE('generated cylinder',#1750,0.8) ;
#1768=CYLINDRICAL_SURFACE('generated cylinder',#1767,1.) ;
#2070=CYLINDRICAL_SURFACE('generated cylinder',#2069,0.8) ;
#2117=CYLINDRICAL_SURFACE('generated cylinder',#2116,0.8) ;
#2697=CYLINDRICAL_SURFACE('generated cylinder',#2696,1.) ;
#2739=CYLINDRICAL_SURFACE('generated cylinder',#2738,0.8) ;
#2786=CYLINDRICAL_SURFACE('generated cylinder',#2785,0.8) ;
#2961=CYLINDRICAL_SURFACE('generated cylinder',#2960,0.8) ;
#2978=CYLINDRICAL_SURFACE('generated cylinder',#2977,0.3) ;
#3019=CYLINDRICAL_SURFACE('generated cylinder',#3018,0.3) ;
#3036=CYLINDRICAL_SURFACE('generated cylinder',#3035,0.8) ;
#3067=CYLINDRICAL_SURFACE('generated cylinder',#3066,0.8) ;
#3113=CYLINDRICAL_SURFACE('generated cylinder',#3112,0.8) ;
#3137=CYLINDRICAL_SURFACE('generated cylinder',#3136,0.8) ;
#3161=CYLINDRICAL_SURFACE('generated cylinder',#3160,0.8) ;
#3185=CYLINDRICAL_SURFACE('generated cylinder',#3184,0.8) ;
#3222=CYLINDRICAL_SURFACE('generated cylinder',#3221,0.8) ;
#3341=CYLINDRICAL_SURFACE('generated cylinder',#3340,0.8) ;
#3473=CYLINDRICAL_SURFACE('generated cylinder',#3472,0.8) ;
#3490=CYLINDRICAL_SURFACE('generated cylinder',#3489,0.8) ;
#3581=CYLINDRICAL_SURFACE('generated cylinder',#3580,0.3) ;
#3636=CYLINDRICAL_SURFACE('generated cylinder',#3635,0.3) ;
#3874=CYLINDRICAL_SURFACE('generated cylinder',#3873,0.3) ;
#3917=CYLINDRICAL_SURFACE('generated cylinder',#3916,0.3) ;
#3972=CYLINDRICAL_SURFACE('generated cylinder',#3971,0.3) ;
#4031=CYLINDRICAL_SURFACE('generated cylinder',#4030,0.3) ;
#4043=CYLINDRICAL_SURFACE('generated cylinder',#4042,0.3) ;
#5484=CYLINDRICAL_SURFACE('generated cylinder',#5483,0.8) ;
#5517=CYLINDRICAL_SURFACE('generated cylinder',#5516,0.8) ;
#5529=CYLINDRICAL_SURFACE('generated cylinder',#5528,0.8) ;
#6532=CYLINDRICAL_SURFACE('generated cylinder',#6531,0.8) ;
#6551=CYLINDRICAL_SURFACE('generated cylinder',#6550,0.8) ;
#6575=CYLINDRICAL_SURFACE('generated cylinder',#6574,0.3) ;
#6700=CYLINDRICAL_SURFACE('generated cylinder',#6699,0.3) ;
#6740=CYLINDRICAL_SURFACE('generated cylinder',#6739,0.8) ;
#6769=CYLINDRICAL_SURFACE('generated cylinder',#6768,0.8) ;
#6791=CYLINDRICAL_SURFACE('generated cylinder',#6790,0.8) ;
#6820=CYLINDRICAL_SURFACE('generated cylinder',#6819,0.8) ;
#6851=CYLINDRICAL_SURFACE('generated cylinder',#6850,0.8) ;
#6887=CYLINDRICAL_SURFACE('generated cylinder',#6886,0.3) ;
#6987=CYLINDRICAL_SURFACE('generated cylinder',#6986,0.3) ;
#7021=CYLINDRICAL_SURFACE('generated cylinder',#7020,0.8) ;
#7093=CYLINDRICAL_SURFACE('generated cylinder',#7092,0.3) ;
#7134=CYLINDRICAL_SURFACE('generated cylinder',#7133,0.3) ;
#7174=CYLINDRICAL_SURFACE('generated cylinder',#7173,0.3) ;
#7191=CYLINDRICAL_SURFACE('generated cylinder',#7190,0.3) ;
#8338=CYLINDRICAL_SURFACE('generated cylinder',#8337,3.25) ;
#8557=CYLINDRICAL_SURFACE('generated cylinder',#8556,3.15) ;
#9133=CYLINDRICAL_SURFACE('generated cylinder',#9132,3.15) ;
#9250=CYLINDRICAL_SURFACE('generated cylinder',#9249,0.8) ;
#9269=CYLINDRICAL_SURFACE('generated cylinder',#9268,0.8) ;
#9288=CYLINDRICAL_SURFACE('generated cylinder',#9287,0.3) ;
#9379=CYLINDRICAL_SURFACE('generated cylinder',#9378,0.3) ;
#9396=CYLINDRICAL_SURFACE('generated cylinder',#9395,0.8) ;
#9415=CYLINDRICAL_SURFACE('generated cylinder',#9414,0.8) ;
#9432=CYLINDRICAL_SURFACE('generated cylinder',#9431,0.8) ;
#9456=CYLINDRICAL_SURFACE('generated cylinder',#9455,0.3) ;
#9490=CYLINDRICAL_SURFACE('generated cylinder',#9489,0.3) ;
#9517=CYLINDRICAL_SURFACE('generated cylinder',#9516,0.3) ;
#9637=CYLINDRICAL_SURFACE('generated cylinder',#9636,0.3) ;
#9762=CYLINDRICAL_SURFACE('generated cylinder',#9761,0.3) ;
#9786=CYLINDRICAL_SURFACE('generated cylinder',#9785,0.3) ;
#9811=CYLINDRICAL_SURFACE('generated cylinder',#9810,0.3) ;
#9836=CYLINDRICAL_SURFACE('generated cylinder',#9835,0.3) ;
#9949=CYLINDRICAL_SURFACE('generated cylinder',#9948,0.3) ;
#9974=CYLINDRICAL_SURFACE('generated cylinder',#9973,0.3) ;
#9999=CYLINDRICAL_SURFACE('generated cylinder',#9998,0.3) ;
#10297=CYLINDRICAL_SURFACE('generated cylinder',#10296,2.75) ;
#10374=CYLINDRICAL_SURFACE('generated cylinder',#10373,3.25) ;
#10458=CYLINDRICAL_SURFACE('generated cylinder',#10457,1.75) ;
#10529=CYLINDRICAL_SURFACE('generated cylinder',#10528,1.75) ;
#11467=CYLINDRICAL_SURFACE('generated cylinder',#11466,1.75) ;
#11618=CYLINDRICAL_SURFACE('generated cylinder',#11617,1.75) ;
#11854=CYLINDRICAL_SURFACE('generated cylinder',#11853,2.75) ;
#12242=CYLINDRICAL_SURFACE('generated cylinder',#12241,1.75) ;
#12303=CYLINDRICAL_SURFACE('generated cylinder',#12302,1.75) ;
#12719=CYLINDRICAL_SURFACE('generated cylinder',#12718,3.15) ;
#9541=TOROIDAL_SURFACE('homeo Torus',#9540,2.28423292192,0.3) ;
#9572=TOROIDAL_SURFACE('homeo Torus',#9571,2.28423292192,0.3) ;
#9589=TOROIDAL_SURFACE('homeo Torus',#9588,2.28423292192,0.3) ;
#9620=TOROIDAL_SURFACE('homeo Torus',#9619,2.28423292192,0.3) ;
#9853=TOROIDAL_SURFACE('homeo Torus',#9852,2.28423292192,0.3) ;
#9884=TOROIDAL_SURFACE('homeo Torus',#9883,2.28423292192,0.3) ;
#9901=TOROIDAL_SURFACE('homeo Torus',#9900,2.28423292192,0.3) ;
#9932=TOROIDAL_SURFACE('homeo Torus',#9931,2.28423292192,0.3) ;
#10016=TOROIDAL_SURFACE('homeo Torus',#10015,2.28423292192,0.3) ;
#10047=TOROIDAL_SURFACE('homeo Torus',#10046,2.28423292192,0.3) ;
#10064=TOROIDAL_SURFACE('homeo Torus',#10063,2.28423292192,0.3) ;
#10095=TOROIDAL_SURFACE('homeo Torus',#10094,2.28423292192,0.3) ;
#3=DESIGN_CONTEXT(' ',#1,'design') ;
#64=EDGE_CURVE('',#61,#63,#59,.F.) ;
#71=EDGE_CURVE('',#63,#70,#68,.T.) ;
#78=EDGE_CURVE('',#77,#70,#75,.F.) ;
#83=EDGE_CURVE('',#61,#77,#82,.T.) ;
#104=EDGE_CURVE('',#101,#103,#99,.F.) ;
#123=EDGE_CURVE('',#122,#101,#105,.T.) ;
#129=EDGE_CURVE('',#122,#128,#124,.F.) ;
#136=EDGE_CURVE('',#128,#135,#133,.T.) ;
#142=EDGE_CURVE('',#135,#141,#137,.T.) ;
#149=EDGE_CURVE('',#148,#141,#146,.F.) ;
#155=EDGE_CURVE('',#154,#148,#150,.T.) ;
#162=EDGE_CURVE('',#161,#154,#159,.T.) ;
#168=EDGE_CURVE('',#161,#167,#163,.T.) ;
#175=EDGE_CURVE('',#174,#167,#172,.F.) ;
#181=EDGE_CURVE('',#180,#174,#176,.T.) ;
#188=EDGE_CURVE('',#187,#180,#185,.F.) ;
#194=EDGE_CURVE('',#187,#193,#189,.T.) ;
#213=EDGE_CURVE('',#212,#193,#195,.F.) ;
#219=EDGE_CURVE('',#218,#212,#214,.F.) ;
#238=EDGE_CURVE('',#237,#218,#220,.T.) ;
#244=EDGE_CURVE('',#237,#243,#239,.F.) ;
#251=EDGE_CURVE('',#250,#243,#248,.F.) ;
#255=EDGE_CURVE('',#250,#63,#252,.T.) ;
#261=EDGE_CURVE('',#260,#61,#256,.T.) ;
#268=EDGE_CURVE('',#260,#267,#265,.T.) ;
#274=EDGE_CURVE('',#267,#273,#269,.T.) ;
#291=EDGE_CURVE('',#103,#273,#275,.F.) ;
#334=EDGE_CURVE('',#331,#333,#324,.F.) ;
#338=EDGE_CURVE('',#331,#70,#335,.F.) ;
#344=EDGE_CURVE('',#250,#343,#339,.F.) ;
#350=EDGE_CURVE('',#343,#349,#345,.T.) ;
#357=EDGE_CURVE('',#349,#356,#354,.T.) ;
#362=EDGE_CURVE('',#356,#333,#361,.T.) ;
#384=EDGE_CURVE('',#77,#383,#379,.T.) ;
#389=EDGE_CURVE('',#383,#331,#388,.F.) ;
#410=EDGE_CURVE('',#407,#409,#405,.T.) ;
#417=EDGE_CURVE('',#416,#407,#414,.T.) ;
#423=EDGE_CURVE('',#416,#422,#418,.F.) ;
#427=EDGE_CURVE('',#260,#422,#424,.F.) ;
#434=EDGE_CURVE('',#409,#383,#428,.T.) ;
#457=EDGE_CURVE('',#273,#456,#454,.F.) ;
#464=EDGE_CURVE('',#463,#456,#461,.F.) ;
#469=EDGE_CURVE('',#103,#463,#468,.F.) ;
#487=EDGE_CURVE('',#456,#486,#482,.T.) ;
#494=EDGE_CURVE('',#493,#267,#491,.F.) ;
#499=EDGE_CURVE('',#486,#493,#498,.F.) ;
#519=EDGE_CURVE('',#518,#422,#516,.T.) ;
#526=EDGE_CURVE('',#525,#518,#523,.T.) ;
#531=EDGE_CURVE('',#525,#135,#530,.T.) ;
#536=EDGE_CURVE('',#267,#128,#535,.T.) ;
#551=EDGE_CURVE('',#243,#187,#550,.F.) ;
#558=EDGE_CURVE('',#557,#180,#555,.T.) ;
#565=EDGE_CURVE('',#564,#557,#562,.T.) ;
#570=EDGE_CURVE('',#343,#564,#569,.T.) ;
#594=EDGE_CURVE('',#591,#593,#589,.T.) ;
#599=EDGE_CURVE('',#243,#591,#598,.T.) ;
#605=EDGE_CURVE('',#604,#237,#600,.T.) ;
#609=EDGE_CURVE('',#593,#604,#606,.F.) ;
#629=EDGE_CURVE('',#628,#218,#626,.T.) ;
#634=EDGE_CURVE('',#628,#604,#633,.T.) ;
#653=EDGE_CURVE('',#212,#652,#650,.F.) ;
#658=EDGE_CURVE('',#652,#628,#657,.T.) ;
#677=EDGE_CURVE('',#193,#676,#674,.F.) ;
#682=EDGE_CURVE('',#652,#676,#681,.F.) ;
#700=EDGE_CURVE('',#676,#699,#695,.T.) ;
#707=EDGE_CURVE('',#706,#187,#704,.F.) ;
#712=EDGE_CURVE('',#699,#706,#711,.F.) ;
#734=EDGE_CURVE('',#731,#733,#729,.F.) ;
#741=EDGE_CURVE('',#733,#740,#738,.F.) ;
#745=EDGE_CURVE('',#740,#557,#742,.F.) ;
#752=EDGE_CURVE('',#174,#751,#749,.T.) ;
#758=EDGE_CURVE('',#751,#757,#753,.T.) ;
#765=EDGE_CURVE('',#731,#757,#759,.T.) ;
#797=EDGE_CURVE('',#794,#796,#777,.F.) ;
#804=EDGE_CURVE('',#794,#803,#801,.F.) ;
#811=EDGE_CURVE('',#803,#810,#808,.T.) ;
#818=EDGE_CURVE('',#817,#810,#815,.T.) ;
#837=EDGE_CURVE('',#836,#817,#819,.F.) ;
#844=EDGE_CURVE('',#843,#836,#841,.T.) ;
#863=EDGE_CURVE('',#862,#843,#845,.T.) ;
#868=EDGE_CURVE('',#751,#862,#867,.F.) ;
#887=EDGE_CURVE('',#886,#167,#869,.T.) ;
#892=EDGE_CURVE('',#886,#796,#891,.T.) ;
#919=EDGE_CURVE('',#918,#886,#916,.T.) ;
#926=EDGE_CURVE('',#918,#161,#920,.T.) ;
#945=EDGE_CURVE('',#944,#161,#942,.T.) ;
#952=EDGE_CURVE('',#951,#154,#949,.T.) ;
#957=EDGE_CURVE('',#944,#951,#956,.T.) ;
#978=EDGE_CURVE('',#148,#977,#970,.T.) ;
#985=EDGE_CURVE('',#984,#977,#982,.T.) ;
#992=EDGE_CURVE('',#154,#984,#986,.T.) ;
#1020=EDGE_CURVE('',#1017,#1019,#1000,.T.) ;
#1025=EDGE_CURVE('',#1017,#977,#1024,.T.) ;
#1032=EDGE_CURVE('',#141,#1031,#1029,.T.) ;
#1039=EDGE_CURVE('',#1038,#1031,#1036,.F.) ;
#1058=EDGE_CURVE('',#1057,#1038,#1040,.F.) ;
#1065=EDGE_CURVE('',#1064,#1057,#1062,.F.) ;
#1084=EDGE_CURVE('',#1083,#1064,#1066,.F.) ;
#1091=EDGE_CURVE('',#1090,#1083,#1088,.T.) ;
#1098=EDGE_CURVE('',#1097,#1090,#1095,.T.) ;
#1103=EDGE_CURVE('',#1097,#1019,#1102,.F.) ;
#1134=EDGE_CURVE('',#1131,#1133,#1124,.F.) ;
#1138=EDGE_CURVE('',#1131,#1031,#1135,.F.) ;
#1144=EDGE_CURVE('',#525,#1143,#1139,.T.) ;
#1151=EDGE_CURVE('',#1150,#1143,#1148,.F.) ;
#1156=EDGE_CURVE('',#1133,#1150,#1155,.F.) ;
#1181=EDGE_CURVE('',#1178,#1180,#1176,.T.) ;
#1186=EDGE_CURVE('',#128,#1178,#1185,.T.) ;
#1192=EDGE_CURVE('',#1191,#122,#1187,.T.) ;
#1196=EDGE_CURVE('',#1180,#1191,#1193,.F.) ;
#1216=EDGE_CURVE('',#1215,#101,#1213,.T.) ;
#1221=EDGE_CURVE('',#1215,#1191,#1220,.T.) ;
#1233=EDGE_CURVE('',#463,#1215,#1232,.T.) ;
#1250=EDGE_CURVE('',#409,#333,#1249,.F.) ;
#1255=EDGE_CURVE('',#349,#416,#1254,.T.) ;
#1278=EDGE_CURVE('',#1275,#1277,#1273,.F.) ;
#1284=EDGE_CURVE('',#1283,#1275,#1279,.F.) ;
#1291=EDGE_CURVE('',#1283,#1290,#1288,.T.) ;
#1297=EDGE_CURVE('',#1296,#1290,#1292,.F.) ;
#1302=EDGE_CURVE('',#1143,#1296,#1301,.T.) ;
#1309=EDGE_CURVE('',#1308,#740,#1306,.T.) ;
#1315=EDGE_CURVE('',#1314,#1308,#1310,.T.) ;
#1322=EDGE_CURVE('',#1321,#1314,#1319,.F.) ;
#1326=EDGE_CURVE('',#1321,#1277,#1323,.F.) ;
#1371=EDGE_CURVE('',#1370,#456,#1368,.T.) ;
#1377=EDGE_CURVE('',#463,#1370,#1372,.T.) ;
#1410=EDGE_CURVE('',#486,#1409,#1389,.F.) ;
#1432=EDGE_CURVE('',#1431,#1180,#1411,.F.) ;
#1437=EDGE_CURVE('',#1431,#1409,#1436,.F.) ;
#1458=EDGE_CURVE('',#1370,#1409,#1457,.T.) ;
#1487=EDGE_CURVE('',#1486,#593,#1466,.F.) ;
#1494=EDGE_CURVE('',#1486,#1493,#1491,.F.) ;
#1514=EDGE_CURVE('',#699,#1493,#1495,.F.) ;
#1537=EDGE_CURVE('',#1536,#604,#1534,.F.) ;
#1542=EDGE_CURVE('',#1486,#1536,#1541,.F.) ;
#1560=EDGE_CURVE('',#1536,#628,#1555,.F.) ;
#1578=EDGE_CURVE('',#652,#1577,#1575,.T.) ;
#1583=EDGE_CURVE('',#1577,#1536,#1582,.T.) ;
#1600=EDGE_CURVE('',#1577,#676,#1599,.T.) ;
#1616=EDGE_CURVE('',#1577,#1493,#1615,.T.) ;
#1630=EDGE_CURVE('',#731,#1629,#1627,.T.) ;
#1637=EDGE_CURVE('',#1629,#1636,#1634,.F.) ;
#1644=EDGE_CURVE('',#1636,#1643,#1641,.T.) ;
#1651=EDGE_CURVE('',#1643,#1650,#1648,.T.) ;
#1658=EDGE_CURVE('',#1650,#1657,#1655,.F.) ;
#1665=EDGE_CURVE('',#1657,#1664,#1662,.F.) ;
#1684=EDGE_CURVE('',#1683,#1664,#1666,.F.) ;
#1691=EDGE_CURVE('',#1690,#1683,#1688,.T.) ;
#1708=EDGE_CURVE('',#1308,#1690,#1692,.T.) ;
#1734=EDGE_CURVE('',#1733,#862,#1729,.T.) ;
#1739=EDGE_CURVE('',#757,#1733,#1738,.F.) ;
#1756=EDGE_CURVE('',#1629,#1733,#1755,.T.) ;
#1775=EDGE_CURVE('',#794,#1774,#1772,.F.) ;
#1782=EDGE_CURVE('',#796,#1781,#1779,.F.) ;
#1789=EDGE_CURVE('',#1774,#1781,#1783,.T.) ;
#1809=EDGE_CURVE('',#1806,#1808,#1802,.F.) ;
#1816=EDGE_CURVE('',#1808,#1815,#1813,.T.) ;
#1820=EDGE_CURVE('',#1815,#803,#1817,.T.) ;
#1827=EDGE_CURVE('',#1826,#1774,#1824,.T.) ;
#1831=EDGE_CURVE('',#1826,#1019,#1828,.T.) ;
#1837=EDGE_CURVE('',#1836,#1097,#1832,.T.) ;
#1844=EDGE_CURVE('',#1843,#1836,#1841,.F.) ;
#1850=EDGE_CURVE('',#1843,#1849,#1845,.T.) ;
#1869=EDGE_CURVE('',#1868,#1849,#1851,.F.) ;
#1875=EDGE_CURVE('',#1874,#1868,#1870,.F.) ;
#1894=EDGE_CURVE('',#1893,#1874,#1876,.T.) ;
#1900=EDGE_CURVE('',#1893,#1899,#1895,.F.) ;
#1907=EDGE_CURVE('',#1906,#1899,#1904,.F.) ;
#1913=EDGE_CURVE('',#1906,#1912,#1908,.T.) ;
#1920=EDGE_CURVE('',#1919,#1912,#1917,.F.) ;
#1926=EDGE_CURVE('',#1925,#1919,#1921,.T.) ;
#1933=EDGE_CURVE('',#1925,#1932,#1930,.T.) ;
#1939=EDGE_CURVE('',#1932,#1938,#1934,.T.) ;
#1958=EDGE_CURVE('',#1957,#1938,#1940,.F.) ;
#1964=EDGE_CURVE('',#1963,#1957,#1959,.F.) ;
#1981=EDGE_CURVE('',#1806,#1963,#1965,.T.) ;
#2014=EDGE_CURVE('',#2013,#810,#2009,.F.) ;
#2020=EDGE_CURVE('',#2019,#1815,#2015,.T.) ;
#2024=EDGE_CURVE('',#2019,#1657,#2021,.T.) ;
#2031=EDGE_CURVE('',#2013,#1643,#2025,.F.) ;
#2053=EDGE_CURVE('',#2052,#817,#2048,.F.) ;
#2058=EDGE_CURVE('',#2052,#2013,#2057,.T.) ;
#2077=EDGE_CURVE('',#2052,#2076,#2074,.F.) ;
#2082=EDGE_CURVE('',#2076,#836,#2081,.F.) ;
#2101=EDGE_CURVE('',#2100,#2076,#2098,.T.) ;
#2105=EDGE_CURVE('',#2100,#843,#2102,.T.) ;
#2122=EDGE_CURVE('',#1733,#2100,#2121,.F.) ;
#2139=EDGE_CURVE('',#1781,#918,#2138,.F.) ;
#2192=EDGE_CURVE('',#2191,#918,#2184,.F.) ;
#2206=EDGE_CURVE('',#2191,#944,#2193,.T.) ;
#2259=EDGE_CURVE('',#2258,#984,#2251,.F.) ;
#2273=EDGE_CURVE('',#951,#2258,#2260,.T.) ;
#2292=EDGE_CURVE('',#2258,#2291,#2289,.T.) ;
#2308=EDGE_CURVE('',#2291,#2307,#2293,.T.) ;
#2315=EDGE_CURVE('',#2307,#2314,#2312,.F.) ;
#2331=EDGE_CURVE('',#2314,#2330,#2316,.T.) ;
#2336=EDGE_CURVE('',#2330,#2191,#2335,.T.) ;
#2355=EDGE_CURVE('',#2352,#2354,#2350,.T.) ;
#2362=EDGE_CURVE('',#2361,#2352,#2359,.F.) ;
#2369=EDGE_CURVE('',#2361,#2368,#2366,.T.) ;
#2376=EDGE_CURVE('',#2375,#2368,#2373,.T.) ;
#2383=EDGE_CURVE('',#2375,#2382,#2380,.T.) ;
#2390=EDGE_CURVE('',#2382,#2389,#2387,.T.) ;
#2397=EDGE_CURVE('',#2389,#2396,#2394,.T.) ;
#2404=EDGE_CURVE('',#2403,#2396,#2401,.F.) ;
#2411=EDGE_CURVE('',#2403,#2410,#2408,.F.) ;
#2418=EDGE_CURVE('',#2417,#2410,#2415,.T.) ;
#2425=EDGE_CURVE('',#2417,#2424,#2422,.T.) ;
#2432=EDGE_CURVE('',#2431,#2424,#2429,.F.) ;
#2439=EDGE_CURVE('',#2438,#2431,#2436,.T.) ;
#2446=EDGE_CURVE('',#2445,#2438,#2443,.T.) ;
#2453=EDGE_CURVE('',#2445,#2452,#2450,.T.) ;
#2460=EDGE_CURVE('',#2452,#2459,#2457,.T.) ;
#2467=EDGE_CURVE('',#2459,#2466,#2464,.F.) ;
#2474=EDGE_CURVE('',#2473,#2466,#2471,.T.) ;
#2481=EDGE_CURVE('',#2473,#2480,#2478,.T.) ;
#2488=EDGE_CURVE('',#2480,#2487,#2485,.F.) ;
#2495=EDGE_CURVE('',#2487,#2494,#2492,.T.) ;
#2502=EDGE_CURVE('',#2501,#2494,#2499,.T.) ;
#2509=EDGE_CURVE('',#2501,#2508,#2506,.F.) ;
#2516=EDGE_CURVE('',#2515,#2508,#2513,.F.) ;
#2523=EDGE_CURVE('',#2522,#2515,#2520,.T.) ;
#2530=EDGE_CURVE('',#2522,#2529,#2527,.F.) ;
#2537=EDGE_CURVE('',#2529,#2536,#2534,.F.) ;
#2544=EDGE_CURVE('',#2543,#2536,#2541,.T.) ;
#2551=EDGE_CURVE('',#2543,#2550,#2548,.T.) ;
#2558=EDGE_CURVE('',#2550,#2557,#2555,.T.) ;
#2565=EDGE_CURVE('',#2557,#2564,#2562,.F.) ;
#2572=EDGE_CURVE('',#2571,#2564,#2569,.T.) ;
#2579=EDGE_CURVE('',#2578,#2571,#2576,.F.) ;
#2586=EDGE_CURVE('',#2585,#2578,#2583,.F.) ;
#2593=EDGE_CURVE('',#2585,#2592,#2590,.F.) ;
#2600=EDGE_CURVE('',#2599,#2592,#2597,.T.) ;
#2607=EDGE_CURVE('',#2599,#2606,#2604,.T.) ;
#2614=EDGE_CURVE('',#2613,#2606,#2611,.F.) ;
#2621=EDGE_CURVE('',#2613,#2620,#2618,.F.) ;
#2626=EDGE_CURVE('',#2620,#2354,#2625,.T.) ;
#2680=EDGE_CURVE('',#2679,#1017,#2675,.T.) ;
#2685=EDGE_CURVE('',#984,#2679,#2684,.F.) ;
#2704=EDGE_CURVE('',#2679,#1826,#2698,.T.) ;
#2723=EDGE_CURVE('',#2722,#1131,#2720,.F.) ;
#2727=EDGE_CURVE('',#1038,#2722,#2724,.F.) ;
#2746=EDGE_CURVE('',#2745,#2722,#2743,.F.) ;
#2751=EDGE_CURVE('',#1057,#2745,#2750,.F.) ;
#2769=EDGE_CURVE('',#1064,#2768,#2764,.F.) ;
#2774=EDGE_CURVE('',#2745,#2768,#2773,.T.) ;
#2793=EDGE_CURVE('',#1083,#2792,#2790,.F.) ;
#2798=EDGE_CURVE('',#2768,#2792,#2797,.T.) ;
#2817=EDGE_CURVE('',#2792,#2816,#2814,.F.) ;
#2821=EDGE_CURVE('',#1090,#2816,#2818,.T.) ;
#2837=EDGE_CURVE('',#2836,#2816,#2829,.T.) ;
#2844=EDGE_CURVE('',#2836,#2843,#2841,.T.) ;
#2851=EDGE_CURVE('',#2843,#2850,#2848,.T.) ;
#2857=EDGE_CURVE('',#2850,#2856,#2852,.F.) ;
#2861=EDGE_CURVE('',#2856,#1836,#2858,.T.) ;
#2879=EDGE_CURVE('',#2878,#2836,#2876,.F.) ;
#2886=EDGE_CURVE('',#2885,#2878,#2883,.T.) ;
#2891=EDGE_CURVE('',#2885,#1133,#2890,.F.) ;
#2910=EDGE_CURVE('',#2909,#1296,#2892,.F.) ;
#2917=EDGE_CURVE('',#2916,#2909,#2914,.F.) ;
#2936=EDGE_CURVE('',#2935,#2916,#2918,.T.) ;
#2941=EDGE_CURVE('',#2935,#2850,#2940,.F.) ;
#2966=EDGE_CURVE('',#2722,#2885,#2965,.T.) ;
#2985=EDGE_CURVE('',#2984,#1191,#2982,.F.) ;
#2990=EDGE_CURVE('',#1431,#2984,#2989,.F.) ;
#3008=EDGE_CURVE('',#2984,#1215,#3003,.F.) ;
#3024=EDGE_CURVE('',#1370,#2984,#3023,.T.) ;
#3043=EDGE_CURVE('',#3042,#1275,#3040,.T.) ;
#3050=EDGE_CURVE('',#3049,#1277,#3047,.T.) ;
#3055=EDGE_CURVE('',#3042,#3049,#3054,.T.) ;
#3074=EDGE_CURVE('',#3073,#1275,#3071,.F.) ;
#3081=EDGE_CURVE('',#3080,#3073,#3078,.F.) ;
#3089=EDGE_CURVE('',#3080,#3088,#3082,.T.) ;
#3100=EDGE_CURVE('',#3088,#1283,#3090,.T.) ;
#3120=EDGE_CURVE('',#3119,#3088,#3117,.T.) ;
#3125=EDGE_CURVE('',#3119,#1290,#3124,.T.) ;
#3144=EDGE_CURVE('',#2909,#3143,#3141,.F.) ;
#3149=EDGE_CURVE('',#3143,#1290,#3148,.F.) ;
#3168=EDGE_CURVE('',#3167,#1690,#3165,.T.) ;
#3173=EDGE_CURVE('',#1314,#3167,#3172,.F.) ;
#3192=EDGE_CURVE('',#3191,#1314,#3189,.T.) ;
#3199=EDGE_CURVE('',#3198,#3191,#3196,.T.) ;
#3210=EDGE_CURVE('',#3198,#1321,#3200,.T.) ;
#3231=EDGE_CURVE('',#3228,#3230,#3226,.T.) ;
#3236=EDGE_CURVE('',#3228,#1277,#3235,.T.) ;
#3242=EDGE_CURVE('',#3198,#3230,#3237,.F.) ;
#3286=EDGE_CURVE('',#3167,#3285,#3283,.F.) ;
#3292=EDGE_CURVE('',#1683,#3291,#3287,.F.) ;
#3299=EDGE_CURVE('',#3298,#3291,#3296,.F.) ;
#3305=EDGE_CURVE('',#3304,#3298,#3300,.T.) ;
#3321=EDGE_CURVE('',#3320,#3304,#3306,.T.) ;
#3325=EDGE_CURVE('',#3285,#3320,#3322,.F.) ;
#3348=EDGE_CURVE('',#1664,#3347,#3345,.F.) ;
#3353=EDGE_CURVE('',#3291,#3347,#3352,.F.) ;
#3372=EDGE_CURVE('',#3347,#3371,#3369,.T.) ;
#3379=EDGE_CURVE('',#2019,#3378,#3376,.T.) ;
#3386=EDGE_CURVE('',#3378,#3385,#3383,.T.) ;
#3392=EDGE_CURVE('',#3391,#3385,#3387,.F.) ;
#3399=EDGE_CURVE('',#3398,#3391,#3396,.F.) ;
#3405=EDGE_CURVE('',#3404,#3398,#3400,.T.) ;
#3412=EDGE_CURVE('',#3404,#3411,#3409,.T.) ;
#3417=EDGE_CURVE('',#3411,#2856,#3416,.T.) ;
#3423=EDGE_CURVE('',#3422,#2935,#3418,.T.) ;
#3430=EDGE_CURVE('',#3422,#3429,#3427,.F.) ;
#3436=EDGE_CURVE('',#3435,#3429,#3431,.T.) ;
#3443=EDGE_CURVE('',#3442,#3435,#3440,.T.) ;
#3447=EDGE_CURVE('',#3442,#3371,#3444,.T.) ;
#3478=EDGE_CURVE('',#1636,#2052,#3477,.T.) ;
#3495=EDGE_CURVE('',#1629,#2100,#3494,.F.) ;
#3500=EDGE_CURVE('',#1636,#2076,#3499,.F.) ;
#3562=EDGE_CURVE('',#2314,#1774,#3556,.F.) ;
#3569=EDGE_CURVE('',#2330,#1781,#3563,.F.) ;
#3588=EDGE_CURVE('',#3587,#1963,#3585,.T.) ;
#3595=EDGE_CURVE('',#3587,#3594,#3592,.T.) ;
#3600=EDGE_CURVE('',#3594,#1806,#3599,.T.) ;
#3619=EDGE_CURVE('',#1957,#3618,#3616,.F.) ;
#3624=EDGE_CURVE('',#3618,#3587,#3623,.F.) ;
#3643=EDGE_CURVE('',#1938,#3642,#3640,.F.) ;
#3648=EDGE_CURVE('',#3618,#3642,#3647,.F.) ;
#3667=EDGE_CURVE('',#3666,#1932,#3664,.T.) ;
#3674=EDGE_CURVE('',#3673,#3666,#3671,.T.) ;
#3678=EDGE_CURVE('',#3642,#3673,#3675,.T.) ;
#3696=EDGE_CURVE('',#1925,#3385,#3695,.F.) ;
#3701=EDGE_CURVE('',#1932,#1808,#3700,.F.) ;
#3722=EDGE_CURVE('',#3719,#3721,#3712,.T.) ;
#3729=EDGE_CURVE('',#3728,#3719,#3726,.F.) ;
#3734=EDGE_CURVE('',#3391,#3728,#3733,.F.) ;
#3741=EDGE_CURVE('',#1919,#3740,#3738,.F.) ;
#3745=EDGE_CURVE('',#3740,#3721,#3742,.T.) ;
#3763=EDGE_CURVE('',#1912,#3762,#3760,.T.) ;
#3768=EDGE_CURVE('',#3740,#3762,#3767,.T.) ;
#3781=EDGE_CURVE('',#3780,#3762,#3776,.F.) ;
#3785=EDGE_CURVE('',#1906,#3404,#3782,.F.) ;
#3792=EDGE_CURVE('',#3398,#3791,#3789,.F.) ;
#3799=EDGE_CURVE('',#3791,#3798,#3796,.F.) ;
#3806=EDGE_CURVE('',#3780,#3798,#3800,.F.) ;
#3822=EDGE_CURVE('',#1899,#1843,#3821,.T.) ;
#3843=EDGE_CURVE('',#3842,#1893,#3838,.T.) ;
#3849=EDGE_CURVE('',#3848,#3842,#3844,.F.) ;
#3856=EDGE_CURVE('',#3855,#3848,#3853,.F.) ;
#3861=EDGE_CURVE('',#1899,#3855,#3860,.F.) ;
#3881=EDGE_CURVE('',#3880,#1874,#3878,.T.) ;
#3886=EDGE_CURVE('',#3880,#3842,#3885,.T.) ;
#3900=EDGE_CURVE('',#1868,#3899,#3897,.T.) ;
#3905=EDGE_CURVE('',#3899,#3880,#3904,.F.) ;
#3924=EDGE_CURVE('',#1849,#3923,#3921,.T.) ;
#3929=EDGE_CURVE('',#3899,#3923,#3928,.T.) ;
#3948=EDGE_CURVE('',#3947,#1843,#3945,.T.) ;
#3955=EDGE_CURVE('',#3954,#3947,#3952,.T.) ;
#3959=EDGE_CURVE('',#3923,#3954,#3956,.T.) ;
#3977=EDGE_CURVE('',#2307,#1826,#3976,.F.) ;
#3995=EDGE_CURVE('',#3994,#3594,#3990,.F.) ;
#4002=EDGE_CURVE('',#4001,#3994,#3999,.F.) ;
#4007=EDGE_CURVE('',#1808,#4001,#4006,.F.) ;
#4048=EDGE_CURVE('',#2291,#2679,#4047,.T.) ;
#4113=EDGE_CURVE('',#4110,#4112,#4108,.F.) ;
#4119=EDGE_CURVE('',#4118,#4110,#4114,.F.) ;
#4126=EDGE_CURVE('',#4125,#4118,#4123,.T.) ;
#4130=EDGE_CURVE('',#2389,#4125,#4127,.F.) ;
#4136=EDGE_CURVE('',#4135,#2382,#4131,.F.) ;
#4142=EDGE_CURVE('',#4141,#4135,#4137,.F.) ;
#4149=EDGE_CURVE('',#4148,#4141,#4146,.T.) ;
#4155=EDGE_CURVE('',#4154,#4148,#4150,.T.) ;
#4159=EDGE_CURVE('',#2354,#4154,#4156,.T.) ;
#4165=EDGE_CURVE('',#4164,#2620,#4160,.T.) ;
#4172=EDGE_CURVE('',#4164,#4171,#4169,.F.) ;
#4178=EDGE_CURVE('',#4171,#4177,#4173,.T.) ;
#4185=EDGE_CURVE('',#4177,#4184,#4182,.T.) ;
#4193=EDGE_CURVE('',#4184,#4192,#4186,.F.) ;
#4200=EDGE_CURVE('',#4199,#4192,#4197,.F.) ;
#4206=EDGE_CURVE('',#4205,#4199,#4201,.F.) ;
#4213=EDGE_CURVE('',#4212,#4205,#4210,.F.) ;
#4220=EDGE_CURVE('',#4219,#4212,#4217,.F.) ;
#4226=EDGE_CURVE('',#4219,#4225,#4221,.T.) ;
#4233=EDGE_CURVE('',#4232,#4225,#4230,.F.) ;
#4239=EDGE_CURVE('',#4232,#4238,#4234,.F.) ;
#4246=EDGE_CURVE('',#4245,#4238,#4243,.F.) ;
#4250=EDGE_CURVE('',#4245,#4112,#4247,.T.) ;
#4289=EDGE_CURVE('',#4288,#2613,#4284,.T.) ;
#4294=EDGE_CURVE('',#4164,#4288,#4293,.F.) ;
#4312=EDGE_CURVE('',#2606,#4311,#4307,.F.) ;
#4317=EDGE_CURVE('',#4288,#4311,#4316,.T.) ;
#4337=EDGE_CURVE('',#4334,#4336,#4330,.T.) ;
#4342=EDGE_CURVE('',#4311,#4336,#4341,.T.) ;
#4348=EDGE_CURVE('',#4347,#2599,#4343,.T.) ;
#4364=EDGE_CURVE('',#4363,#4347,#4349,.F.) ;
#4368=EDGE_CURVE('',#2550,#4363,#4365,.T.) ;
#4374=EDGE_CURVE('',#4373,#2543,#4369,.T.) ;
#4381=EDGE_CURVE('',#4380,#4373,#4378,.T.) ;
#4387=EDGE_CURVE('',#4380,#4386,#4382,.F.) ;
#4392=EDGE_CURVE('',#4334,#4386,#4391,.T.) ;
#4419=EDGE_CURVE('',#2592,#4418,#4416,.F.) ;
#4426=EDGE_CURVE('',#4425,#4418,#4423,.F.) ;
#4433=EDGE_CURVE('',#4425,#4432,#4430,.T.) ;
#4440=EDGE_CURVE('',#4432,#4439,#4437,.F.) ;
#4445=EDGE_CURVE('',#4347,#4439,#4444,.F.) ;
#4466=EDGE_CURVE('',#4465,#2585,#4461,.T.) ;
#4471=EDGE_CURVE('',#4465,#4418,#4470,.T.) ;
#4489=EDGE_CURVE('',#4488,#2578,#4484,.T.) ;
#4494=EDGE_CURVE('',#4488,#4465,#4493,.T.) ;
#4512=EDGE_CURVE('',#2571,#4511,#4507,.F.) ;
#4519=EDGE_CURVE('',#4518,#4511,#4516,.T.) ;
#4525=EDGE_CURVE('',#4524,#4518,#4520,.F.) ;
#4535=EDGE_CURVE('',#4534,#4524,#4526,.F.) ;
#4545=EDGE_CURVE('',#4544,#4534,#4536,.T.) ;
#4551=EDGE_CURVE('',#4550,#4544,#4546,.T.) ;
#4556=EDGE_CURVE('',#4488,#4550,#4555,.T.) ;
#4579=EDGE_CURVE('',#2564,#4578,#4574,.F.) ;
#4584=EDGE_CURVE('',#4578,#4511,#4583,.F.) ;
#4602=EDGE_CURVE('',#4601,#2557,#4597,.T.) ;
#4607=EDGE_CURVE('',#4601,#4578,#4606,.T.) ;
#4626=EDGE_CURVE('',#4625,#4601,#4623,.F.) ;
#4633=EDGE_CURVE('',#4632,#4363,#4630,.T.) ;
#4640=EDGE_CURVE('',#4632,#4639,#4637,.F.) ;
#4645=EDGE_CURVE('',#4639,#4625,#4644,.F.) ;
#4666=EDGE_CURVE('',#2536,#4665,#4661,.F.) ;
#4671=EDGE_CURVE('',#4373,#4665,#4670,.F.) ;
#4689=EDGE_CURVE('',#2529,#4688,#4684,.F.) ;
#4694=EDGE_CURVE('',#4665,#4688,#4693,.F.) ;
#4714=EDGE_CURVE('',#4711,#4713,#4707,.F.) ;
#4721=EDGE_CURVE('',#4720,#4713,#4718,.T.) ;
#4727=EDGE_CURVE('',#4720,#4726,#4722,.T.) ;
#4734=EDGE_CURVE('',#4733,#4726,#4731,.T.) ;
#4740=EDGE_CURVE('',#4733,#4739,#4735,.F.) ;
#4747=EDGE_CURVE('',#4746,#4739,#4744,.T.) ;
#4754=EDGE_CURVE('',#4753,#4746,#4751,.T.) ;
#4760=EDGE_CURVE('',#4759,#4753,#4755,.T.) ;
#4767=EDGE_CURVE('',#4766,#4759,#4764,.T.) ;
#4775=EDGE_CURVE('',#4774,#4766,#4768,.F.) ;
#4782=EDGE_CURVE('',#4774,#4781,#4779,.F.) ;
#4788=EDGE_CURVE('',#4787,#4781,#4783,.T.) ;
#4793=EDGE_CURVE('',#4787,#4688,#4792,.T.) ;
#4799=EDGE_CURVE('',#4798,#2522,#4794,.F.) ;
#4805=EDGE_CURVE('',#4804,#4798,#4800,.F.) ;
#4812=EDGE_CURVE('',#4811,#4804,#4809,.F.) ;
#4818=EDGE_CURVE('',#4817,#4811,#4813,.T.) ;
#4822=EDGE_CURVE('',#2487,#4817,#4819,.T.) ;
#4828=EDGE_CURVE('',#4827,#2480,#4823,.T.) ;
#4835=EDGE_CURVE('',#4834,#4827,#4832,.F.) ;
#4841=EDGE_CURVE('',#4840,#4834,#4836,.T.) ;
#4846=EDGE_CURVE('',#4711,#4840,#4845,.T.) ;
#4886=EDGE_CURVE('',#2508,#4885,#4883,.F.) ;
#4893=EDGE_CURVE('',#4885,#4892,#4890,.T.) ;
#4898=EDGE_CURVE('',#4798,#4892,#4897,.T.) ;
#4918=EDGE_CURVE('',#4885,#4917,#4913,.F.) ;
#4924=EDGE_CURVE('',#4923,#2501,#4919,.T.) ;
#4930=EDGE_CURVE('',#4929,#4923,#4925,.T.) ;
#4935=EDGE_CURVE('',#4917,#4929,#4934,.F.) ;
#4956=EDGE_CURVE('',#4817,#4955,#4953,.T.) ;
#4961=EDGE_CURVE('',#4955,#4923,#4960,.F.) ;
#4981=EDGE_CURVE('',#4980,#2473,#4976,.T.) ;
#4986=EDGE_CURVE('',#4827,#4980,#4985,.T.) ;
#5004=EDGE_CURVE('',#2466,#5003,#4999,.F.) ;
#5009=EDGE_CURVE('',#4980,#5003,#5008,.F.) ;
#5030=EDGE_CURVE('',#5027,#5029,#5025,.F.) ;
#5036=EDGE_CURVE('',#5027,#5035,#5031,.T.) ;
#5041=EDGE_CURVE('',#5003,#5035,#5040,.F.) ;
#5047=EDGE_CURVE('',#5046,#2459,#5042,.F.) ;
#5063=EDGE_CURVE('',#5062,#5046,#5048,.F.) ;
#5067=EDGE_CURVE('',#2410,#5062,#5064,.F.) ;
#5073=EDGE_CURVE('',#5072,#2403,#5068,.T.) ;
#5080=EDGE_CURVE('',#5079,#5072,#5077,.F.) ;
#5084=EDGE_CURVE('',#5079,#5029,#5081,.F.) ;
#5106=EDGE_CURVE('',#2452,#5105,#5103,.F.) ;
#5113=EDGE_CURVE('',#5112,#5105,#5110,.T.) ;
#5120=EDGE_CURVE('',#5112,#5119,#5117,.F.) ;
#5127=EDGE_CURVE('',#5119,#5126,#5124,.T.) ;
#5132=EDGE_CURVE('',#5046,#5126,#5131,.T.) ;
#5154=EDGE_CURVE('',#5153,#5105,#5151,.F.) ;
#5158=EDGE_CURVE('',#5153,#2445,#5155,.T.) ;
#5176=EDGE_CURVE('',#5175,#2438,#5171,.T.) ;
#5181=EDGE_CURVE('',#5175,#5153,#5180,.F.) ;
#5199=EDGE_CURVE('',#2431,#5198,#5194,.F.) ;
#5206=EDGE_CURVE('',#5205,#5198,#5203,.F.) ;
#5212=EDGE_CURVE('',#5211,#5205,#5207,.F.) ;
#5222=EDGE_CURVE('',#5221,#5211,#5213,.F.) ;
#5232=EDGE_CURVE('',#5231,#5221,#5223,.T.) ;
#5238=EDGE_CURVE('',#5237,#5231,#5233,.T.) ;
#5243=EDGE_CURVE('',#5175,#5237,#5242,.F.) ;
#5267=EDGE_CURVE('',#5266,#5198,#5264,.T.) ;
#5271=EDGE_CURVE('',#2424,#5266,#5268,.F.) ;
#5290=EDGE_CURVE('',#5289,#5266,#5287,.F.) ;
#5294=EDGE_CURVE('',#5289,#2417,#5291,.T.) ;
#5308=EDGE_CURVE('',#5307,#5289,#5305,.T.) ;
#5315=EDGE_CURVE('',#5314,#5062,#5312,.F.) ;
#5322=EDGE_CURVE('',#5314,#5321,#5319,.T.) ;
#5327=EDGE_CURVE('',#5321,#5307,#5326,.T.) ;
#5348=EDGE_CURVE('',#2396,#5347,#5343,.F.) ;
#5353=EDGE_CURVE('',#5072,#5347,#5352,.T.) ;
#5370=EDGE_CURVE('',#5347,#4125,#5369,.T.) ;
#5384=EDGE_CURVE('',#2368,#5383,#5381,.F.) ;
#5391=EDGE_CURVE('',#5383,#5390,#5388,.F.) ;
#5396=EDGE_CURVE('',#5390,#4135,#5395,.T.) ;
#5419=EDGE_CURVE('',#5416,#5418,#5414,.T.) ;
#5423=EDGE_CURVE('',#5383,#5416,#5420,.F.) ;
#5429=EDGE_CURVE('',#5428,#2361,#5424,.T.) ;
#5433=EDGE_CURVE('',#5418,#5428,#5430,.T.) ;
#5449=EDGE_CURVE('',#5448,#4154,#5446,.T.) ;
#5454=EDGE_CURVE('',#5448,#5428,#5453,.T.) ;
#5473=EDGE_CURVE('',#2745,#2885,#5472,.F.) ;
#5489=EDGE_CURVE('',#2768,#2878,#5488,.T.) ;
#5506=EDGE_CURVE('',#2792,#2878,#5505,.T.) ;
#5536=EDGE_CURVE('',#5535,#2916,#5533,.T.) ;
#5541=EDGE_CURVE('',#3422,#5535,#5540,.F.) ;
#5561=EDGE_CURVE('',#5558,#5560,#5554,.T.) ;
#5577=EDGE_CURVE('',#5576,#5558,#5562,.F.) ;
#5583=EDGE_CURVE('',#5582,#5576,#5578,.F.) ;
#5588=EDGE_CURVE('',#5535,#5582,#5587,.T.) ;
#5593=EDGE_CURVE('',#5560,#3143,#5592,.T.) ;
#5616=EDGE_CURVE('',#3073,#3042,#5610,.F.) ;
#5634=EDGE_CURVE('',#3049,#3228,#5628,.F.) ;
#5654=EDGE_CURVE('',#5651,#5653,#5649,.F.) ;
#5661=EDGE_CURVE('',#5660,#5651,#5658,.T.) ;
#5668=EDGE_CURVE('',#5667,#5660,#5665,.F.) ;
#5673=EDGE_CURVE('',#5667,#3042,#5672,.T.) ;
#5680=EDGE_CURVE('',#3049,#5679,#5677,.F.) ;
#5687=EDGE_CURVE('',#5679,#5686,#5684,.F.) ;
#5692=EDGE_CURVE('',#5686,#5653,#5691,.T.) ;
#5711=EDGE_CURVE('',#5708,#5710,#5706,.T.) ;
#5718=EDGE_CURVE('',#5717,#5708,#5715,.T.) ;
#5725=EDGE_CURVE('',#5724,#5717,#5722,.T.) ;
#5732=EDGE_CURVE('',#5731,#5724,#5729,.T.) ;
#5739=EDGE_CURVE('',#5738,#5731,#5736,.T.) ;
#5744=EDGE_CURVE('',#5710,#5738,#5743,.T.) ;
#5761=EDGE_CURVE('',#5758,#5760,#5756,.T.) ;
#5766=EDGE_CURVE('',#5760,#5758,#5765,.T.) ;
#5779=EDGE_CURVE('',#5776,#5778,#5774,.T.) ;
#5784=EDGE_CURVE('',#5778,#5776,#5783,.T.) ;
#5803=EDGE_CURVE('',#5800,#5802,#5798,.F.) ;
#5809=EDGE_CURVE('',#5800,#5808,#5804,.T.) ;
#5814=EDGE_CURVE('',#5808,#3080,#5813,.F.) ;
#5821=EDGE_CURVE('',#5820,#3073,#5818,.F.) ;
#5827=EDGE_CURVE('',#5826,#5820,#5822,.T.) ;
#5843=EDGE_CURVE('',#5842,#5826,#5828,.T.) ;
#5847=EDGE_CURVE('',#5802,#5842,#5844,.T.) ;
#5872=EDGE_CURVE('',#5869,#5871,#5867,.F.) ;
#5879=EDGE_CURVE('',#5878,#5869,#5876,.T.) ;
#5886=EDGE_CURVE('',#5885,#5878,#5883,.F.) ;
#5891=EDGE_CURVE('',#5885,#3119,#5890,.F.) ;
#5901=EDGE_CURVE('',#5900,#5808,#5892,.F.) ;
#5908=EDGE_CURVE('',#5900,#5907,#5905,.F.) ;
#5913=EDGE_CURVE('',#5907,#5871,#5912,.F.) ;
#5934=EDGE_CURVE('',#5931,#5933,#5929,.T.) ;
#5941=EDGE_CURVE('',#5940,#5931,#5938,.T.) ;
#5948=EDGE_CURVE('',#5947,#5940,#5945,.T.) ;
#5955=EDGE_CURVE('',#5954,#5947,#5952,.T.) ;
#5962=EDGE_CURVE('',#5961,#5954,#5959,.T.) ;
#5969=EDGE_CURVE('',#5968,#5961,#5966,.T.) ;
#5976=EDGE_CURVE('',#5975,#5968,#5973,.T.) ;
#5983=EDGE_CURVE('',#5982,#5975,#5980,.T.) ;
#5990=EDGE_CURVE('',#5989,#5982,#5987,.T.) ;
#5997=EDGE_CURVE('',#5996,#5989,#5994,.T.) ;
#6004=EDGE_CURVE('',#6003,#5996,#6001,.T.) ;
#6011=EDGE_CURVE('',#6010,#6003,#6008,.T.) ;
#6016=EDGE_CURVE('',#5933,#6010,#6015,.T.) ;
#6040=EDGE_CURVE('',#6037,#6039,#6035,.T.) ;
#6045=EDGE_CURVE('',#6039,#6037,#6044,.T.) ;
#6058=EDGE_CURVE('',#6055,#6057,#6053,.T.) ;
#6063=EDGE_CURVE('',#6057,#6055,#6062,.T.) ;
#6078=EDGE_CURVE('',#3119,#3143,#6077,.F.) ;
#6094=EDGE_CURVE('',#3191,#3167,#6093,.F.) ;
#6109=EDGE_CURVE('',#6106,#6108,#6104,.F.) ;
#6116=EDGE_CURVE('',#6115,#6106,#6113,.F.) ;
#6123=EDGE_CURVE('',#6122,#6115,#6120,.F.) ;
#6130=EDGE_CURVE('',#6122,#6129,#6127,.F.) ;
#6137=EDGE_CURVE('',#6129,#6136,#6134,.F.) ;
#6147=EDGE_CURVE('',#6146,#6136,#6138,.T.) ;
#6152=EDGE_CURVE('',#3230,#6146,#6151,.F.) ;
#6157=EDGE_CURVE('',#3191,#6108,#6156,.T.) ;
#6178=EDGE_CURVE('',#6175,#6177,#6173,.T.) ;
#6185=EDGE_CURVE('',#6184,#6175,#6182,.T.) ;
#6192=EDGE_CURVE('',#6191,#6184,#6189,.T.) ;
#6199=EDGE_CURVE('',#6198,#6191,#6196,.T.) ;
#6206=EDGE_CURVE('',#6205,#6198,#6203,.T.) ;
#6213=EDGE_CURVE('',#6212,#6205,#6210,.T.) ;
#6220=EDGE_CURVE('',#6219,#6212,#6217,.T.) ;
#6227=EDGE_CURVE('',#6226,#6219,#6224,.T.) ;
#6234=EDGE_CURVE('',#6233,#6226,#6231,.T.) ;
#6241=EDGE_CURVE('',#6240,#6233,#6238,.T.) ;
#6248=EDGE_CURVE('',#6247,#6240,#6245,.T.) ;
#6255=EDGE_CURVE('',#6254,#6247,#6252,.T.) ;
#6262=EDGE_CURVE('',#6261,#6254,#6259,.T.) ;
#6269=EDGE_CURVE('',#6268,#6261,#6266,.T.) ;
#6276=EDGE_CURVE('',#6275,#6268,#6273,.T.) ;
#6283=EDGE_CURVE('',#6282,#6275,#6280,.T.) ;
#6290=EDGE_CURVE('',#6289,#6282,#6287,.T.) ;
#6297=EDGE_CURVE('',#6296,#6289,#6294,.T.) ;
#6304=EDGE_CURVE('',#6303,#6296,#6301,.T.) ;
#6311=EDGE_CURVE('',#6310,#6303,#6308,.T.) ;
#6318=EDGE_CURVE('',#6317,#6310,#6315,.T.) ;
#6325=EDGE_CURVE('',#6324,#6317,#6322,.T.) ;
#6332=EDGE_CURVE('',#6331,#6324,#6329,.T.) ;
#6339=EDGE_CURVE('',#6338,#6331,#6336,.T.) ;
#6346=EDGE_CURVE('',#6345,#6338,#6343,.T.) ;
#6353=EDGE_CURVE('',#6352,#6345,#6350,.T.) ;
#6360=EDGE_CURVE('',#6359,#6352,#6357,.T.) ;
#6367=EDGE_CURVE('',#6366,#6359,#6364,.T.) ;
#6374=EDGE_CURVE('',#6373,#6366,#6371,.T.) ;
#6381=EDGE_CURVE('',#6380,#6373,#6378,.T.) ;
#6388=EDGE_CURVE('',#6387,#6380,#6385,.T.) ;
#6395=EDGE_CURVE('',#6394,#6387,#6392,.T.) ;
#6402=EDGE_CURVE('',#6401,#6394,#6399,.T.) ;
#6409=EDGE_CURVE('',#6408,#6401,#6406,.T.) ;
#6416=EDGE_CURVE('',#6415,#6408,#6413,.T.) ;
#6423=EDGE_CURVE('',#6422,#6415,#6420,.T.) ;
#6428=EDGE_CURVE('',#6177,#6422,#6427,.T.) ;
#6476=EDGE_CURVE('',#6473,#6475,#6471,.F.) ;
#6481=EDGE_CURVE('',#6475,#6473,#6480,.F.) ;
#6494=EDGE_CURVE('',#6491,#6493,#6489,.F.) ;
#6499=EDGE_CURVE('',#6493,#6491,#6498,.F.) ;
#6515=EDGE_CURVE('',#6146,#6514,#6510,.F.) ;
#6520=EDGE_CURVE('',#3228,#6514,#6519,.T.) ;
#6539=EDGE_CURVE('',#6108,#3285,#6533,.T.) ;
#6556=EDGE_CURVE('',#3291,#6129,#6555,.T.) ;
#6563=EDGE_CURVE('',#3298,#6122,#6557,.T.) ;
#6582=EDGE_CURVE('',#6581,#3304,#6579,.T.) ;
#6589=EDGE_CURVE('',#6588,#3298,#6586,.T.) ;
#6594=EDGE_CURVE('',#6581,#6588,#6593,.T.) ;
#6665=EDGE_CURVE('',#6664,#3320,#6657,.F.) ;
#6688=EDGE_CURVE('',#6664,#6581,#6666,.T.) ;
#6707=EDGE_CURVE('',#6706,#3285,#6704,.F.) ;
#6712=EDGE_CURVE('',#6706,#6664,#6711,.F.) ;
#6729=EDGE_CURVE('',#6129,#3347,#6728,.T.) ;
#6745=EDGE_CURVE('',#6514,#3442,#6744,.F.) ;
#6756=EDGE_CURVE('',#3371,#6136,#6746,.F.) ;
#6774=EDGE_CURVE('',#5679,#3442,#6773,.F.) ;
#6779=EDGE_CURVE('',#5686,#3435,#6778,.F.) ;
#6796=EDGE_CURVE('',#5800,#3435,#6795,.T.) ;
#6807=EDGE_CURVE('',#3429,#5900,#6797,.F.) ;
#6825=EDGE_CURVE('',#5907,#3422,#6824,.F.) ;
#6837=EDGE_CURVE('',#3719,#3798,#6836,.T.) ;
#6870=EDGE_CURVE('',#6869,#3594,#6867,.T.) ;
#6876=EDGE_CURVE('',#6869,#3587,#6871,.T.) ;
#6894=EDGE_CURVE('',#3618,#6893,#6891,.F.) ;
#6899=EDGE_CURVE('',#6893,#6869,#6898,.F.) ;
#6916=EDGE_CURVE('',#6893,#3642,#6915,.T.) ;
#6944=EDGE_CURVE('',#6943,#3994,#6923,.F.) ;
#6951=EDGE_CURVE('',#6943,#6950,#6948,.T.) ;
#6971=EDGE_CURVE('',#3673,#6950,#6952,.F.) ;
#6992=EDGE_CURVE('',#6893,#6950,#6991,.T.) ;
#7009=EDGE_CURVE('',#3721,#3780,#7008,.T.) ;
#7050=EDGE_CURVE('',#7049,#3848,#7029,.F.) ;
#7057=EDGE_CURVE('',#7049,#7056,#7054,.T.) ;
#7077=EDGE_CURVE('',#3954,#7056,#7058,.F.) ;
#7100=EDGE_CURVE('',#7099,#3842,#7097,.F.) ;
#7105=EDGE_CURVE('',#7049,#7099,#7104,.F.) ;
#7123=EDGE_CURVE('',#7099,#3880,#7118,.T.) ;
#7141=EDGE_CURVE('',#3899,#7140,#7138,.F.) ;
#7146=EDGE_CURVE('',#7140,#7099,#7145,.F.) ;
#7163=EDGE_CURVE('',#7140,#3923,#7162,.T.) ;
#7179=EDGE_CURVE('',#7140,#7056,#7178,.T.) ;
#7196=EDGE_CURVE('',#6943,#6869,#7195,.F.) ;
#7216=EDGE_CURVE('',#7213,#7215,#7209,.F.) ;
#7220=EDGE_CURVE('',#4713,#7213,#7217,.T.) ;
#7226=EDGE_CURVE('',#7225,#4711,#7221,.F.) ;
#7232=EDGE_CURVE('',#7231,#7225,#7227,.T.) ;
#7248=EDGE_CURVE('',#7247,#7231,#7233,.F.) ;
#7254=EDGE_CURVE('',#7253,#7247,#7249,.F.) ;
#7259=EDGE_CURVE('',#4112,#7253,#7258,.F.) ;
#7266=EDGE_CURVE('',#7265,#4245,#7263,.T.) ;
#7272=EDGE_CURVE('',#7271,#7265,#7267,.T.) ;
#7286=EDGE_CURVE('',#7215,#7271,#7273,.F.) ;
#7313=EDGE_CURVE('',#4238,#7312,#7310,.T.) ;
#7318=EDGE_CURVE('',#7265,#7312,#7317,.F.) ;
#7337=EDGE_CURVE('',#7336,#4232,#7334,.F.) ;
#7341=EDGE_CURVE('',#7312,#7336,#7338,.T.) ;
#7360=EDGE_CURVE('',#4225,#7359,#7357,.T.) ;
#7365=EDGE_CURVE('',#7359,#7336,#7364,.T.) ;
#7382=EDGE_CURVE('',#4739,#4219,#7381,.T.) ;
#7389=EDGE_CURVE('',#7388,#4733,#7386,.F.) ;
#7395=EDGE_CURVE('',#7394,#7388,#7390,.F.) ;
#7411=EDGE_CURVE('',#7410,#7394,#7396,.F.) ;
#7415=EDGE_CURVE('',#7359,#7410,#7412,.F.) ;
#7440=EDGE_CURVE('',#7437,#7439,#7435,.T.) ;
#7447=EDGE_CURVE('',#7439,#7446,#7444,.F.) ;
#7454=EDGE_CURVE('',#7446,#7453,#7451,.F.) ;
#7461=EDGE_CURVE('',#7460,#7453,#7458,.T.) ;
#7468=EDGE_CURVE('',#7460,#7467,#7465,.F.) ;
#7473=EDGE_CURVE('',#7467,#4746,#7472,.F.) ;
#7480=EDGE_CURVE('',#4212,#7479,#7477,.T.) ;
#7487=EDGE_CURVE('',#7479,#7486,#7484,.T.) ;
#7492=EDGE_CURVE('',#7437,#7486,#7491,.T.) ;
#7519=EDGE_CURVE('',#7518,#4205,#7516,.F.) ;
#7524=EDGE_CURVE('',#7479,#7518,#7523,.T.) ;
#7543=EDGE_CURVE('',#7542,#4199,#7540,.F.) ;
#7548=EDGE_CURVE('',#7542,#7518,#7547,.F.) ;
#7567=EDGE_CURVE('',#4759,#7566,#7564,.T.) ;
#7574=EDGE_CURVE('',#7566,#7573,#7571,.T.) ;
#7581=EDGE_CURVE('',#7580,#7573,#7578,.T.) ;
#7588=EDGE_CURVE('',#7587,#7580,#7585,.T.) ;
#7595=EDGE_CURVE('',#7594,#7587,#7592,.T.) ;
#7602=EDGE_CURVE('',#7601,#7594,#7599,.T.) ;
#7609=EDGE_CURVE('',#7601,#7608,#7606,.F.) ;
#7616=EDGE_CURVE('',#7608,#7615,#7613,.T.) ;
#7623=EDGE_CURVE('',#7622,#7615,#7620,.T.) ;
#7630=EDGE_CURVE('',#7629,#7622,#7627,.T.) ;
#7637=EDGE_CURVE('',#7636,#7629,#7634,.T.) ;
#7642=EDGE_CURVE('',#7542,#7636,#7641,.T.) ;
#7649=EDGE_CURVE('',#4192,#7648,#7646,.T.) ;
#7656=EDGE_CURVE('',#7648,#7655,#7653,.F.) ;
#7663=EDGE_CURVE('',#7655,#7662,#7660,.T.) ;
#7670=EDGE_CURVE('',#7662,#7669,#7667,.F.) ;
#7677=EDGE_CURVE('',#7669,#7676,#7674,.T.) ;
#7684=EDGE_CURVE('',#7676,#7683,#7681,.T.) ;
#7691=EDGE_CURVE('',#7683,#7690,#7688,.T.) ;
#7698=EDGE_CURVE('',#7690,#7697,#7695,.F.) ;
#7705=EDGE_CURVE('',#7697,#7704,#7702,.T.) ;
#7712=EDGE_CURVE('',#7704,#7711,#7709,.F.) ;
#7717=EDGE_CURVE('',#7711,#4766,#7716,.T.) ;
#7760=EDGE_CURVE('',#4184,#7759,#7752,.F.) ;
#7766=EDGE_CURVE('',#7759,#7648,#7761,.F.) ;
#7785=EDGE_CURVE('',#7784,#4177,#7782,.F.) ;
#7790=EDGE_CURVE('',#7759,#7784,#7789,.T.) ;
#7809=EDGE_CURVE('',#4781,#7808,#7806,.F.) ;
#7813=EDGE_CURVE('',#7704,#7808,#7810,.T.) ;
#7819=EDGE_CURVE('',#7818,#7697,#7814,.F.) ;
#7826=EDGE_CURVE('',#7818,#7825,#7823,.F.) ;
#7830=EDGE_CURVE('',#7662,#7825,#7827,.T.) ;
#7834=EDGE_CURVE('',#7655,#7784,#7831,.T.) ;
#7839=EDGE_CURVE('',#4787,#4171,#7838,.F.) ;
#7866=EDGE_CURVE('',#7865,#4336,#7863,.T.) ;
#7873=EDGE_CURVE('',#7872,#7865,#7870,.T.) ;
#7880=EDGE_CURVE('',#7872,#7879,#7877,.T.) ;
#7887=EDGE_CURVE('',#7886,#7879,#7884,.T.) ;
#7894=EDGE_CURVE('',#7886,#7893,#7891,.F.) ;
#7901=EDGE_CURVE('',#7900,#7893,#7898,.T.) ;
#7908=EDGE_CURVE('',#7900,#7907,#7905,.T.) ;
#7915=EDGE_CURVE('',#7907,#7914,#7912,.F.) ;
#7922=EDGE_CURVE('',#7914,#7921,#7919,.F.) ;
#7929=EDGE_CURVE('',#7928,#7921,#7926,.T.) ;
#7934=EDGE_CURVE('',#4380,#7928,#7933,.F.) ;
#7967=EDGE_CURVE('',#5418,#4148,#7966,.T.) ;
#7985=EDGE_CURVE('',#5416,#4141,#7984,.T.) ;
#8012=EDGE_CURVE('',#8011,#5035,#8009,.F.) ;
#8019=EDGE_CURVE('',#8018,#8011,#8016,.F.) ;
#8026=EDGE_CURVE('',#8018,#8025,#8023,.F.) ;
#8033=EDGE_CURVE('',#8032,#8025,#8030,.F.) ;
#8040=EDGE_CURVE('',#8032,#8039,#8037,.T.) ;
#8047=EDGE_CURVE('',#8046,#8039,#8044,.F.) ;
#8054=EDGE_CURVE('',#8046,#8053,#8051,.F.) ;
#8061=EDGE_CURVE('',#8053,#8060,#8058,.T.) ;
#8068=EDGE_CURVE('',#8060,#8067,#8065,.T.) ;
#8075=EDGE_CURVE('',#8074,#8067,#8072,.F.) ;
#8080=EDGE_CURVE('',#5079,#8074,#8079,.T.) ;
#8085=EDGE_CURVE('',#4834,#4118,#8084,.T.) ;
#8122=EDGE_CURVE('',#8119,#8121,#8117,.F.) ;
#8129=EDGE_CURVE('',#8128,#8119,#8126,.F.) ;
#8136=EDGE_CURVE('',#8135,#8128,#8133,.F.) ;
#8143=EDGE_CURVE('',#8142,#8135,#8140,.F.) ;
#8148=EDGE_CURVE('',#4840,#8142,#8147,.F.) ;
#8153=EDGE_CURVE('',#8121,#4110,#8152,.F.) ;
#8175=EDGE_CURVE('',#7253,#8119,#8174,.T.) ;
#8197=EDGE_CURVE('',#8194,#8196,#8192,.F.) ;
#8204=EDGE_CURVE('',#8203,#8196,#8201,.F.) ;
#8211=EDGE_CURVE('',#8210,#8203,#8208,.T.) ;
#8216=EDGE_CURVE('',#8210,#4334,#8215,.F.) ;
#8223=EDGE_CURVE('',#4386,#8222,#8220,.T.) ;
#8230=EDGE_CURVE('',#8229,#8222,#8227,.F.) ;
#8237=EDGE_CURVE('',#8236,#8229,#8234,.T.) ;
#8244=EDGE_CURVE('',#8236,#8243,#8241,.F.) ;
#8251=EDGE_CURVE('',#8250,#8243,#8248,.T.) ;
#8258=EDGE_CURVE('',#8257,#8250,#8255,.F.) ;
#8263=EDGE_CURVE('',#8194,#8257,#8262,.F.) ;
#8289=EDGE_CURVE('',#7928,#8288,#8284,.T.) ;
#8296=EDGE_CURVE('',#8288,#8295,#8293,.F.) ;
#8304=EDGE_CURVE('',#8303,#8295,#8297,.F.) ;
#8311=EDGE_CURVE('',#8310,#8303,#8308,.T.) ;
#8317=EDGE_CURVE('',#8316,#8310,#8312,.T.) ;
#8321=EDGE_CURVE('',#8222,#8316,#8318,.T.) ;
#8352=EDGE_CURVE('',#4439,#4632,#8339,.F.) ;
#8370=EDGE_CURVE('',#8369,#8210,#8365,.F.) ;
#8376=EDGE_CURVE('',#8375,#8369,#8371,.F.) ;
#8383=EDGE_CURVE('',#8382,#8375,#8380,.F.) ;
#8391=EDGE_CURVE('',#8390,#8382,#8384,.F.) ;
#8398=EDGE_CURVE('',#8390,#8397,#8395,.T.) ;
#8402=EDGE_CURVE('',#8397,#7865,#8399,.F.) ;
#8425=EDGE_CURVE('',#8424,#4432,#8420,.T.) ;
#8441=EDGE_CURVE('',#8440,#8424,#8426,.F.) ;
#8445=EDGE_CURVE('',#4639,#8440,#8442,.T.) ;
#8466=EDGE_CURVE('',#4550,#8465,#8463,.T.) ;
#8471=EDGE_CURVE('',#8424,#8465,#8470,.F.) ;
#8489=EDGE_CURVE('',#8440,#8488,#8486,.F.) ;
#8494=EDGE_CURVE('',#4518,#8488,#8493,.T.) ;
#8519=EDGE_CURVE('',#8516,#8518,#8514,.F.) ;
#8533=EDGE_CURVE('',#8518,#6706,#8520,.T.) ;
#8538=EDGE_CURVE('',#6664,#4524,#8537,.F.) ;
#8543=EDGE_CURVE('',#4518,#8516,#8542,.T.) ;
#8562=EDGE_CURVE('',#4544,#6581,#8561,.F.) ;
#8594=EDGE_CURVE('',#6588,#8593,#8576,.T.) ;
#8601=EDGE_CURVE('',#8593,#8600,#8598,.F.) ;
#8606=EDGE_CURVE('',#8600,#4550,#8605,.T.) ;
#8622=EDGE_CURVE('',#7213,#8621,#8619,.T.) ;
#8627=EDGE_CURVE('',#8621,#4720,#8626,.T.) ;
#8645=EDGE_CURVE('',#8644,#8621,#8640,.F.) ;
#8650=EDGE_CURVE('',#4726,#8644,#8649,.F.) ;
#8662=EDGE_CURVE('',#7388,#8644,#8661,.T.) ;
#8676=EDGE_CURVE('',#7467,#8675,#8673,.T.) ;
#8681=EDGE_CURVE('',#4753,#8675,#8680,.F.) ;
#8698=EDGE_CURVE('',#8675,#7566,#8697,.T.) ;
#8718=EDGE_CURVE('',#7711,#8717,#8711,.F.) ;
#8725=EDGE_CURVE('',#8717,#4774,#8719,.F.) ;
#8737=EDGE_CURVE('',#7808,#8717,#8736,.F.) ;
#8749=EDGE_CURVE('',#4804,#4917,#8748,.T.) ;
#8762=EDGE_CURVE('',#4811,#4929,#8761,.T.) ;
#8782=EDGE_CURVE('',#7225,#8135,#8781,.T.) ;
#8804=EDGE_CURVE('',#8801,#8803,#8799,.T.) ;
#8812=EDGE_CURVE('',#8811,#8803,#8805,.F.) ;
#8819=EDGE_CURVE('',#8818,#8811,#8816,.F.) ;
#8825=EDGE_CURVE('',#8824,#8818,#8820,.T.) ;
#8831=EDGE_CURVE('',#8830,#8824,#8826,.T.) ;
#8836=EDGE_CURVE('',#5029,#8830,#8835,.F.) ;
#8840=EDGE_CURVE('',#8801,#8074,#8837,.F.) ;
#8866=EDGE_CURVE('',#5126,#5314,#8853,.T.) ;
#8888=EDGE_CURVE('',#8885,#8887,#8879,.F.) ;
#8895=EDGE_CURVE('',#8887,#8894,#8892,.F.) ;
#8899=EDGE_CURVE('',#8011,#8894,#8896,.T.) ;
#8906=EDGE_CURVE('',#8905,#5027,#8903,.T.) ;
#8912=EDGE_CURVE('',#8911,#8905,#8907,.F.) ;
#8918=EDGE_CURVE('',#8917,#8911,#8913,.F.) ;
#8923=EDGE_CURVE('',#8885,#8917,#8922,.T.) ;
#8944=EDGE_CURVE('',#8941,#8943,#8939,.T.) ;
#8951=EDGE_CURVE('',#8943,#8950,#8948,.F.) ;
#8958=EDGE_CURVE('',#8950,#8957,#8955,.F.) ;
#8965=EDGE_CURVE('',#8964,#8957,#8962,.T.) ;
#8972=EDGE_CURVE('',#8964,#8971,#8969,.F.) ;
#8977=EDGE_CURVE('',#8971,#8905,#8976,.F.) ;
#8984=EDGE_CURVE('',#8830,#8983,#8981,.T.) ;
#8991=EDGE_CURVE('',#8983,#8990,#8988,.T.) ;
#8996=EDGE_CURVE('',#8941,#8990,#8995,.T.) ;
#9022=EDGE_CURVE('',#9021,#5119,#9017,.F.) ;
#9038=EDGE_CURVE('',#9037,#9021,#9023,.F.) ;
#9042=EDGE_CURVE('',#5321,#9037,#9039,.F.) ;
#9058=EDGE_CURVE('',#5237,#9057,#9055,.T.) ;
#9063=EDGE_CURVE('',#9021,#9057,#9062,.T.) ;
#9083=EDGE_CURVE('',#9080,#9082,#9078,.T.) ;
#9102=EDGE_CURVE('',#9082,#9101,#9084,.T.) ;
#9109=EDGE_CURVE('',#9101,#9108,#9106,.F.) ;
#9114=EDGE_CURVE('',#5237,#9108,#9113,.T.) ;
#9119=EDGE_CURVE('',#5231,#9080,#9118,.F.) ;
#9149=EDGE_CURVE('',#9148,#9080,#9134,.F.) ;
#9154=EDGE_CURVE('',#9148,#5211,#9153,.F.) ;
#9171=EDGE_CURVE('',#9168,#9170,#9166,.F.) ;
#9187=EDGE_CURVE('',#9170,#9186,#9172,.T.) ;
#9192=EDGE_CURVE('',#9186,#9148,#9191,.F.) ;
#9197=EDGE_CURVE('',#9168,#5205,#9196,.T.) ;
#9213=EDGE_CURVE('',#9037,#9212,#9210,.T.) ;
#9218=EDGE_CURVE('',#5205,#9212,#9217,.T.) ;
#9239=EDGE_CURVE('',#5907,#5535,#9238,.F.) ;
#9257=EDGE_CURVE('',#5560,#5885,#9251,.T.) ;
#9276=EDGE_CURVE('',#5871,#5582,#9270,.T.) ;
#9293=EDGE_CURVE('',#9186,#5582,#9292,.F.) ;
#9298=EDGE_CURVE('',#9148,#5576,#9297,.F.) ;
#9367=EDGE_CURVE('',#9080,#5558,#9361,.F.) ;
#9384=EDGE_CURVE('',#9082,#5560,#9383,.T.) ;
#9403=EDGE_CURVE('',#5820,#5667,#9397,.T.) ;
#9420=EDGE_CURVE('',#6514,#5679,#9419,.T.) ;
#9437=EDGE_CURVE('',#5686,#5800,#9436,.T.) ;
#9444=EDGE_CURVE('',#5653,#5802,#9438,.T.) ;
#9465=EDGE_CURVE('',#9462,#9464,#9460,.F.) ;
#9470=EDGE_CURVE('',#9462,#5667,#9469,.F.) ;
#9478=EDGE_CURVE('',#5660,#9464,#9471,.T.) ;
#9500=EDGE_CURVE('',#9499,#5651,#9491,.F.) ;
#9505=EDGE_CURVE('',#9464,#9499,#9504,.T.) ;
#9524=EDGE_CURVE('',#9523,#5653,#9521,.F.) ;
#9529=EDGE_CURVE('',#9499,#9523,#9528,.F.) ;
#9548=EDGE_CURVE('',#5760,#9547,#9545,.F.) ;
#9555=EDGE_CURVE('',#9547,#9554,#9552,.T.) ;
#9560=EDGE_CURVE('',#5758,#9554,#9559,.F.) ;
#9577=EDGE_CURVE('',#9554,#9547,#9576,.T.) ;
#9596=EDGE_CURVE('',#5778,#9595,#9593,.F.) ;
#9603=EDGE_CURVE('',#9595,#9602,#9600,.T.) ;
#9608=EDGE_CURVE('',#5776,#9602,#9607,.F.) ;
#9625=EDGE_CURVE('',#9602,#9595,#9624,.T.) ;
#9644=EDGE_CURVE('',#9643,#5826,#9641,.T.) ;
#9651=EDGE_CURVE('',#9650,#5820,#9648,.T.) ;
#9656=EDGE_CURVE('',#9643,#9650,#9655,.T.) ;
#9727=EDGE_CURVE('',#9726,#5842,#9719,.F.) ;
#9750=EDGE_CURVE('',#9726,#9643,#9728,.T.) ;
#9769=EDGE_CURVE('',#9768,#5802,#9766,.T.) ;
#9774=EDGE_CURVE('',#9768,#9726,#9773,.T.) ;
#9791=EDGE_CURVE('',#9101,#5885,#9790,.F.) ;
#9799=EDGE_CURVE('',#5878,#9108,#9792,.T.) ;
#9819=EDGE_CURVE('',#9168,#5869,#9812,.F.) ;
#9824=EDGE_CURVE('',#9108,#9168,#9823,.T.) ;
#9841=EDGE_CURVE('',#9170,#5871,#9840,.F.) ;
#9860=EDGE_CURVE('',#6039,#9859,#9857,.F.) ;
#9867=EDGE_CURVE('',#9859,#9866,#9864,.T.) ;
#9872=EDGE_CURVE('',#6037,#9866,#9871,.F.) ;
#9889=EDGE_CURVE('',#9866,#9859,#9888,.T.) ;
#9908=EDGE_CURVE('',#6057,#9907,#9905,.F.) ;
#9915=EDGE_CURVE('',#9907,#9914,#9912,.T.) ;
#9920=EDGE_CURVE('',#6055,#9914,#9919,.F.) ;
#9937=EDGE_CURVE('',#9914,#9907,#9936,.T.) ;
#9954=EDGE_CURVE('',#8593,#6122,#9953,.F.) ;
#9962=EDGE_CURVE('',#6115,#8600,#9955,.T.) ;
#9982=EDGE_CURVE('',#8516,#6106,#9975,.F.) ;
#9987=EDGE_CURVE('',#8600,#8516,#9986,.F.) ;
#10004=EDGE_CURVE('',#8518,#6108,#10003,.F.) ;
#10023=EDGE_CURVE('',#10022,#6475,#10020,.T.) ;
#10030=EDGE_CURVE('',#10029,#6473,#10027,.T.) ;
#10035=EDGE_CURVE('',#10022,#10029,#10034,.F.) ;
#10052=EDGE_CURVE('',#10029,#10022,#10051,.F.) ;
#10071=EDGE_CURVE('',#10070,#6493,#10068,.T.) ;
#10078=EDGE_CURVE('',#10077,#6491,#10075,.T.) ;
#10083=EDGE_CURVE('',#10070,#10077,#10082,.F.) ;
#10100=EDGE_CURVE('',#10077,#10070,#10099,.F.) ;
#10251=EDGE_CURVE('',#7394,#7215,#10250,.T.) ;
#10272=EDGE_CURVE('',#8135,#10271,#10269,.T.) ;
#10279=EDGE_CURVE('',#10271,#10278,#10276,.T.) ;
#10284=EDGE_CURVE('',#7231,#10278,#10283,.T.) ;
#10313=EDGE_CURVE('',#10278,#10312,#10298,.T.) ;
#10318=EDGE_CURVE('',#7247,#10312,#10317,.T.) ;
#10337=EDGE_CURVE('',#10336,#10312,#10334,.T.) ;
#10342=EDGE_CURVE('',#10336,#8119,#10341,.F.) ;
#10360=EDGE_CURVE('',#7271,#7410,#10359,.F.) ;
#10393=EDGE_CURVE('',#10392,#7608,#10390,.F.) ;
#10398=EDGE_CURVE('',#7439,#10392,#10397,.T.) ;
#10403=EDGE_CURVE('',#7437,#7615,#10402,.T.) ;
#10418=EDGE_CURVE('',#7446,#10417,#10415,.T.) ;
#10423=EDGE_CURVE('',#10417,#10392,#10422,.F.) ;
#10440=EDGE_CURVE('',#7453,#7594,#10439,.T.) ;
#10445=EDGE_CURVE('',#7601,#10417,#10444,.T.) ;
#10467=EDGE_CURVE('',#10464,#10466,#10462,.T.) ;
#10472=EDGE_CURVE('',#7580,#10464,#10471,.F.) ;
#10477=EDGE_CURVE('',#7460,#7573,#10476,.T.) ;
#10482=EDGE_CURVE('',#7587,#10466,#10481,.F.) ;
#10516=EDGE_CURVE('',#7486,#7636,#10515,.T.) ;
#10538=EDGE_CURVE('',#10535,#10537,#10533,.T.) ;
#10543=EDGE_CURVE('',#7622,#10535,#10542,.F.) ;
#10548=EDGE_CURVE('',#7629,#10537,#10547,.F.) ;
#10564=EDGE_CURVE('',#10466,#10464,#10563,.T.) ;
#10588=EDGE_CURVE('',#10537,#10535,#10587,.T.) ;
#10619=EDGE_CURVE('',#7825,#10618,#10616,.F.) ;
#10625=EDGE_CURVE('',#10618,#7669,#10620,.F.) ;
#10645=EDGE_CURVE('',#7676,#10644,#10638,.F.) ;
#10652=EDGE_CURVE('',#10618,#10644,#10646,.F.) ;
#10671=EDGE_CURVE('',#10644,#10670,#10668,.F.) ;
#10677=EDGE_CURVE('',#10670,#7683,#10672,.F.) ;
#10698=EDGE_CURVE('',#10670,#10697,#10690,.F.) ;
#10704=EDGE_CURVE('',#10697,#7690,#10699,.F.) ;
#10721=EDGE_CURVE('',#10697,#7818,#10720,.T.) ;
#10760=EDGE_CURVE('',#10759,#7921,#10755,.F.) ;
#10765=EDGE_CURVE('',#10759,#8288,#10764,.F.) ;
#10786=EDGE_CURVE('',#10783,#10785,#10781,.T.) ;
#10794=EDGE_CURVE('',#10783,#10793,#10787,.F.) ;
#10799=EDGE_CURVE('',#10793,#10759,#10798,.T.) ;
#10805=EDGE_CURVE('',#10804,#7914,#10800,.F.) ;
#10809=EDGE_CURVE('',#10785,#10804,#10806,.T.) ;
#10831=EDGE_CURVE('',#7907,#10830,#10828,.T.) ;
#10836=EDGE_CURVE('',#10830,#10804,#10835,.T.) ;
#10857=EDGE_CURVE('',#10854,#10856,#10852,.F.) ;
#10865=EDGE_CURVE('',#10864,#10856,#10858,.F.) ;
#10872=EDGE_CURVE('',#10871,#10864,#10869,.F.) ;
#10876=EDGE_CURVE('',#10830,#10871,#10873,.F.) ;
#10880=EDGE_CURVE('',#7900,#10854,#10877,.T.) ;
#10901=EDGE_CURVE('',#10900,#7893,#10896,.F.) ;
#10906=EDGE_CURVE('',#10900,#10854,#10905,.F.) ;
#10927=EDGE_CURVE('',#10924,#10926,#10922,.T.) ;
#10935=EDGE_CURVE('',#10934,#10924,#10928,.F.) ;
#10940=EDGE_CURVE('',#10934,#10900,#10939,.T.) ;
#10946=EDGE_CURVE('',#10945,#7886,#10941,.F.) ;
#10950=EDGE_CURVE('',#10926,#10945,#10947,.T.) ;
#10967=EDGE_CURVE('',#7879,#10966,#10964,.T.) ;
#10972=EDGE_CURVE('',#10945,#10966,#10971,.F.) ;
#10993=EDGE_CURVE('',#10990,#10992,#10988,.F.) ;
#11001=EDGE_CURVE('',#11000,#10992,#10994,.F.) ;
#11008=EDGE_CURVE('',#11007,#11000,#11005,.F.) ;
#11012=EDGE_CURVE('',#10966,#11007,#11009,.F.) ;
#11016=EDGE_CURVE('',#7872,#10990,#11013,.T.) ;
#11036=EDGE_CURVE('',#8397,#10990,#11035,.F.) ;
#11055=EDGE_CURVE('',#11054,#8801,#11052,.T.) ;
#11059=EDGE_CURVE('',#8067,#11054,#11056,.T.) ;
#11080=EDGE_CURVE('',#11077,#11079,#11075,.F.) ;
#11088=EDGE_CURVE('',#11077,#11087,#11081,.F.) ;
#11093=EDGE_CURVE('',#11087,#11054,#11092,.F.) ;
#11099=EDGE_CURVE('',#11098,#8060,#11094,.F.) ;
#11103=EDGE_CURVE('',#11079,#11098,#11100,.T.) ;
#11125=EDGE_CURVE('',#8053,#11124,#11122,.T.) ;
#11130=EDGE_CURVE('',#11124,#11098,#11129,.F.) ;
#11151=EDGE_CURVE('',#11148,#11150,#11146,.T.) ;
#11159=EDGE_CURVE('',#11150,#11158,#11152,.F.) ;
#11166=EDGE_CURVE('',#11165,#11158,#11163,.T.) ;
#11170=EDGE_CURVE('',#11124,#11165,#11167,.F.) ;
#11174=EDGE_CURVE('',#11148,#8046,#11171,.F.) ;
#11195=EDGE_CURVE('',#8039,#11194,#11190,.T.) ;
#11200=EDGE_CURVE('',#11194,#11148,#11199,.T.) ;
#11221=EDGE_CURVE('',#11218,#11220,#11216,.F.) ;
#11229=EDGE_CURVE('',#11218,#11228,#11222,.F.) ;
#11234=EDGE_CURVE('',#11228,#11194,#11233,.F.) ;
#11240=EDGE_CURVE('',#11239,#8032,#11235,.F.) ;
#11244=EDGE_CURVE('',#11220,#11239,#11241,.T.) ;
#11261=EDGE_CURVE('',#8025,#11260,#11258,.T.) ;
#11266=EDGE_CURVE('',#11239,#11260,#11265,.T.) ;
#11287=EDGE_CURVE('',#11284,#11286,#11282,.T.) ;
#11295=EDGE_CURVE('',#11286,#11294,#11288,.F.) ;
#11302=EDGE_CURVE('',#11301,#11294,#11299,.T.) ;
#11306=EDGE_CURVE('',#11260,#11301,#11303,.F.) ;
#11310=EDGE_CURVE('',#11284,#8018,#11307,.F.) ;
#11329=EDGE_CURVE('',#8894,#11284,#11326,.F.) ;
#11348=EDGE_CURVE('',#10271,#8128,#11342,.T.) ;
#11361=EDGE_CURVE('',#8128,#10336,#11355,.F.) ;
#11381=EDGE_CURVE('',#11378,#11380,#11376,.F.) ;
#11388=EDGE_CURVE('',#11378,#11387,#11385,.F.) ;
#11393=EDGE_CURVE('',#11387,#8194,#11392,.T.) ;
#11398=EDGE_CURVE('',#8257,#11380,#11397,.T.) ;
#11418=EDGE_CURVE('',#11417,#11380,#11415,.T.) ;
#11423=EDGE_CURVE('',#8250,#11417,#11422,.T.) ;
#11442=EDGE_CURVE('',#11441,#8243,#11439,.T.) ;
#11449=EDGE_CURVE('',#11448,#11441,#11446,.F.) ;
#11454=EDGE_CURVE('',#11417,#11448,#11453,.T.) ;
#11476=EDGE_CURVE('',#11473,#11475,#11471,.T.) ;
#11483=EDGE_CURVE('',#11482,#11475,#11480,.T.) ;
#11488=EDGE_CURVE('',#11441,#11482,#11487,.T.) ;
#11495=EDGE_CURVE('',#11494,#8236,#11492,.T.) ;
#11502=EDGE_CURVE('',#11501,#11494,#11499,.T.) ;
#11507=EDGE_CURVE('',#11501,#11473,#11506,.T.) ;
#11530=EDGE_CURVE('',#11529,#11494,#11527,.F.) ;
#11537=EDGE_CURVE('',#8229,#11536,#11534,.T.) ;
#11542=EDGE_CURVE('',#11529,#11536,#11541,.T.) ;
#11555=EDGE_CURVE('',#8316,#11536,#11554,.F.) ;
#11569=EDGE_CURVE('',#8203,#11568,#11566,.T.) ;
#11574=EDGE_CURVE('',#8369,#11568,#11573,.F.) ;
#11593=EDGE_CURVE('',#11568,#11592,#11590,.F.) ;
#11600=EDGE_CURVE('',#11599,#8196,#11597,.T.) ;
#11605=EDGE_CURVE('',#11592,#11599,#11604,.F.) ;
#11627=EDGE_CURVE('',#11624,#11626,#11622,.T.) ;
#11634=EDGE_CURVE('',#11633,#11626,#11631,.T.) ;
#11639=EDGE_CURVE('',#11599,#11633,#11638,.T.) ;
#11646=EDGE_CURVE('',#11645,#11387,#11643,.T.) ;
#11651=EDGE_CURVE('',#11645,#11624,#11650,.T.) ;
#11678=EDGE_CURVE('',#8295,#10793,#11668,.F.) ;
#11695=EDGE_CURVE('',#8303,#10783,#11694,.T.) ;
#11712=EDGE_CURVE('',#10871,#10785,#11711,.T.) ;
#11719=EDGE_CURVE('',#10864,#11718,#11716,.T.) ;
#11726=EDGE_CURVE('',#11718,#11725,#11723,.F.) ;
#11731=EDGE_CURVE('',#11725,#10924,#11730,.T.) ;
#11736=EDGE_CURVE('',#10926,#11007,#11735,.F.) ;
#11741=EDGE_CURVE('',#11000,#8382,#11740,.T.) ;
#11746=EDGE_CURVE('',#8375,#11592,#11745,.T.) ;
#11751=EDGE_CURVE('',#11633,#11645,#11750,.F.) ;
#11756=EDGE_CURVE('',#11448,#11378,#11755,.T.) ;
#11761=EDGE_CURVE('',#11482,#11501,#11760,.F.) ;
#11766=EDGE_CURVE('',#8310,#11529,#11765,.T.) ;
#11818=EDGE_CURVE('',#10992,#8390,#11808,.F.) ;
#11868=EDGE_CURVE('',#8488,#8465,#11855,.T.) ;
#11901=EDGE_CURVE('',#8824,#11900,#11898,.F.) ;
#11906=EDGE_CURVE('',#8983,#11900,#11905,.T.) ;
#11925=EDGE_CURVE('',#8818,#11924,#11922,.T.) ;
#11930=EDGE_CURVE('',#11924,#11900,#11929,.F.) ;
#11944=EDGE_CURVE('',#8917,#11943,#11941,.T.) ;
#11951=EDGE_CURVE('',#11943,#11950,#11948,.T.) ;
#11958=EDGE_CURVE('',#11957,#11950,#11955,.T.) ;
#11965=EDGE_CURVE('',#11964,#11957,#11962,.T.) ;
#11972=EDGE_CURVE('',#11971,#11964,#11969,.T.) ;
#11979=EDGE_CURVE('',#11978,#11971,#11976,.T.) ;
#11986=EDGE_CURVE('',#11978,#11985,#11983,.F.) ;
#11993=EDGE_CURVE('',#11985,#11992,#11990,.T.) ;
#12000=EDGE_CURVE('',#11999,#11992,#11997,.T.) ;
#12007=EDGE_CURVE('',#12006,#11999,#12004,.T.) ;
#12014=EDGE_CURVE('',#12013,#12006,#12011,.T.) ;
#12019=EDGE_CURVE('',#11924,#12013,#12018,.T.) ;
#12024=EDGE_CURVE('',#8811,#11077,#12023,.T.) ;
#12029=EDGE_CURVE('',#11165,#11079,#12028,.F.) ;
#12036=EDGE_CURVE('',#11158,#12035,#12033,.T.) ;
#12043=EDGE_CURVE('',#12035,#12042,#12040,.T.) ;
#12048=EDGE_CURVE('',#12042,#11218,#12047,.T.) ;
#12053=EDGE_CURVE('',#11220,#11301,#12052,.T.) ;
#12058=EDGE_CURVE('',#11294,#8885,#12057,.T.) ;
#12099=EDGE_CURVE('',#8803,#11087,#12093,.F.) ;
#12125=EDGE_CURVE('',#11286,#8887,#12119,.F.) ;
#12146=EDGE_CURVE('',#8971,#12145,#12143,.T.) ;
#12151=EDGE_CURVE('',#8911,#12145,#12150,.F.) ;
#12168=EDGE_CURVE('',#12145,#11943,#12167,.T.) ;
#12182=EDGE_CURVE('',#12181,#11985,#12179,.F.) ;
#12187=EDGE_CURVE('',#8943,#12181,#12186,.T.) ;
#12192=EDGE_CURVE('',#11992,#8941,#12191,.T.) ;
#12207=EDGE_CURVE('',#8950,#12206,#12204,.T.) ;
#12212=EDGE_CURVE('',#12206,#12181,#12211,.F.) ;
#12224=EDGE_CURVE('',#11971,#8957,#12223,.T.) ;
#12229=EDGE_CURVE('',#11978,#12206,#12228,.T.) ;
#12251=EDGE_CURVE('',#12248,#12250,#12246,.T.) ;
#12256=EDGE_CURVE('',#11957,#12248,#12255,.F.) ;
#12261=EDGE_CURVE('',#11950,#8964,#12260,.F.) ;
#12266=EDGE_CURVE('',#11964,#12250,#12265,.F.) ;
#12290=EDGE_CURVE('',#12013,#8990,#12289,.T.) ;
#12312=EDGE_CURVE('',#12309,#12311,#12307,.T.) ;
#12317=EDGE_CURVE('',#11999,#12309,#12316,.F.) ;
#12322=EDGE_CURVE('',#12006,#12311,#12321,.F.) ;
#12347=EDGE_CURVE('',#9057,#9212,#12334,.T.) ;
#12507=EDGE_CURVE('',#9650,#9462,#12494,.T.) ;
#12562=EDGE_CURVE('',#9523,#9768,#12552,.T.) ;
#12581=EDGE_CURVE('',#12580,#9464,#12578,.T.) ;
#12586=EDGE_CURVE('',#12580,#9643,#12585,.F.) ;
#12605=EDGE_CURVE('',#9499,#12604,#12600,.T.) ;
#12611=EDGE_CURVE('',#12604,#10336,#12606,.F.) ;
#12617=EDGE_CURVE('',#10271,#12580,#12612,.F.) ;
#12638=EDGE_CURVE('',#9726,#12604,#12637,.T.) ;
#12656=EDGE_CURVE('',#9547,#10464,#12655,.F.) ;
#12661=EDGE_CURVE('',#9554,#10466,#12660,.F.) ;
#12690=EDGE_CURVE('',#9595,#10535,#12689,.F.) ;
#12695=EDGE_CURVE('',#9602,#10537,#12694,.F.) ;
#12739=EDGE_CURVE('',#9859,#12311,#12738,.F.) ;
#12744=EDGE_CURVE('',#12311,#12309,#12743,.T.) ;
#12749=EDGE_CURVE('',#9866,#12309,#12748,.F.) ;
#12778=EDGE_CURVE('',#9907,#12250,#12777,.F.) ;
#12783=EDGE_CURVE('',#12250,#12248,#12782,.T.) ;
#12788=EDGE_CURVE('',#9914,#12248,#12787,.F.) ;
#12817=EDGE_CURVE('',#11473,#10029,#12816,.T.) ;
#12822=EDGE_CURVE('',#11475,#11473,#12821,.F.) ;
#12827=EDGE_CURVE('',#11475,#10022,#12826,.T.) ;
#12856=EDGE_CURVE('',#11624,#10077,#12855,.T.) ;
#12861=EDGE_CURVE('',#11626,#11624,#12860,.F.) ;
#12866=EDGE_CURVE('',#11626,#10070,#12865,.T.) ;
#12910=EDGE_CURVE('',#12909,#10934,#12898,.F.) ;
#12917=EDGE_CURVE('',#12916,#12909,#12914,.F.) ;
#12928=EDGE_CURVE('',#10856,#12916,#12918,.F.) ;
#12948=EDGE_CURVE('',#12916,#11718,#12943,.F.) ;
#12973=EDGE_CURVE('',#12909,#11725,#12968,.F.) ;
#13005=EDGE_CURVE('',#12035,#13004,#12998,.F.) ;
#13012=EDGE_CURVE('',#11150,#13004,#13006,.F.) ;
#13032=EDGE_CURVE('',#13031,#11228,#13020,.F.) ;
#13037=EDGE_CURVE('',#13004,#13031,#13036,.T.) ;
#13057=EDGE_CURVE('',#13031,#12042,#13052,.F.) ;
#13159=EDGE_CURVE('',#5710,#13158,#13156,.T.) ;
#13166=EDGE_CURVE('',#5738,#13165,#13163,.T.) ;
#13171=EDGE_CURVE('',#13158,#13165,#13170,.T.) ;
#13190=EDGE_CURVE('',#5708,#13189,#13187,.T.) ;
#13195=EDGE_CURVE('',#13189,#13158,#13194,.T.) ;
#13214=EDGE_CURVE('',#5731,#13213,#13211,.T.) ;
#13219=EDGE_CURVE('',#13165,#13213,#13218,.T.) ;
#13238=EDGE_CURVE('',#13213,#13237,#13235,.T.) ;
#13245=EDGE_CURVE('',#13237,#13244,#13242,.T.) ;
#13250=EDGE_CURVE('',#13244,#13189,#13249,.T.) ;
#13269=EDGE_CURVE('',#5717,#13244,#13268,.T.) ;
#13286=EDGE_CURVE('',#5724,#13237,#13285,.T.) ;
#13317=EDGE_CURVE('',#5933,#13316,#13314,.T.) ;
#13324=EDGE_CURVE('',#6010,#13323,#13321,.T.) ;
#13329=EDGE_CURVE('',#13316,#13323,#13328,.T.) ;
#13348=EDGE_CURVE('',#5931,#13347,#13345,.T.) ;
#13353=EDGE_CURVE('',#13347,#13316,#13352,.T.) ;
#13372=EDGE_CURVE('',#6003,#13371,#13369,.T.) ;
#13377=EDGE_CURVE('',#13323,#13371,#13376,.T.) ;
#13396=EDGE_CURVE('',#13371,#13395,#13393,.T.) ;
#13403=EDGE_CURVE('',#13395,#13402,#13400,.T.) ;
#13410=EDGE_CURVE('',#13402,#13409,#13407,.T.) ;
#13417=EDGE_CURVE('',#13409,#13416,#13414,.T.) ;
#13424=EDGE_CURVE('',#13416,#13423,#13421,.T.) ;
#13431=EDGE_CURVE('',#13423,#13430,#13428,.T.) ;
#13438=EDGE_CURVE('',#13430,#13437,#13435,.T.) ;
#13445=EDGE_CURVE('',#13437,#13444,#13442,.T.) ;
#13452=EDGE_CURVE('',#13444,#13451,#13449,.T.) ;
#13457=EDGE_CURVE('',#13451,#13347,#13456,.T.) ;
#13483=EDGE_CURVE('',#5940,#13451,#13482,.T.) ;
#13500=EDGE_CURVE('',#5996,#13395,#13499,.T.) ;
#13517=EDGE_CURVE('',#5989,#13402,#13516,.T.) ;
#13534=EDGE_CURVE('',#5982,#13409,#13533,.T.) ;
#13551=EDGE_CURVE('',#5975,#13416,#13550,.T.) ;
#13568=EDGE_CURVE('',#5968,#13423,#13567,.T.) ;
#13585=EDGE_CURVE('',#5961,#13430,#13584,.T.) ;
#13602=EDGE_CURVE('',#5954,#13437,#13601,.T.) ;
#13619=EDGE_CURVE('',#5947,#13444,#13618,.T.) ;
#13650=EDGE_CURVE('',#6177,#13649,#13647,.T.) ;
#13657=EDGE_CURVE('',#6422,#13656,#13654,.T.) ;
#13662=EDGE_CURVE('',#13649,#13656,#13661,.T.) ;
#13681=EDGE_CURVE('',#6175,#13680,#13678,.T.) ;
#13686=EDGE_CURVE('',#13680,#13649,#13685,.T.) ;
#13705=EDGE_CURVE('',#6415,#13704,#13702,.T.) ;
#13710=EDGE_CURVE('',#13656,#13704,#13709,.T.) ;
#13724=EDGE_CURVE('',#13704,#13723,#13721,.T.) ;
#13731=EDGE_CURVE('',#13723,#13730,#13728,.T.) ;
#13738=EDGE_CURVE('',#13730,#13737,#13735,.T.) ;
#13745=EDGE_CURVE('',#13737,#13744,#13742,.T.) ;
#13752=EDGE_CURVE('',#13744,#13751,#13749,.T.) ;
#13759=EDGE_CURVE('',#13751,#13758,#13756,.T.) ;
#13766=EDGE_CURVE('',#13758,#13765,#13763,.T.) ;
#13773=EDGE_CURVE('',#13765,#13772,#13770,.T.) ;
#13780=EDGE_CURVE('',#13772,#13779,#13777,.T.) ;
#13787=EDGE_CURVE('',#13779,#13786,#13784,.T.) ;
#13794=EDGE_CURVE('',#13786,#13793,#13791,.T.) ;
#13801=EDGE_CURVE('',#13793,#13800,#13798,.T.) ;
#13808=EDGE_CURVE('',#13800,#13807,#13805,.T.) ;
#13815=EDGE_CURVE('',#13807,#13814,#13812,.T.) ;
#13822=EDGE_CURVE('',#13814,#13821,#13819,.T.) ;
#13829=EDGE_CURVE('',#13821,#13828,#13826,.T.) ;
#13836=EDGE_CURVE('',#13828,#13835,#13833,.T.) ;
#13843=EDGE_CURVE('',#13835,#13842,#13840,.T.) ;
#13850=EDGE_CURVE('',#13842,#13849,#13847,.T.) ;
#13857=EDGE_CURVE('',#13849,#13856,#13854,.T.) ;
#13864=EDGE_CURVE('',#13856,#13863,#13861,.T.) ;
#13871=EDGE_CURVE('',#13863,#13870,#13868,.T.) ;
#13878=EDGE_CURVE('',#13870,#13877,#13875,.T.) ;
#13885=EDGE_CURVE('',#13877,#13884,#13882,.T.) ;
#13892=EDGE_CURVE('',#13884,#13891,#13889,.T.) ;
#13899=EDGE_CURVE('',#13891,#13898,#13896,.T.) ;
#13906=EDGE_CURVE('',#13898,#13905,#13903,.T.) ;
#13913=EDGE_CURVE('',#13905,#13912,#13910,.T.) ;
#13920=EDGE_CURVE('',#13912,#13919,#13917,.T.) ;
#13927=EDGE_CURVE('',#13919,#13926,#13924,.T.) ;
#13934=EDGE_CURVE('',#13926,#13933,#13931,.T.) ;
#13941=EDGE_CURVE('',#13933,#13940,#13938,.T.) ;
#13948=EDGE_CURVE('',#13940,#13947,#13945,.T.) ;
#13953=EDGE_CURVE('',#13947,#13680,#13952,.T.) ;
#14003=EDGE_CURVE('',#6184,#13947,#14002,.T.) ;
#14020=EDGE_CURVE('',#6408,#13723,#14019,.T.) ;
#14037=EDGE_CURVE('',#6401,#13730,#14036,.T.) ;
#14054=EDGE_CURVE('',#6394,#13737,#14053,.T.) ;
#14071=EDGE_CURVE('',#6387,#13744,#14070,.T.) ;
#14088=EDGE_CURVE('',#6380,#13751,#14087,.T.) ;
#14105=EDGE_CURVE('',#6373,#13758,#14104,.T.) ;
#14122=EDGE_CURVE('',#6366,#13765,#14121,.T.) ;
#14139=EDGE_CURVE('',#6359,#13772,#14138,.T.) ;
#14156=EDGE_CURVE('',#6352,#13779,#14155,.T.) ;
#14173=EDGE_CURVE('',#6345,#13786,#14172,.T.) ;
#14190=EDGE_CURVE('',#6338,#13793,#14189,.T.) ;
#14207=EDGE_CURVE('',#6331,#13800,#14206,.T.) ;
#14224=EDGE_CURVE('',#6324,#13807,#14223,.T.) ;
#14241=EDGE_CURVE('',#6317,#13814,#14240,.T.) ;
#14258=EDGE_CURVE('',#6310,#13821,#14257,.T.) ;
#14275=EDGE_CURVE('',#6303,#13828,#14274,.T.) ;
#14292=EDGE_CURVE('',#6296,#13835,#14291,.T.) ;
#14309=EDGE_CURVE('',#6289,#13842,#14308,.T.) ;
#14326=EDGE_CURVE('',#6282,#13849,#14325,.T.) ;
#14343=EDGE_CURVE('',#6275,#13856,#14342,.T.) ;
#14360=EDGE_CURVE('',#6268,#13863,#14359,.T.) ;
#14377=EDGE_CURVE('',#6261,#13870,#14376,.T.) ;
#14394=EDGE_CURVE('',#6254,#13877,#14393,.T.) ;
#14411=EDGE_CURVE('',#6247,#13884,#14410,.T.) ;
#14428=EDGE_CURVE('',#6240,#13891,#14427,.T.) ;
#14445=EDGE_CURVE('',#6233,#13898,#14444,.T.) ;
#14462=EDGE_CURVE('',#6226,#13905,#14461,.T.) ;
#14479=EDGE_CURVE('',#6219,#13912,#14478,.T.) ;
#14496=EDGE_CURVE('',#6212,#13919,#14495,.T.) ;
#14513=EDGE_CURVE('',#6205,#13926,#14512,.T.) ;
#14530=EDGE_CURVE('',#6198,#13933,#14529,.T.) ;
#14547=EDGE_CURVE('',#6191,#13940,#14546,.T.) ;
#84=EDGE_LOOP('',(#85,#86,#87,#88)) ;
#292=EDGE_LOOP('',(#293,#294,#295,#296,#297,#298,#299,#300,#301,#302,#303,#304,#305,#306,#307,#308,#309,#310,#311,#312,#313,#314,#315,#316)) ;
#363=EDGE_LOOP('',(#364,#365,#366,#367,#368,#369,#370,#371)) ;
#390=EDGE_LOOP('',(#391,#392,#393,#394)) ;
#435=EDGE_LOOP('',(#436,#437,#438,#439,#440,#441,#442,#443)) ;
#470=EDGE_LOOP('',(#471,#472,#473,#474)) ;
#500=EDGE_LOOP('',(#501,#502,#503,#504,#505)) ;
#537=EDGE_LOOP('',(#538,#539,#540,#541,#542,#543,#544)) ;
#571=EDGE_LOOP('',(#572,#573,#574,#575,#576,#577,#578)) ;
#610=EDGE_LOOP('',(#611,#612,#613,#614,#615)) ;
#635=EDGE_LOOP('',(#636,#637,#638,#639)) ;
#659=EDGE_LOOP('',(#660,#661,#662,#663)) ;
#683=EDGE_LOOP('',(#684,#685,#686,#687)) ;
#713=EDGE_LOOP('',(#714,#715,#716,#717,#718)) ;
#766=EDGE_LOOP('',(#767,#768,#769,#770,#771,#772,#773,#774)) ;
#893=EDGE_LOOP('',(#894,#895,#896,#897,#898,#899,#900,#901,#902,#903,#904,#905)) ;
#927=EDGE_LOOP('',(#928,#929,#930,#931)) ;
#958=EDGE_LOOP('',(#959,#960,#961,#962)) ;
#993=EDGE_LOOP('',(#994,#995,#996,#997)) ;
#1104=EDGE_LOOP('',(#1105,#1106,#1107,#1108,#1109,#1110,#1111,#1112,#1113,#1114,#1115,#1116)) ;
#1157=EDGE_LOOP('',(#1158,#1159,#1160,#1161,#1162,#1163,#1164,#1165)) ;
#1197=EDGE_LOOP('',(#1198,#1199,#1200,#1201,#1202)) ;
#1222=EDGE_LOOP('',(#1223,#1224,#1225,#1226)) ;
#1234=EDGE_LOOP('',(#1235,#1236,#1237,#1238)) ;
#1256=EDGE_LOOP('',(#1257,#1258,#1259,#1260,#1261,#1262)) ;
#1327=EDGE_LOOP('',(#1328,#1329,#1330,#1331,#1332,#1333,#1334,#1335,#1336,#1337,#1338,#1339,#1340,#1341,#1342,#1343,#1344,#1345)) ;
#1353=EDGE_LOOP('',(#1354,#1355,#1356,#1357)) ;
#1378=EDGE_LOOP('',(#1379,#1380,#1381)) ;
#1438=EDGE_LOOP('',(#1439,#1440,#1441,#1442,#1443,#1444,#1445,#1446)) ;
#1459=EDGE_LOOP('',(#1460,#1461,#1462,#1463)) ;
#1515=EDGE_LOOP('',(#1516,#1517,#1518,#1519,#1520,#1521,#1522,#1523)) ;
#1543=EDGE_LOOP('',(#1544,#1545,#1546,#1547)) ;
#1561=EDGE_LOOP('',(#1562,#1563,#1564)) ;
#1584=EDGE_LOOP('',(#1585,#1586,#1587,#1588)) ;
#1601=EDGE_LOOP('',(#1602,#1603,#1604)) ;
#1617=EDGE_LOOP('',(#1618,#1619,#1620,#1621)) ;
#1709=EDGE_LOOP('',(#1710,#1711,#1712,#1713,#1714,#1715,#1716,#1717,#1718,#1719,#1720,#1721)) ;
#1740=EDGE_LOOP('',(#1741,#1742,#1743,#1744)) ;
#1757=EDGE_LOOP('',(#1758,#1759,#1760,#1761)) ;
#1790=EDGE_LOOP('',(#1791,#1792,#1793,#1794)) ;
#1982=EDGE_LOOP('',(#1983,#1984,#1985,#1986,#1987,#1988,#1989,#1990,#1991,#1992,#1993,#1994,#1995,#1996,#1997,#1998,#1999,#2000,#2001,#2002,#2003,#2004,#2005,#2006)) ;
#2032=EDGE_LOOP('',(#2033,#2034,#2035,#2036,#2037,#2038,#2039,#2040)) ;
#2059=EDGE_LOOP('',(#2060,#2061,#2062,#2063)) ;
#2083=EDGE_LOOP('',(#2084,#2085,#2086,#2087)) ;
#2106=EDGE_LOOP('',(#2107,#2108,#2109,#2110)) ;
#2123=EDGE_LOOP('',(#2124,#2125,#2126,#2127)) ;
#2140=EDGE_LOOP('',(#2141,#2142,#2143,#2144)) ;
#2207=EDGE_LOOP('',(#2208,#2209,#2210,#2211)) ;
#2274=EDGE_LOOP('',(#2275,#2276,#2277,#2278)) ;
#2337=EDGE_LOOP('',(#2338,#2339,#2340,#2341,#2342,#2343,#2344,#2345)) ;
#2627=EDGE_LOOP('',(#2628,#2629,#2630,#2631,#2632,#2633,#2634,#2635,#2636,#2637,#2638,#2639,#2640,#2641,#2642,#2643,#2644,#2645,#2646,#2647,#2648,#2649,#2650,#2651,#2652,#2653,#2654,#2655,#2656,#2657,#2658,#2659,#2660,#2661,#2662,#2663,#2664,#2665,#2666,#2667)) ;
#2686=EDGE_LOOP('',(#2687,#2688,#2689,#2690)) ;
#2705=EDGE_LOOP('',(#2706,#2707,#2708,#2709)) ;
#2728=EDGE_LOOP('',(#2729,#2730,#2731,#2732)) ;
#2752=EDGE_LOOP('',(#2753,#2754,#2755,#2756)) ;
#2775=EDGE_LOOP('',(#2776,#2777,#2778,#2779)) ;
#2799=EDGE_LOOP('',(#2800,#2801,#2802,#2803)) ;
#2822=EDGE_LOOP('',(#2823,#2824,#2825,#2826)) ;
#2862=EDGE_LOOP('',(#2863,#2864,#2865,#2866,#2867,#2868,#2869,#2870)) ;
#2942=EDGE_LOOP('',(#2943,#2944,#2945,#2946,#2947,#2948,#2949,#2950,#2951,#2952,#2953,#2954)) ;
#2967=EDGE_LOOP('',(#2968,#2969,#2970,#2971)) ;
#2991=EDGE_LOOP('',(#2992,#2993,#2994,#2995)) ;
#3009=EDGE_LOOP('',(#3010,#3011,#3012)) ;
#3025=EDGE_LOOP('',(#3026,#3027,#3028,#3029)) ;
#3056=EDGE_LOOP('',(#3057,#3058,#3059,#3060)) ;
#3101=EDGE_LOOP('',(#3102,#3103,#3104,#3105,#3106)) ;
#3126=EDGE_LOOP('',(#3127,#3128,#3129,#3130)) ;
#3150=EDGE_LOOP('',(#3151,#3152,#3153,#3154)) ;
#3174=EDGE_LOOP('',(#3175,#3176,#3177,#3178)) ;
#3211=EDGE_LOOP('',(#3212,#3213,#3214,#3215)) ;
#3243=EDGE_LOOP('',(#3244,#3245,#3246,#3247,#3248)) ;
#3256=EDGE_LOOP('',(#3257,#3258,#3259,#3260)) ;
#3268=EDGE_LOOP('',(#3269,#3270,#3271,#3272)) ;
#3326=EDGE_LOOP('',(#3327,#3328,#3329,#3330,#3331,#3332,#3333,#3334)) ;
#3354=EDGE_LOOP('',(#3355,#3356,#3357,#3358)) ;
#3448=EDGE_LOOP('',(#3449,#3450,#3451,#3452,#3453,#3454,#3455,#3456,#3457,#3458,#3459,#3460,#3461,#3462,#3463,#3464,#3465,#3466)) ;
#3479=EDGE_LOOP('',(#3480,#3481,#3482,#3483)) ;
#3501=EDGE_LOOP('',(#3502,#3503,#3504,#3505)) ;
#3513=EDGE_LOOP('',(#3514,#3515,#3516)) ;
#3570=EDGE_LOOP('',(#3571,#3572,#3573,#3574)) ;
#3601=EDGE_LOOP('',(#3602,#3603,#3604,#3605)) ;
#3625=EDGE_LOOP('',(#3626,#3627,#3628,#3629)) ;
#3649=EDGE_LOOP('',(#3650,#3651,#3652,#3653)) ;
#3679=EDGE_LOOP('',(#3680,#3681,#3682,#3683,#3684)) ;
#3702=EDGE_LOOP('',(#3703,#3704,#3705,#3706,#3707,#3708,#3709)) ;
#3746=EDGE_LOOP('',(#3747,#3748,#3749,#3750,#3751,#3752,#3753,#3754)) ;
#3769=EDGE_LOOP('',(#3770,#3771,#3772,#3773)) ;
#3807=EDGE_LOOP('',(#3808,#3809,#3810,#3811,#3812,#3813,#3814,#3815)) ;
#3823=EDGE_LOOP('',(#3824,#3825,#3826,#3827,#3828,#3829,#3830)) ;
#3862=EDGE_LOOP('',(#3863,#3864,#3865,#3866,#3867)) ;
#3887=EDGE_LOOP('',(#3888,#3889,#3890,#3891)) ;
#3906=EDGE_LOOP('',(#3907,#3908,#3909,#3910)) ;
#3930=EDGE_LOOP('',(#3931,#3932,#3933,#3934)) ;
#3960=EDGE_LOOP('',(#3961,#3962,#3963,#3964,#3965)) ;
#3978=EDGE_LOOP('',(#3979,#3980,#3981,#3982)) ;
#4008=EDGE_LOOP('',(#4009,#4010,#4011,#4012,#4013)) ;
#4021=EDGE_LOOP('',(#4022,#4023,#4024)) ;
#4032=EDGE_LOOP('',(#4033,#4034,#4035,#4036)) ;
#4049=EDGE_LOOP('',(#4050,#4051,#4052,#4053)) ;
#4093=EDGE_LOOP('',(#4094,#4095,#4096,#4097)) ;
#4251=EDGE_LOOP('',(#4252,#4253,#4254,#4255,#4256,#4257,#4258,#4259,#4260,#4261,#4262,#4263,#4264,#4265,#4266,#4267,#4268,#4269,#4270,#4271,#4272,#4273,#4274,#4275,#4276)) ;
#4295=EDGE_LOOP('',(#4296,#4297,#4298,#4299)) ;
#4318=EDGE_LOOP('',(#4319,#4320,#4321,#4322)) ;
#4393=EDGE_LOOP('',(#4394,#4395,#4396,#4397,#4398,#4399,#4400,#4401,#4402,#4403,#4404,#4405)) ;
#4446=EDGE_LOOP('',(#4447,#4448,#4449,#4450,#4451,#4452,#4453)) ;
#4472=EDGE_LOOP('',(#4473,#4474,#4475,#4476)) ;
#4495=EDGE_LOOP('',(#4496,#4497,#4498,#4499)) ;
#4557=EDGE_LOOP('',(#4558,#4559,#4560,#4561,#4562,#4563,#4564,#4565,#4566)) ;
#4585=EDGE_LOOP('',(#4586,#4587,#4588,#4589)) ;
#4608=EDGE_LOOP('',(#4609,#4610,#4611,#4612)) ;
#4646=EDGE_LOOP('',(#4647,#4648,#4649,#4650,#4651,#4652,#4653)) ;
#4672=EDGE_LOOP('',(#4673,#4674,#4675,#4676)) ;
#4695=EDGE_LOOP('',(#4696,#4697,#4698,#4699)) ;
#4847=EDGE_LOOP('',(#4848,#4849,#4850,#4851,#4852,#4853,#4854,#4855,#4856,#4857,#4858,#4859,#4860,#4861,#4862,#4863,#4864,#4865,#4866,#4867,#4868,#4869,#4870,#4871,#4872)) ;
#4899=EDGE_LOOP('',(#4900,#4901,#4902,#4903,#4904,#4905)) ;
#4936=EDGE_LOOP('',(#4937,#4938,#4939,#4940,#4941,#4942)) ;
#4962=EDGE_LOOP('',(#4963,#4964,#4965,#4966,#4967,#4968)) ;
#4987=EDGE_LOOP('',(#4988,#4989,#4990,#4991)) ;
#5010=EDGE_LOOP('',(#5011,#5012,#5013,#5014)) ;
#5085=EDGE_LOOP('',(#5086,#5087,#5088,#5089,#5090,#5091,#5092,#5093,#5094,#5095,#5096,#5097)) ;
#5133=EDGE_LOOP('',(#5134,#5135,#5136,#5137,#5138,#5139,#5140)) ;
#5159=EDGE_LOOP('',(#5160,#5161,#5162,#5163)) ;
#5182=EDGE_LOOP('',(#5183,#5184,#5185,#5186)) ;
#5244=EDGE_LOOP('',(#5245,#5246,#5247,#5248,#5249,#5250,#5251,#5252,#5253)) ;
#5272=EDGE_LOOP('',(#5273,#5274,#5275,#5276)) ;
#5295=EDGE_LOOP('',(#5296,#5297,#5298,#5299)) ;
#5328=EDGE_LOOP('',(#5329,#5330,#5331,#5332,#5333,#5334,#5335)) ;
#5354=EDGE_LOOP('',(#5355,#5356,#5357,#5358)) ;
#5371=EDGE_LOOP('',(#5372,#5373,#5374,#5375)) ;
#5397=EDGE_LOOP('',(#5398,#5399,#5400,#5401,#5402,#5403)) ;
#5434=EDGE_LOOP('',(#5435,#5436,#5437,#5438,#5439,#5440)) ;
#5455=EDGE_LOOP('',(#5456,#5457,#5458,#5459,#5460,#5461)) ;
#5474=EDGE_LOOP('',(#5475,#5476,#5477)) ;
#5490=EDGE_LOOP('',(#5491,#5492,#5493,#5494)) ;
#5507=EDGE_LOOP('',(#5508,#5509,#5510)) ;
#5518=EDGE_LOOP('',(#5519,#5520,#5521,#5522)) ;
#5542=EDGE_LOOP('',(#5543,#5544,#5545,#5546)) ;
#5594=EDGE_LOOP('',(#5595,#5596,#5597,#5598,#5599,#5600,#5601,#5602)) ;
#5617=EDGE_LOOP('',(#5618,#5619,#5620)) ;
#5635=EDGE_LOOP('',(#5636,#5637,#5638)) ;
#5693=EDGE_LOOP('',(#5694,#5695,#5696,#5697,#5698,#5699,#5700,#5701)) ;
#5745=EDGE_LOOP('',(#5746,#5747,#5748,#5749,#5750,#5751)) ;
#5767=EDGE_LOOP('',(#5768,#5769)) ;
#5785=EDGE_LOOP('',(#5786,#5787)) ;
#5848=EDGE_LOOP('',(#5849,#5850,#5851,#5852,#5853,#5854,#5855,#5856)) ;
#5914=EDGE_LOOP('',(#5915,#5916,#5917,#5918,#5919,#5920,#5921,#5922,#5923,#5924)) ;
#6017=EDGE_LOOP('',(#6018,#6019,#6020,#6021,#6022,#6023,#6024,#6025,#6026,#6027,#6028,#6029,#6030)) ;
#6046=EDGE_LOOP('',(#6047,#6048)) ;
#6064=EDGE_LOOP('',(#6065,#6066)) ;
#6079=EDGE_LOOP('',(#6080,#6081,#6082)) ;
#6095=EDGE_LOOP('',(#6096,#6097,#6098)) ;
#6158=EDGE_LOOP('',(#6159,#6160,#6161,#6162,#6163,#6164,#6165,#6166,#6167,#6168)) ;
#6429=EDGE_LOOP('',(#6430,#6431,#6432,#6433,#6434,#6435,#6436,#6437,#6438,#6439,#6440,#6441,#6442,#6443,#6444,#6445,#6446,#6447,#6448,#6449,#6450,#6451,#6452,#6453,#6454,#6455,#6456,#6457,#6458,#6459,#6460,#6461,#6462,#6463,#6464,#6465,#6466)) ;
#6482=EDGE_LOOP('',(#6483,#6484)) ;
#6500=EDGE_LOOP('',(#6501,#6502)) ;
#6521=EDGE_LOOP('',(#6522,#6523,#6524,#6525)) ;
#6540=EDGE_LOOP('',(#6541,#6542,#6543,#6544)) ;
#6564=EDGE_LOOP('',(#6565,#6566,#6567,#6568)) ;
#6595=EDGE_LOOP('',(#6596,#6597,#6598,#6599)) ;
#6689=EDGE_LOOP('',(#6690,#6691,#6692,#6693)) ;
#6713=EDGE_LOOP('',(#6714,#6715,#6716,#6717)) ;
#6730=EDGE_LOOP('',(#6731,#6732,#6733)) ;
#6757=EDGE_LOOP('',(#6758,#6759,#6760,#6761,#6762)) ;
#6780=EDGE_LOOP('',(#6781,#6782,#6783,#6784)) ;
#6808=EDGE_LOOP('',(#6809,#6810,#6811,#6812,#6813)) ;
#6826=EDGE_LOOP('',(#6827,#6828,#6829,#6830)) ;
#6838=EDGE_LOOP('',(#6839,#6840,#6841,#6842,#6843,#6844)) ;
#6852=EDGE_LOOP('',(#6853,#6854,#6855,#6856)) ;
#6877=EDGE_LOOP('',(#6878,#6879,#6880)) ;
#6900=EDGE_LOOP('',(#6901,#6902,#6903,#6904)) ;
#6917=EDGE_LOOP('',(#6918,#6919,#6920)) ;
#6972=EDGE_LOOP('',(#6973,#6974,#6975,#6976,#6977,#6978,#6979,#6980)) ;
#6993=EDGE_LOOP('',(#6994,#6995,#6996,#6997)) ;
#7010=EDGE_LOOP('',(#7011,#7012,#7013,#7014)) ;
#7022=EDGE_LOOP('',(#7023,#7024,#7025,#7026)) ;
#7078=EDGE_LOOP('',(#7079,#7080,#7081,#7082,#7083,#7084,#7085,#7086)) ;
#7106=EDGE_LOOP('',(#7107,#7108,#7109,#7110)) ;
#7124=EDGE_LOOP('',(#7125,#7126,#7127)) ;
#7147=EDGE_LOOP('',(#7148,#7149,#7150,#7151)) ;
#7164=EDGE_LOOP('',(#7165,#7166,#7167)) ;
#7180=EDGE_LOOP('',(#7181,#7182,#7183,#7184)) ;
#7197=EDGE_LOOP('',(#7198,#7199,#7200,#7201)) ;
#7287=EDGE_LOOP('',(#7288,#7289,#7290,#7291,#7292,#7293,#7294,#7295,#7296,#7297,#7298,#7299)) ;
#7319=EDGE_LOOP('',(#7320,#7321,#7322,#7323)) ;
#7342=EDGE_LOOP('',(#7343,#7344,#7345,#7346)) ;
#7366=EDGE_LOOP('',(#7367,#7368,#7369,#7370)) ;
#7416=EDGE_LOOP('',(#7417,#7418,#7419,#7420,#7421,#7422,#7423,#7424)) ;
#7493=EDGE_LOOP('',(#7494,#7495,#7496,#7497,#7498,#7499,#7500,#7501,#7502,#7503,#7504,#7505)) ;
#7525=EDGE_LOOP('',(#7526,#7527,#7528,#7529)) ;
#7549=EDGE_LOOP('',(#7550,#7551,#7552,#7553)) ;
#7718=EDGE_LOOP('',(#7719,#7720,#7721,#7722,#7723,#7724,#7725,#7726,#7727,#7728,#7729,#7730,#7731,#7732,#7733,#7734,#7735,#7736,#7737,#7738,#7739,#7740,#7741,#7742,#7743,#7744)) ;
#7767=EDGE_LOOP('',(#7768,#7769,#7770,#7771)) ;
#7791=EDGE_LOOP('',(#7792,#7793,#7794,#7795)) ;
#7840=EDGE_LOOP('',(#7841,#7842,#7843,#7844,#7845,#7846,#7847,#7848,#7849,#7850,#7851,#7852)) ;
#7935=EDGE_LOOP('',(#7936,#7937,#7938,#7939,#7940,#7941,#7942,#7943,#7944,#7945,#7946,#7947,#7948,#7949,#7950,#7951,#7952,#7953,#7954,#7955)) ;
#7968=EDGE_LOOP('',(#7969,#7970,#7971,#7972,#7973)) ;
#7986=EDGE_LOOP('',(#7987,#7988,#7989,#7990)) ;
#7998=EDGE_LOOP('',(#7999,#8000,#8001,#8002,#8003)) ;
#8086=EDGE_LOOP('',(#8087,#8088,#8089,#8090,#8091,#8092,#8093,#8094,#8095,#8096,#8097,#8098,#8099,#8100,#8101,#8102,#8103,#8104,#8105,#8106)) ;
#8154=EDGE_LOOP('',(#8155,#8156,#8157,#8158,#8159,#8160,#8161,#8162,#8163)) ;
#8176=EDGE_LOOP('',(#8177,#8178,#8179,#8180,#8181)) ;
#8264=EDGE_LOOP('',(#8265,#8266,#8267,#8268,#8269,#8270,#8271,#8272,#8273,#8274,#8275,#8276)) ;
#8322=EDGE_LOOP('',(#8323,#8324,#8325,#8326,#8327,#8328,#8329,#8330,#8331)) ;
#8353=EDGE_LOOP('',(#8354,#8355,#8356,#8357)) ;
#8403=EDGE_LOOP('',(#8404,#8405,#8406,#8407,#8408,#8409,#8410,#8411,#8412)) ;
#8446=EDGE_LOOP('',(#8447,#8448,#8449,#8450,#8451,#8452)) ;
#8472=EDGE_LOOP('',(#8473,#8474,#8475,#8476,#8477,#8478,#8479,#8480)) ;
#8495=EDGE_LOOP('',(#8496,#8497,#8498,#8499,#8500,#8501,#8502,#8503)) ;
#8544=EDGE_LOOP('',(#8545,#8546,#8547,#8548,#8549,#8550)) ;
#8563=EDGE_LOOP('',(#8564,#8565,#8566,#8567,#8568)) ;
#8607=EDGE_LOOP('',(#8608,#8609,#8610,#8611,#8612,#8613)) ;
#8628=EDGE_LOOP('',(#8629,#8630,#8631,#8632)) ;
#8651=EDGE_LOOP('',(#8652,#8653,#8654,#8655)) ;
#8663=EDGE_LOOP('',(#8664,#8665,#8666,#8667)) ;
#8682=EDGE_LOOP('',(#8683,#8684,#8685,#8686)) ;
#8699=EDGE_LOOP('',(#8700,#8701,#8702,#8703)) ;
#8726=EDGE_LOOP('',(#8727,#8728,#8729,#8730)) ;
#8738=EDGE_LOOP('',(#8739,#8740,#8741,#8742)) ;
#8750=EDGE_LOOP('',(#8751,#8752,#8753,#8754,#8755)) ;
#8763=EDGE_LOOP('',(#8764,#8765,#8766,#8767)) ;
#8770=EDGE_LOOP('',(#8771,#8772,#8773,#8774,#8775)) ;
#8783=EDGE_LOOP('',(#8784,#8785,#8786,#8787,#8788)) ;
#8841=EDGE_LOOP('',(#8842,#8843,#8844,#8845,#8846,#8847,#8848,#8849,#8850)) ;
#8867=EDGE_LOOP('',(#8868,#8869,#8870,#8871)) ;
#8924=EDGE_LOOP('',(#8925,#8926,#8927,#8928,#8929,#8930,#8931,#8932,#8933)) ;
#8997=EDGE_LOOP('',(#8998,#8999,#9000,#9001,#9002,#9003,#9004,#9005,#9006,#9007,#9008,#9009)) ;
#9043=EDGE_LOOP('',(#9044,#9045,#9046,#9047,#9048,#9049)) ;
#9064=EDGE_LOOP('',(#9065,#9066,#9067,#9068,#9069,#9070,#9071,#9072)) ;
#9120=EDGE_LOOP('',(#9121,#9122,#9123,#9124,#9125,#9126)) ;
#9155=EDGE_LOOP('',(#9156,#9157,#9158,#9159,#9160)) ;
#9198=EDGE_LOOP('',(#9199,#9200,#9201,#9202,#9203,#9204)) ;
#9219=EDGE_LOOP('',(#9220,#9221,#9222,#9223,#9224,#9225,#9226,#9227)) ;
#9240=EDGE_LOOP('',(#9241,#9242,#9243)) ;
#9258=EDGE_LOOP('',(#9259,#9260,#9261,#9262)) ;
#9277=EDGE_LOOP('',(#9278,#9279,#9280,#9281)) ;
#9299=EDGE_LOOP('',(#9300,#9301,#9302,#9303)) ;
#9368=EDGE_LOOP('',(#9369,#9370,#9371,#9372)) ;
#9385=EDGE_LOOP('',(#9386,#9387,#9388,#9389)) ;
#9404=EDGE_LOOP('',(#9405,#9406,#9407,#9408)) ;
#9421=EDGE_LOOP('',(#9422,#9423,#9424,#9425)) ;
#9445=EDGE_LOOP('',(#9446,#9447,#9448,#9449)) ;
#9479=EDGE_LOOP('',(#9480,#9481,#9482,#9483)) ;
#9506=EDGE_LOOP('',(#9507,#9508,#9509,#9510)) ;
#9530=EDGE_LOOP('',(#9531,#9532,#9533,#9534)) ;
#9561=EDGE_LOOP('',(#9562,#9563,#9564,#9565)) ;
#9578=EDGE_LOOP('',(#9579,#9580,#9581,#9582)) ;
#9609=EDGE_LOOP('',(#9610,#9611,#9612,#9613)) ;
#9626=EDGE_LOOP('',(#9627,#9628,#9629,#9630)) ;
#9657=EDGE_LOOP('',(#9658,#9659,#9660,#9661)) ;
#9751=EDGE_LOOP('',(#9752,#9753,#9754,#9755)) ;
#9775=EDGE_LOOP('',(#9776,#9777,#9778,#9779)) ;
#9800=EDGE_LOOP('',(#9801,#9802,#9803,#9804)) ;
#9825=EDGE_LOOP('',(#9826,#9827,#9828,#9829)) ;
#9842=EDGE_LOOP('',(#9843,#9844,#9845,#9846)) ;
#9873=EDGE_LOOP('',(#9874,#9875,#9876,#9877)) ;
#9890=EDGE_LOOP('',(#9891,#9892,#9893,#9894)) ;
#9921=EDGE_LOOP('',(#9922,#9923,#9924,#9925)) ;
#9938=EDGE_LOOP('',(#9939,#9940,#9941,#9942)) ;
#9963=EDGE_LOOP('',(#9964,#9965,#9966,#9967)) ;
#9988=EDGE_LOOP('',(#9989,#9990,#9991,#9992)) ;
#10005=EDGE_LOOP('',(#10006,#10007,#10008,#10009)) ;
#10036=EDGE_LOOP('',(#10037,#10038,#10039,#10040)) ;
#10053=EDGE_LOOP('',(#10054,#10055,#10056,#10057)) ;
#10084=EDGE_LOOP('',(#10085,#10086,#10087,#10088)) ;
#10101=EDGE_LOOP('',(#10102,#10103,#10104,#10105)) ;
#10145=EDGE_LOOP('',(#10146,#10147,#10148,#10149)) ;
#10189=EDGE_LOOP('',(#10190,#10191,#10192,#10193)) ;
#10201=EDGE_LOOP('',(#10202,#10203,#10204)) ;
#10212=EDGE_LOOP('',(#10213,#10214,#10215)) ;
#10223=EDGE_LOOP('',(#10224,#10225,#10226,#10227)) ;
#10235=EDGE_LOOP('',(#10236,#10237,#10238,#10239)) ;
#10252=EDGE_LOOP('',(#10253,#10254,#10255,#10256,#10257,#10258)) ;
#10285=EDGE_LOOP('',(#10286,#10287,#10288,#10289,#10290)) ;
#10319=EDGE_LOOP('',(#10320,#10321,#10322,#10323)) ;
#10343=EDGE_LOOP('',(#10344,#10345,#10346,#10347,#10348)) ;
#10361=EDGE_LOOP('',(#10362,#10363,#10364,#10365,#10366,#10367)) ;
#10375=EDGE_LOOP('',(#10376,#10377,#10378,#10379)) ;
#10404=EDGE_LOOP('',(#10405,#10406,#10407,#10408,#10409)) ;
#10424=EDGE_LOOP('',(#10425,#10426,#10427,#10428)) ;
#10446=EDGE_LOOP('',(#10447,#10448,#10449,#10450,#10451)) ;
#10483=EDGE_LOOP('',(#10484,#10485,#10486,#10487,#10488,#10489,#10490,#10491)) ;
#10499=EDGE_LOOP('',(#10500,#10501,#10502,#10503,#10504)) ;
#10517=EDGE_LOOP('',(#10518,#10519,#10520,#10521,#10522)) ;
#10549=EDGE_LOOP('',(#10550,#10551,#10552,#10553,#10554,#10555,#10556,#10557)) ;
#10565=EDGE_LOOP('',(#10566,#10567,#10568,#10569)) ;
#10577=EDGE_LOOP('',(#10578,#10579,#10580,#10581)) ;
#10589=EDGE_LOOP('',(#10590,#10591,#10592,#10593)) ;
#10601=EDGE_LOOP('',(#10602,#10603,#10604,#10605)) ;
#10626=EDGE_LOOP('',(#10627,#10628,#10629,#10630)) ;
#10653=EDGE_LOOP('',(#10654,#10655,#10656,#10657)) ;
#10678=EDGE_LOOP('',(#10679,#10680,#10681,#10682)) ;
#10705=EDGE_LOOP('',(#10706,#10707,#10708,#10709)) ;
#10722=EDGE_LOOP('',(#10723,#10724,#10725,#10726)) ;
#10734=EDGE_LOOP('',(#10735,#10736,#10737,#10738)) ;
#10741=EDGE_LOOP('',(#10742,#10743,#10744,#10745,#10746,#10747)) ;
#10766=EDGE_LOOP('',(#10767,#10768,#10769,#10770)) ;
#10810=EDGE_LOOP('',(#10811,#10812,#10813,#10814,#10815,#10816,#10817)) ;
#10837=EDGE_LOOP('',(#10838,#10839,#10840,#10841)) ;
#10881=EDGE_LOOP('',(#10882,#10883,#10884,#10885,#10886,#10887,#10888)) ;
#10907=EDGE_LOOP('',(#10908,#10909,#10910,#10911)) ;
#10951=EDGE_LOOP('',(#10952,#10953,#10954,#10955,#10956,#10957,#10958)) ;
#10973=EDGE_LOOP('',(#10974,#10975,#10976,#10977)) ;
#11017=EDGE_LOOP('',(#11018,#11019,#11020,#11021,#11022,#11023,#11024)) ;
#11037=EDGE_LOOP('',(#11038,#11039,#11040,#11041)) ;
#11060=EDGE_LOOP('',(#11061,#11062,#11063,#11064)) ;
#11104=EDGE_LOOP('',(#11105,#11106,#11107,#11108,#11109,#11110,#11111)) ;
#11131=EDGE_LOOP('',(#11132,#11133,#11134,#11135)) ;
#11175=EDGE_LOOP('',(#11176,#11177,#11178,#11179,#11180,#11181,#11182)) ;
#11201=EDGE_LOOP('',(#11202,#11203,#11204,#11205)) ;
#11245=EDGE_LOOP('',(#11246,#11247,#11248,#11249,#11250,#11251,#11252)) ;
#11267=EDGE_LOOP('',(#11268,#11269,#11270,#11271)) ;
#11311=EDGE_LOOP('',(#11312,#11313,#11314,#11315,#11316,#11317,#11318)) ;
#11330=EDGE_LOOP('',(#11331,#11332,#11333,#11334)) ;
#11349=EDGE_LOOP('',(#11350,#11351,#11352)) ;
#11362=EDGE_LOOP('',(#11363,#11364,#11365)) ;
#11399=EDGE_LOOP('',(#11400,#11401,#11402,#11403,#11404)) ;
#11424=EDGE_LOOP('',(#11425,#11426,#11427,#11428)) ;
#11455=EDGE_LOOP('',(#11456,#11457,#11458,#11459,#11460)) ;
#11508=EDGE_LOOP('',(#11509,#11510,#11511,#11512,#11513,#11514,#11515,#11516)) ;
#11543=EDGE_LOOP('',(#11544,#11545,#11546,#11547,#11548)) ;
#11556=EDGE_LOOP('',(#11557,#11558,#11559,#11560)) ;
#11575=EDGE_LOOP('',(#11576,#11577,#11578,#11579)) ;
#11606=EDGE_LOOP('',(#11607,#11608,#11609,#11610,#11611)) ;
#11652=EDGE_LOOP('',(#11653,#11654,#11655,#11656,#11657,#11658,#11659,#11660)) ;
#11679=EDGE_LOOP('',(#11680,#11681,#11682,#11683)) ;
#11696=EDGE_LOOP('',(#11697,#11698,#11699,#11700)) ;
#11767=EDGE_LOOP('',(#11768,#11769,#11770,#11771,#11772,#11773,#11774,#11775,#11776,#11777,#11778,#11779,#11780,#11781,#11782,#11783,#11784,#11785,#11786,#11787,#11788,#11789,#11790,#11791,#11792,#11793)) ;
#11801=EDGE_LOOP('',(#11802,#11803,#11804,#11805)) ;
#11819=EDGE_LOOP('',(#11820,#11821,#11822,#11823)) ;
#11831=EDGE_LOOP('',(#11832,#11833,#11834,#11835)) ;
#11843=EDGE_LOOP('',(#11844,#11845,#11846,#11847)) ;
#11869=EDGE_LOOP('',(#11870,#11871,#11872,#11873)) ;
#11881=EDGE_LOOP('',(#11882,#11883,#11884,#11885,#11886,#11887)) ;
#11907=EDGE_LOOP('',(#11908,#11909,#11910,#11911)) ;
#11931=EDGE_LOOP('',(#11932,#11933,#11934,#11935)) ;
#12059=EDGE_LOOP('',(#12060,#12061,#12062,#12063,#12064,#12065,#12066,#12067,#12068,#12069,#12070,#12071,#12072,#12073,#12074,#12075,#12076,#12077,#12078,#12079,#12080,#12081,#12082,#12083,#12084,#12085)) ;
#12100=EDGE_LOOP('',(#12101,#12102,#12103,#12104)) ;
#12107=EDGE_LOOP('',(#12108,#12109,#12110,#12111)) ;
#12126=EDGE_LOOP('',(#12127,#12128,#12129,#12130)) ;
#12133=EDGE_LOOP('',(#12134,#12135,#12136,#12137)) ;
#12152=EDGE_LOOP('',(#12153,#12154,#12155,#12156)) ;
#12169=EDGE_LOOP('',(#12170,#12171,#12172,#12173)) ;
#12193=EDGE_LOOP('',(#12194,#12195,#12196,#12197,#12198)) ;
#12213=EDGE_LOOP('',(#12214,#12215,#12216,#12217)) ;
#12230=EDGE_LOOP('',(#12231,#12232,#12233,#12234,#12235)) ;
#12267=EDGE_LOOP('',(#12268,#12269,#12270,#12271,#12272,#12273,#12274,#12275)) ;
#12278=EDGE_LOOP('',(#12279,#12280,#12281,#12282,#12283)) ;
#12291=EDGE_LOOP('',(#12292,#12293,#12294,#12295,#12296)) ;
#12323=EDGE_LOOP('',(#12324,#12325,#12326,#12327,#12328,#12329,#12330,#12331)) ;
#12348=EDGE_LOOP('',(#12349,#12350,#12351,#12352)) ;
#12360=EDGE_LOOP('',(#12361,#12362,#12363,#12364,#12365,#12366)) ;
#12406=EDGE_LOOP('',(#12407,#12408,#12409,#12410)) ;
#12450=EDGE_LOOP('',(#12451,#12452,#12453,#12454)) ;
#12508=EDGE_LOOP('',(#12509,#12510,#12511,#12512)) ;
#12563=EDGE_LOOP('',(#12564,#12565,#12566,#12567)) ;
#12587=EDGE_LOOP('',(#12588,#12589,#12590,#12591,#12592)) ;
#12618=EDGE_LOOP('',(#12619,#12620,#12621,#12622,#12623,#12624,#12625,#12626)) ;
#12639=EDGE_LOOP('',(#12640,#12641,#12642,#12643,#12644)) ;
#12662=EDGE_LOOP('',(#12663,#12664,#12665,#12666)) ;
#12674=EDGE_LOOP('',(#12675,#12676,#12677,#12678)) ;
#12696=EDGE_LOOP('',(#12697,#12698,#12699,#12700)) ;
#12708=EDGE_LOOP('',(#12709,#12710,#12711,#12712)) ;
#12720=EDGE_LOOP('',(#12721,#12722,#12723,#12724,#12725,#12726,#12727)) ;
#12750=EDGE_LOOP('',(#12751,#12752,#12753,#12754)) ;
#12762=EDGE_LOOP('',(#12763,#12764,#12765,#12766)) ;
#12789=EDGE_LOOP('',(#12790,#12791,#12792,#12793)) ;
#12801=EDGE_LOOP('',(#12802,#12803,#12804,#12805)) ;
#12828=EDGE_LOOP('',(#12829,#12830,#12831,#12832)) ;
#12840=EDGE_LOOP('',(#12841,#12842,#12843,#12844)) ;
#12867=EDGE_LOOP('',(#12868,#12869,#12870,#12871)) ;
#12879=EDGE_LOOP('',(#12880,#12881,#12882,#12883)) ;
#12891=EDGE_LOOP('',(#12892,#12893,#12894,#12895)) ;
#12929=EDGE_LOOP('',(#12930,#12931,#12932,#12933,#12934,#12935)) ;
#12949=EDGE_LOOP('',(#12950,#12951,#12952,#12953)) ;
#12956=EDGE_LOOP('',(#12957,#12958,#12959,#12960)) ;
#12974=EDGE_LOOP('',(#12975,#12976,#12977,#12978)) ;
#12986=EDGE_LOOP('',(#12987,#12988,#12989,#12990)) ;
#13013=EDGE_LOOP('',(#13014,#13015,#13016,#13017)) ;
#13038=EDGE_LOOP('',(#13039,#13040,#13041,#13042,#13043,#13044)) ;
#13058=EDGE_LOOP('',(#13059,#13060,#13061,#13062)) ;
#13065=EDGE_LOOP('',(#13066,#13067,#13068,#13069)) ;
#13077=EDGE_LOOP('',(#13078,#13079,#13080,#13081)) ;
#13084=EDGE_LOOP('',(#13085,#13086,#13087,#13088)) ;
#13091=EDGE_LOOP('',(#13092,#13093,#13094,#13095)) ;
#13103=EDGE_LOOP('',(#13104,#13105,#13106,#13107)) ;
#13110=EDGE_LOOP('',(#13111,#13112,#13113,#13114)) ;
#13122=EDGE_LOOP('',(#13123,#13124,#13125,#13126)) ;
#13129=EDGE_LOOP('',(#13130,#13131,#13132,#13133)) ;
#13141=EDGE_LOOP('',(#13142,#13143,#13144,#13145)) ;
#13172=EDGE_LOOP('',(#13173,#13174,#13175,#13176)) ;
#13196=EDGE_LOOP('',(#13197,#13198,#13199,#13200)) ;
#13220=EDGE_LOOP('',(#13221,#13222,#13223,#13224)) ;
#13251=EDGE_LOOP('',(#13252,#13253,#13254,#13255,#13256,#13257)) ;
#13270=EDGE_LOOP('',(#13271,#13272,#13273,#13274)) ;
#13287=EDGE_LOOP('',(#13288,#13289,#13290,#13291)) ;
#13299=EDGE_LOOP('',(#13300,#13301,#13302,#13303)) ;
#13330=EDGE_LOOP('',(#13331,#13332,#13333,#13334)) ;
#13354=EDGE_LOOP('',(#13355,#13356,#13357,#13358)) ;
#13378=EDGE_LOOP('',(#13379,#13380,#13381,#13382)) ;
#13458=EDGE_LOOP('',(#13459,#13460,#13461,#13462,#13463,#13464,#13465,#13466,#13467,#13468,#13469,#13470,#13471)) ;
#13484=EDGE_LOOP('',(#13485,#13486,#13487,#13488)) ;
#13501=EDGE_LOOP('',(#13502,#13503,#13504,#13505)) ;
#13518=EDGE_LOOP('',(#13519,#13520,#13521,#13522)) ;
#13535=EDGE_LOOP('',(#13536,#13537,#13538,#13539)) ;
#13552=EDGE_LOOP('',(#13553,#13554,#13555,#13556)) ;
#13569=EDGE_LOOP('',(#13570,#13571,#13572,#13573)) ;
#13586=EDGE_LOOP('',(#13587,#13588,#13589,#13590)) ;
#13603=EDGE_LOOP('',(#13604,#13605,#13606,#13607)) ;
#13620=EDGE_LOOP('',(#13621,#13622,#13623,#13624)) ;
#13632=EDGE_LOOP('',(#13633,#13634,#13635,#13636)) ;
#13663=EDGE_LOOP('',(#13664,#13665,#13666,#13667)) ;
#13687=EDGE_LOOP('',(#13688,#13689,#13690,#13691)) ;
#13711=EDGE_LOOP('',(#13712,#13713,#13714,#13715)) ;
#13954=EDGE_LOOP('',(#13955,#13956,#13957,#13958,#13959,#13960,#13961,#13962,#13963,#13964,#13965,#13966,#13967,#13968,#13969,#13970,#13971,#13972,#13973,#13974,#13975,#13976,#13977,#13978,#13979,#13980,#13981,#13982,#13983,#13984,#13985,#13986,#13987,#13988,#13989,#13990,#13991)) ;
#14004=EDGE_LOOP('',(#14005,#14006,#14007,#14008)) ;
#14021=EDGE_LOOP('',(#14022,#14023,#14024,#14025)) ;
#14038=EDGE_LOOP('',(#14039,#14040,#14041,#14042)) ;
#14055=EDGE_LOOP('',(#14056,#14057,#14058,#14059)) ;
#14072=EDGE_LOOP('',(#14073,#14074,#14075,#14076)) ;
#14089=EDGE_LOOP('',(#14090,#14091,#14092,#14093)) ;
#14106=EDGE_LOOP('',(#14107,#14108,#14109,#14110)) ;
#14123=EDGE_LOOP('',(#14124,#14125,#14126,#14127)) ;
#14140=EDGE_LOOP('',(#14141,#14142,#14143,#14144)) ;
#14157=EDGE_LOOP('',(#14158,#14159,#14160,#14161)) ;
#14174=EDGE_LOOP('',(#14175,#14176,#14177,#14178)) ;
#14191=EDGE_LOOP('',(#14192,#14193,#14194,#14195)) ;
#14208=EDGE_LOOP('',(#14209,#14210,#14211,#14212)) ;
#14225=EDGE_LOOP('',(#14226,#14227,#14228,#14229)) ;
#14242=EDGE_LOOP('',(#14243,#14244,#14245,#14246)) ;
#14259=EDGE_LOOP('',(#14260,#14261,#14262,#14263)) ;
#14276=EDGE_LOOP('',(#14277,#14278,#14279,#14280)) ;
#14293=EDGE_LOOP('',(#14294,#14295,#14296,#14297)) ;
#14310=EDGE_LOOP('',(#14311,#14312,#14313,#14314)) ;
#14327=EDGE_LOOP('',(#14328,#14329,#14330,#14331)) ;
#14344=EDGE_LOOP('',(#14345,#14346,#14347,#14348)) ;
#14361=EDGE_LOOP('',(#14362,#14363,#14364,#14365)) ;
#14378=EDGE_LOOP('',(#14379,#14380,#14381,#14382)) ;
#14395=EDGE_LOOP('',(#14396,#14397,#14398,#14399)) ;
#14412=EDGE_LOOP('',(#14413,#14414,#14415,#14416)) ;
#14429=EDGE_LOOP('',(#14430,#14431,#14432,#14433)) ;
#14446=EDGE_LOOP('',(#14447,#14448,#14449,#14450)) ;
#14463=EDGE_LOOP('',(#14464,#14465,#14466,#14467)) ;
#14480=EDGE_LOOP('',(#14481,#14482,#14483,#14484)) ;
#14497=EDGE_LOOP('',(#14498,#14499,#14500,#14501)) ;
#14514=EDGE_LOOP('',(#14515,#14516,#14517,#14518)) ;
#14531=EDGE_LOOP('',(#14532,#14533,#14534,#14535)) ;
#14548=EDGE_LOOP('',(#14549,#14550,#14551,#14552)) ;
#14560=EDGE_LOOP('',(#14561,#14562,#14563,#14564)) ;
#89=FACE_OUTER_BOUND('',#84,.T.) ;
#317=FACE_OUTER_BOUND('',#292,.T.) ;
#372=FACE_OUTER_BOUND('',#363,.T.) ;
#395=FACE_OUTER_BOUND('',#390,.T.) ;
#444=FACE_OUTER_BOUND('',#435,.T.) ;
#475=FACE_OUTER_BOUND('',#470,.T.) ;
#506=FACE_OUTER_BOUND('',#500,.T.) ;
#545=FACE_OUTER_BOUND('',#537,.T.) ;
#579=FACE_OUTER_BOUND('',#571,.T.) ;
#616=FACE_OUTER_BOUND('',#610,.T.) ;
#640=FACE_OUTER_BOUND('',#635,.T.) ;
#664=FACE_OUTER_BOUND('',#659,.T.) ;
#688=FACE_OUTER_BOUND('',#683,.T.) ;
#719=FACE_OUTER_BOUND('',#713,.T.) ;
#775=FACE_OUTER_BOUND('',#766,.T.) ;
#906=FACE_OUTER_BOUND('',#893,.T.) ;
#932=FACE_OUTER_BOUND('',#927,.T.) ;
#963=FACE_OUTER_BOUND('',#958,.T.) ;
#998=FACE_OUTER_BOUND('',#993,.T.) ;
#1117=FACE_OUTER_BOUND('',#1104,.T.) ;
#1166=FACE_OUTER_BOUND('',#1157,.T.) ;
#1203=FACE_OUTER_BOUND('',#1197,.T.) ;
#1227=FACE_OUTER_BOUND('',#1222,.T.) ;
#1239=FACE_OUTER_BOUND('',#1234,.T.) ;
#1263=FACE_OUTER_BOUND('',#1256,.T.) ;
#1346=FACE_OUTER_BOUND('',#1327,.T.) ;
#1358=FACE_OUTER_BOUND('',#1353,.T.) ;
#1382=FACE_OUTER_BOUND('',#1378,.T.) ;
#1447=FACE_OUTER_BOUND('',#1438,.T.) ;
#1464=FACE_OUTER_BOUND('',#1459,.T.) ;
#1524=FACE_OUTER_BOUND('',#1515,.T.) ;
#1548=FACE_OUTER_BOUND('',#1543,.T.) ;
#1565=FACE_OUTER_BOUND('',#1561,.T.) ;
#1589=FACE_OUTER_BOUND('',#1584,.T.) ;
#1605=FACE_OUTER_BOUND('',#1601,.T.) ;
#1622=FACE_OUTER_BOUND('',#1617,.T.) ;
#1722=FACE_OUTER_BOUND('',#1709,.T.) ;
#1745=FACE_OUTER_BOUND('',#1740,.T.) ;
#1762=FACE_OUTER_BOUND('',#1757,.T.) ;
#1795=FACE_OUTER_BOUND('',#1790,.T.) ;
#2007=FACE_OUTER_BOUND('',#1982,.T.) ;
#2041=FACE_OUTER_BOUND('',#2032,.T.) ;
#2064=FACE_OUTER_BOUND('',#2059,.T.) ;
#2088=FACE_OUTER_BOUND('',#2083,.T.) ;
#2111=FACE_OUTER_BOUND('',#2106,.T.) ;
#2128=FACE_OUTER_BOUND('',#2123,.T.) ;
#2145=FACE_OUTER_BOUND('',#2140,.T.) ;
#2212=FACE_OUTER_BOUND('',#2207,.T.) ;
#2279=FACE_OUTER_BOUND('',#2274,.T.) ;
#2346=FACE_OUTER_BOUND('',#2337,.T.) ;
#2691=FACE_OUTER_BOUND('',#2686,.T.) ;
#2710=FACE_OUTER_BOUND('',#2705,.T.) ;
#2733=FACE_OUTER_BOUND('',#2728,.T.) ;
#2757=FACE_OUTER_BOUND('',#2752,.T.) ;
#2780=FACE_OUTER_BOUND('',#2775,.T.) ;
#2804=FACE_OUTER_BOUND('',#2799,.T.) ;
#2827=FACE_OUTER_BOUND('',#2822,.T.) ;
#2871=FACE_OUTER_BOUND('',#2862,.T.) ;
#2955=FACE_OUTER_BOUND('',#2942,.T.) ;
#2972=FACE_OUTER_BOUND('',#2967,.T.) ;
#2996=FACE_OUTER_BOUND('',#2991,.T.) ;
#3013=FACE_OUTER_BOUND('',#3009,.T.) ;
#3030=FACE_OUTER_BOUND('',#3025,.T.) ;
#3061=FACE_OUTER_BOUND('',#3056,.T.) ;
#3107=FACE_OUTER_BOUND('',#3101,.T.) ;
#3131=FACE_OUTER_BOUND('',#3126,.T.) ;
#3155=FACE_OUTER_BOUND('',#3150,.T.) ;
#3179=FACE_OUTER_BOUND('',#3174,.T.) ;
#3216=FACE_OUTER_BOUND('',#3211,.T.) ;
#3249=FACE_OUTER_BOUND('',#3243,.T.) ;
#3261=FACE_OUTER_BOUND('',#3256,.T.) ;
#3273=FACE_OUTER_BOUND('',#3268,.T.) ;
#3335=FACE_OUTER_BOUND('',#3326,.T.) ;
#3359=FACE_OUTER_BOUND('',#3354,.T.) ;
#3467=FACE_OUTER_BOUND('',#3448,.T.) ;
#3484=FACE_OUTER_BOUND('',#3479,.T.) ;
#3506=FACE_OUTER_BOUND('',#3501,.T.) ;
#3517=FACE_OUTER_BOUND('',#3513,.T.) ;
#3575=FACE_OUTER_BOUND('',#3570,.T.) ;
#3606=FACE_OUTER_BOUND('',#3601,.T.) ;
#3630=FACE_OUTER_BOUND('',#3625,.T.) ;
#3654=FACE_OUTER_BOUND('',#3649,.T.) ;
#3685=FACE_OUTER_BOUND('',#3679,.T.) ;
#3710=FACE_OUTER_BOUND('',#3702,.T.) ;
#3755=FACE_OUTER_BOUND('',#3746,.T.) ;
#3774=FACE_OUTER_BOUND('',#3769,.T.) ;
#3816=FACE_OUTER_BOUND('',#3807,.T.) ;
#3831=FACE_OUTER_BOUND('',#3823,.T.) ;
#3868=FACE_OUTER_BOUND('',#3862,.T.) ;
#3892=FACE_OUTER_BOUND('',#3887,.T.) ;
#3911=FACE_OUTER_BOUND('',#3906,.T.) ;
#3935=FACE_OUTER_BOUND('',#3930,.T.) ;
#3966=FACE_OUTER_BOUND('',#3960,.T.) ;
#3983=FACE_OUTER_BOUND('',#3978,.T.) ;
#4014=FACE_OUTER_BOUND('',#4008,.T.) ;
#4025=FACE_OUTER_BOUND('',#4021,.T.) ;
#4037=FACE_OUTER_BOUND('',#4032,.T.) ;
#4054=FACE_OUTER_BOUND('',#4049,.T.) ;
#4098=FACE_OUTER_BOUND('',#4093,.T.) ;
#4277=FACE_OUTER_BOUND('',#4251,.T.) ;
#4300=FACE_OUTER_BOUND('',#4295,.T.) ;
#4323=FACE_OUTER_BOUND('',#4318,.T.) ;
#4406=FACE_OUTER_BOUND('',#4393,.T.) ;
#4454=FACE_OUTER_BOUND('',#4446,.T.) ;
#4477=FACE_OUTER_BOUND('',#4472,.T.) ;
#4500=FACE_OUTER_BOUND('',#4495,.T.) ;
#4567=FACE_OUTER_BOUND('',#4557,.T.) ;
#4590=FACE_OUTER_BOUND('',#4585,.T.) ;
#4613=FACE_OUTER_BOUND('',#4608,.T.) ;
#4654=FACE_OUTER_BOUND('',#4646,.T.) ;
#4677=FACE_OUTER_BOUND('',#4672,.T.) ;
#4700=FACE_OUTER_BOUND('',#4695,.T.) ;
#4873=FACE_OUTER_BOUND('',#4847,.T.) ;
#4906=FACE_OUTER_BOUND('',#4899,.T.) ;
#4943=FACE_OUTER_BOUND('',#4936,.T.) ;
#4969=FACE_OUTER_BOUND('',#4962,.T.) ;
#4992=FACE_OUTER_BOUND('',#4987,.T.) ;
#5015=FACE_OUTER_BOUND('',#5010,.T.) ;
#5098=FACE_OUTER_BOUND('',#5085,.T.) ;
#5141=FACE_OUTER_BOUND('',#5133,.T.) ;
#5164=FACE_OUTER_BOUND('',#5159,.T.) ;
#5187=FACE_OUTER_BOUND('',#5182,.T.) ;
#5254=FACE_OUTER_BOUND('',#5244,.T.) ;
#5277=FACE_OUTER_BOUND('',#5272,.T.) ;
#5300=FACE_OUTER_BOUND('',#5295,.T.) ;
#5336=FACE_OUTER_BOUND('',#5328,.T.) ;
#5359=FACE_OUTER_BOUND('',#5354,.T.) ;
#5376=FACE_OUTER_BOUND('',#5371,.T.) ;
#5404=FACE_OUTER_BOUND('',#5397,.T.) ;
#5441=FACE_OUTER_BOUND('',#5434,.T.) ;
#5462=FACE_OUTER_BOUND('',#5455,.T.) ;
#5478=FACE_OUTER_BOUND('',#5474,.T.) ;
#5495=FACE_OUTER_BOUND('',#5490,.T.) ;
#5511=FACE_OUTER_BOUND('',#5507,.T.) ;
#5523=FACE_OUTER_BOUND('',#5518,.T.) ;
#5547=FACE_OUTER_BOUND('',#5542,.T.) ;
#5603=FACE_OUTER_BOUND('',#5594,.T.) ;
#5621=FACE_OUTER_BOUND('',#5617,.T.) ;
#5639=FACE_OUTER_BOUND('',#5635,.T.) ;
#5702=FACE_OUTER_BOUND('',#5693,.T.) ;
#5857=FACE_OUTER_BOUND('',#5848,.T.) ;
#5925=FACE_OUTER_BOUND('',#5914,.T.) ;
#6083=FACE_OUTER_BOUND('',#6079,.T.) ;
#6099=FACE_OUTER_BOUND('',#6095,.T.) ;
#6169=FACE_OUTER_BOUND('',#6158,.T.) ;
#6526=FACE_OUTER_BOUND('',#6521,.T.) ;
#6545=FACE_OUTER_BOUND('',#6540,.T.) ;
#6569=FACE_OUTER_BOUND('',#6564,.T.) ;
#6600=FACE_OUTER_BOUND('',#6595,.T.) ;
#6694=FACE_OUTER_BOUND('',#6689,.T.) ;
#6718=FACE_OUTER_BOUND('',#6713,.T.) ;
#6734=FACE_OUTER_BOUND('',#6730,.T.) ;
#6763=FACE_OUTER_BOUND('',#6757,.T.) ;
#6785=FACE_OUTER_BOUND('',#6780,.T.) ;
#6814=FACE_OUTER_BOUND('',#6808,.T.) ;
#6831=FACE_OUTER_BOUND('',#6826,.T.) ;
#6845=FACE_OUTER_BOUND('',#6838,.T.) ;
#6857=FACE_OUTER_BOUND('',#6852,.T.) ;
#6881=FACE_OUTER_BOUND('',#6877,.T.) ;
#6905=FACE_OUTER_BOUND('',#6900,.T.) ;
#6921=FACE_OUTER_BOUND('',#6917,.T.) ;
#6981=FACE_OUTER_BOUND('',#6972,.T.) ;
#6998=FACE_OUTER_BOUND('',#6993,.T.) ;
#7015=FACE_OUTER_BOUND('',#7010,.T.) ;
#7027=FACE_OUTER_BOUND('',#7022,.T.) ;
#7087=FACE_OUTER_BOUND('',#7078,.T.) ;
#7111=FACE_OUTER_BOUND('',#7106,.T.) ;
#7128=FACE_OUTER_BOUND('',#7124,.T.) ;
#7152=FACE_OUTER_BOUND('',#7147,.T.) ;
#7168=FACE_OUTER_BOUND('',#7164,.T.) ;
#7185=FACE_OUTER_BOUND('',#7180,.T.) ;
#7202=FACE_OUTER_BOUND('',#7197,.T.) ;
#7300=FACE_OUTER_BOUND('',#7287,.T.) ;
#7324=FACE_OUTER_BOUND('',#7319,.T.) ;
#7347=FACE_OUTER_BOUND('',#7342,.T.) ;
#7371=FACE_OUTER_BOUND('',#7366,.T.) ;
#7425=FACE_OUTER_BOUND('',#7416,.T.) ;
#7506=FACE_OUTER_BOUND('',#7493,.T.) ;
#7530=FACE_OUTER_BOUND('',#7525,.T.) ;
#7554=FACE_OUTER_BOUND('',#7549,.T.) ;
#7745=FACE_OUTER_BOUND('',#7718,.T.) ;
#7772=FACE_OUTER_BOUND('',#7767,.T.) ;
#7796=FACE_OUTER_BOUND('',#7791,.T.) ;
#7853=FACE_OUTER_BOUND('',#7840,.T.) ;
#7956=FACE_OUTER_BOUND('',#7935,.T.) ;
#7974=FACE_OUTER_BOUND('',#7968,.T.) ;
#7991=FACE_OUTER_BOUND('',#7986,.T.) ;
#8004=FACE_OUTER_BOUND('',#7998,.T.) ;
#8107=FACE_OUTER_BOUND('',#8086,.T.) ;
#8164=FACE_OUTER_BOUND('',#8154,.T.) ;
#8182=FACE_OUTER_BOUND('',#8176,.T.) ;
#8277=FACE_OUTER_BOUND('',#8264,.T.) ;
#8332=FACE_OUTER_BOUND('',#8322,.T.) ;
#8358=FACE_OUTER_BOUND('',#8353,.T.) ;
#8413=FACE_OUTER_BOUND('',#8403,.T.) ;
#8453=FACE_OUTER_BOUND('',#8446,.T.) ;
#8481=FACE_OUTER_BOUND('',#8472,.T.) ;
#8504=FACE_OUTER_BOUND('',#8495,.T.) ;
#8551=FACE_OUTER_BOUND('',#8544,.T.) ;
#8569=FACE_OUTER_BOUND('',#8563,.T.) ;
#8614=FACE_OUTER_BOUND('',#8607,.T.) ;
#8633=FACE_OUTER_BOUND('',#8628,.T.) ;
#8656=FACE_OUTER_BOUND('',#8651,.T.) ;
#8668=FACE_OUTER_BOUND('',#8663,.T.) ;
#8687=FACE_OUTER_BOUND('',#8682,.T.) ;
#8704=FACE_OUTER_BOUND('',#8699,.T.) ;
#8731=FACE_OUTER_BOUND('',#8726,.T.) ;
#8743=FACE_OUTER_BOUND('',#8738,.T.) ;
#8756=FACE_OUTER_BOUND('',#8750,.T.) ;
#8768=FACE_OUTER_BOUND('',#8763,.T.) ;
#8776=FACE_OUTER_BOUND('',#8770,.T.) ;
#8789=FACE_OUTER_BOUND('',#8783,.T.) ;
#8851=FACE_OUTER_BOUND('',#8841,.T.) ;
#8872=FACE_OUTER_BOUND('',#8867,.T.) ;
#8934=FACE_OUTER_BOUND('',#8924,.T.) ;
#9010=FACE_OUTER_BOUND('',#8997,.T.) ;
#9050=FACE_OUTER_BOUND('',#9043,.T.) ;
#9073=FACE_OUTER_BOUND('',#9064,.T.) ;
#9127=FACE_OUTER_BOUND('',#9120,.T.) ;
#9161=FACE_OUTER_BOUND('',#9155,.T.) ;
#9205=FACE_OUTER_BOUND('',#9198,.T.) ;
#9228=FACE_OUTER_BOUND('',#9219,.T.) ;
#9244=FACE_OUTER_BOUND('',#9240,.T.) ;
#9263=FACE_OUTER_BOUND('',#9258,.T.) ;
#9282=FACE_OUTER_BOUND('',#9277,.T.) ;
#9304=FACE_OUTER_BOUND('',#9299,.T.) ;
#9373=FACE_OUTER_BOUND('',#9368,.T.) ;
#9390=FACE_OUTER_BOUND('',#9385,.T.) ;
#9409=FACE_OUTER_BOUND('',#9404,.T.) ;
#9426=FACE_OUTER_BOUND('',#9421,.T.) ;
#9450=FACE_OUTER_BOUND('',#9445,.T.) ;
#9484=FACE_OUTER_BOUND('',#9479,.T.) ;
#9511=FACE_OUTER_BOUND('',#9506,.T.) ;
#9535=FACE_OUTER_BOUND('',#9530,.T.) ;
#9566=FACE_OUTER_BOUND('',#9561,.T.) ;
#9583=FACE_OUTER_BOUND('',#9578,.T.) ;
#9614=FACE_OUTER_BOUND('',#9609,.T.) ;
#9631=FACE_OUTER_BOUND('',#9626,.T.) ;
#9662=FACE_OUTER_BOUND('',#9657,.T.) ;
#9756=FACE_OUTER_BOUND('',#9751,.T.) ;
#9780=FACE_OUTER_BOUND('',#9775,.T.) ;
#9805=FACE_OUTER_BOUND('',#9800,.T.) ;
#9830=FACE_OUTER_BOUND('',#9825,.T.) ;
#9847=FACE_OUTER_BOUND('',#9842,.T.) ;
#9878=FACE_OUTER_BOUND('',#9873,.T.) ;
#9895=FACE_OUTER_BOUND('',#9890,.T.) ;
#9926=FACE_OUTER_BOUND('',#9921,.T.) ;
#9943=FACE_OUTER_BOUND('',#9938,.T.) ;
#9968=FACE_OUTER_BOUND('',#9963,.T.) ;
#9993=FACE_OUTER_BOUND('',#9988,.T.) ;
#10010=FACE_OUTER_BOUND('',#10005,.T.) ;
#10041=FACE_OUTER_BOUND('',#10036,.T.) ;
#10058=FACE_OUTER_BOUND('',#10053,.T.) ;
#10089=FACE_OUTER_BOUND('',#10084,.T.) ;
#10106=FACE_OUTER_BOUND('',#10101,.T.) ;
#10150=FACE_OUTER_BOUND('',#10145,.T.) ;
#10194=FACE_OUTER_BOUND('',#10189,.T.) ;
#10205=FACE_OUTER_BOUND('',#10201,.T.) ;
#10216=FACE_OUTER_BOUND('',#10212,.T.) ;
#10228=FACE_OUTER_BOUND('',#10223,.T.) ;
#10240=FACE_OUTER_BOUND('',#10235,.T.) ;
#10259=FACE_OUTER_BOUND('',#10252,.T.) ;
#10291=FACE_OUTER_BOUND('',#10285,.T.) ;
#10324=FACE_OUTER_BOUND('',#10319,.T.) ;
#10349=FACE_OUTER_BOUND('',#10343,.T.) ;
#10368=FACE_OUTER_BOUND('',#10361,.T.) ;
#10380=FACE_OUTER_BOUND('',#10375,.T.) ;
#10410=FACE_OUTER_BOUND('',#10404,.T.) ;
#10429=FACE_OUTER_BOUND('',#10424,.T.) ;
#10452=FACE_OUTER_BOUND('',#10446,.T.) ;
#10492=FACE_OUTER_BOUND('',#10483,.T.) ;
#10505=FACE_OUTER_BOUND('',#10499,.T.) ;
#10523=FACE_OUTER_BOUND('',#10517,.T.) ;
#10558=FACE_OUTER_BOUND('',#10549,.T.) ;
#10570=FACE_OUTER_BOUND('',#10565,.T.) ;
#10582=FACE_OUTER_BOUND('',#10577,.T.) ;
#10594=FACE_OUTER_BOUND('',#10589,.T.) ;
#10606=FACE_OUTER_BOUND('',#10601,.T.) ;
#10631=FACE_OUTER_BOUND('',#10626,.T.) ;
#10658=FACE_OUTER_BOUND('',#10653,.T.) ;
#10683=FACE_OUTER_BOUND('',#10678,.T.) ;
#10710=FACE_OUTER_BOUND('',#10705,.T.) ;
#10727=FACE_OUTER_BOUND('',#10722,.T.) ;
#10739=FACE_OUTER_BOUND('',#10734,.T.) ;
#10748=FACE_OUTER_BOUND('',#10741,.T.) ;
#10771=FACE_OUTER_BOUND('',#10766,.T.) ;
#10818=FACE_OUTER_BOUND('',#10810,.T.) ;
#10842=FACE_OUTER_BOUND('',#10837,.T.) ;
#10889=FACE_OUTER_BOUND('',#10881,.T.) ;
#10912=FACE_OUTER_BOUND('',#10907,.T.) ;
#10959=FACE_OUTER_BOUND('',#10951,.T.) ;
#10978=FACE_OUTER_BOUND('',#10973,.T.) ;
#11025=FACE_OUTER_BOUND('',#11017,.T.) ;
#11042=FACE_OUTER_BOUND('',#11037,.T.) ;
#11065=FACE_OUTER_BOUND('',#11060,.T.) ;
#11112=FACE_OUTER_BOUND('',#11104,.T.) ;
#11136=FACE_OUTER_BOUND('',#11131,.T.) ;
#11183=FACE_OUTER_BOUND('',#11175,.T.) ;
#11206=FACE_OUTER_BOUND('',#11201,.T.) ;
#11253=FACE_OUTER_BOUND('',#11245,.T.) ;
#11272=FACE_OUTER_BOUND('',#11267,.T.) ;
#11319=FACE_OUTER_BOUND('',#11311,.T.) ;
#11335=FACE_OUTER_BOUND('',#11330,.T.) ;
#11353=FACE_OUTER_BOUND('',#11349,.T.) ;
#11366=FACE_OUTER_BOUND('',#11362,.T.) ;
#11405=FACE_OUTER_BOUND('',#11399,.T.) ;
#11429=FACE_OUTER_BOUND('',#11424,.T.) ;
#11461=FACE_OUTER_BOUND('',#11455,.T.) ;
#11517=FACE_OUTER_BOUND('',#11508,.T.) ;
#11549=FACE_OUTER_BOUND('',#11543,.T.) ;
#11561=FACE_OUTER_BOUND('',#11556,.T.) ;
#11580=FACE_OUTER_BOUND('',#11575,.T.) ;
#11612=FACE_OUTER_BOUND('',#11606,.T.) ;
#11661=FACE_OUTER_BOUND('',#11652,.T.) ;
#11684=FACE_OUTER_BOUND('',#11679,.T.) ;
#11701=FACE_OUTER_BOUND('',#11696,.T.) ;
#11794=FACE_OUTER_BOUND('',#11767,.T.) ;
#11806=FACE_OUTER_BOUND('',#11801,.T.) ;
#11824=FACE_OUTER_BOUND('',#11819,.T.) ;
#11836=FACE_OUTER_BOUND('',#11831,.T.) ;
#11848=FACE_OUTER_BOUND('',#11843,.T.) ;
#11874=FACE_OUTER_BOUND('',#11869,.T.) ;
#11888=FACE_OUTER_BOUND('',#11881,.T.) ;
#11912=FACE_OUTER_BOUND('',#11907,.T.) ;
#11936=FACE_OUTER_BOUND('',#11931,.T.) ;
#12086=FACE_OUTER_BOUND('',#12059,.T.) ;
#12105=FACE_OUTER_BOUND('',#12100,.T.) ;
#12112=FACE_OUTER_BOUND('',#12107,.T.) ;
#12131=FACE_OUTER_BOUND('',#12126,.T.) ;
#12138=FACE_OUTER_BOUND('',#12133,.T.) ;
#12157=FACE_OUTER_BOUND('',#12152,.T.) ;
#12174=FACE_OUTER_BOUND('',#12169,.T.) ;
#12199=FACE_OUTER_BOUND('',#12193,.T.) ;
#12218=FACE_OUTER_BOUND('',#12213,.T.) ;
#12236=FACE_OUTER_BOUND('',#12230,.T.) ;
#12276=FACE_OUTER_BOUND('',#12267,.T.) ;
#12284=FACE_OUTER_BOUND('',#12278,.T.) ;
#12297=FACE_OUTER_BOUND('',#12291,.T.) ;
#12332=FACE_OUTER_BOUND('',#12323,.T.) ;
#12353=FACE_OUTER_BOUND('',#12348,.T.) ;
#12367=FACE_OUTER_BOUND('',#12360,.T.) ;
#12411=FACE_OUTER_BOUND('',#12406,.T.) ;
#12455=FACE_OUTER_BOUND('',#12450,.T.) ;
#12513=FACE_OUTER_BOUND('',#12508,.T.) ;
#12568=FACE_OUTER_BOUND('',#12563,.T.) ;
#12593=FACE_OUTER_BOUND('',#12587,.T.) ;
#12627=FACE_OUTER_BOUND('',#12618,.T.) ;
#12645=FACE_OUTER_BOUND('',#12639,.T.) ;
#12667=FACE_OUTER_BOUND('',#12662,.T.) ;
#12679=FACE_OUTER_BOUND('',#12674,.T.) ;
#12701=FACE_OUTER_BOUND('',#12696,.T.) ;
#12713=FACE_OUTER_BOUND('',#12708,.T.) ;
#12728=FACE_OUTER_BOUND('',#12720,.T.) ;
#12755=FACE_OUTER_BOUND('',#12750,.T.) ;
#12767=FACE_OUTER_BOUND('',#12762,.T.) ;
#12794=FACE_OUTER_BOUND('',#12789,.T.) ;
#12806=FACE_OUTER_BOUND('',#12801,.T.) ;
#12833=FACE_OUTER_BOUND('',#12828,.T.) ;
#12845=FACE_OUTER_BOUND('',#12840,.T.) ;
#12872=FACE_OUTER_BOUND('',#12867,.T.) ;
#12884=FACE_OUTER_BOUND('',#12879,.T.) ;
#12896=FACE_OUTER_BOUND('',#12891,.T.) ;
#12936=FACE_OUTER_BOUND('',#12929,.T.) ;
#12954=FACE_OUTER_BOUND('',#12949,.T.) ;
#12961=FACE_OUTER_BOUND('',#12956,.T.) ;
#12979=FACE_OUTER_BOUND('',#12974,.T.) ;
#12991=FACE_OUTER_BOUND('',#12986,.T.) ;
#13018=FACE_OUTER_BOUND('',#13013,.T.) ;
#13045=FACE_OUTER_BOUND('',#13038,.T.) ;
#13063=FACE_OUTER_BOUND('',#13058,.T.) ;
#13070=FACE_OUTER_BOUND('',#13065,.T.) ;
#13082=FACE_OUTER_BOUND('',#13077,.T.) ;
#13089=FACE_OUTER_BOUND('',#13084,.T.) ;
#13096=FACE_OUTER_BOUND('',#13091,.T.) ;
#13108=FACE_OUTER_BOUND('',#13103,.T.) ;
#13115=FACE_OUTER_BOUND('',#13110,.T.) ;
#13127=FACE_OUTER_BOUND('',#13122,.T.) ;
#13134=FACE_OUTER_BOUND('',#13129,.T.) ;
#13146=FACE_OUTER_BOUND('',#13141,.T.) ;
#13177=FACE_OUTER_BOUND('',#13172,.T.) ;
#13201=FACE_OUTER_BOUND('',#13196,.T.) ;
#13225=FACE_OUTER_BOUND('',#13220,.T.) ;
#13258=FACE_OUTER_BOUND('',#13251,.T.) ;
#13275=FACE_OUTER_BOUND('',#13270,.T.) ;
#13292=FACE_OUTER_BOUND('',#13287,.T.) ;
#13304=FACE_OUTER_BOUND('',#13299,.T.) ;
#13335=FACE_OUTER_BOUND('',#13330,.T.) ;
#13359=FACE_OUTER_BOUND('',#13354,.T.) ;
#13383=FACE_OUTER_BOUND('',#13378,.T.) ;
#13472=FACE_OUTER_BOUND('',#13458,.T.) ;
#13489=FACE_OUTER_BOUND('',#13484,.T.) ;
#13506=FACE_OUTER_BOUND('',#13501,.T.) ;
#13523=FACE_OUTER_BOUND('',#13518,.T.) ;
#13540=FACE_OUTER_BOUND('',#13535,.T.) ;
#13557=FACE_OUTER_BOUND('',#13552,.T.) ;
#13574=FACE_OUTER_BOUND('',#13569,.T.) ;
#13591=FACE_OUTER_BOUND('',#13586,.T.) ;
#13608=FACE_OUTER_BOUND('',#13603,.T.) ;
#13625=FACE_OUTER_BOUND('',#13620,.T.) ;
#13637=FACE_OUTER_BOUND('',#13632,.T.) ;
#13668=FACE_OUTER_BOUND('',#13663,.T.) ;
#13692=FACE_OUTER_BOUND('',#13687,.T.) ;
#13716=FACE_OUTER_BOUND('',#13711,.T.) ;
#13992=FACE_OUTER_BOUND('',#13954,.T.) ;
#14009=FACE_OUTER_BOUND('',#14004,.T.) ;
#14026=FACE_OUTER_BOUND('',#14021,.T.) ;
#14043=FACE_OUTER_BOUND('',#14038,.T.) ;
#14060=FACE_OUTER_BOUND('',#14055,.T.) ;
#14077=FACE_OUTER_BOUND('',#14072,.T.) ;
#14094=FACE_OUTER_BOUND('',#14089,.T.) ;
#14111=FACE_OUTER_BOUND('',#14106,.T.) ;
#14128=FACE_OUTER_BOUND('',#14123,.T.) ;
#14145=FACE_OUTER_BOUND('',#14140,.T.) ;
#14162=FACE_OUTER_BOUND('',#14157,.T.) ;
#14179=FACE_OUTER_BOUND('',#14174,.T.) ;
#14196=FACE_OUTER_BOUND('',#14191,.T.) ;
#14213=FACE_OUTER_BOUND('',#14208,.T.) ;
#14230=FACE_OUTER_BOUND('',#14225,.T.) ;
#14247=FACE_OUTER_BOUND('',#14242,.T.) ;
#14264=FACE_OUTER_BOUND('',#14259,.T.) ;
#14281=FACE_OUTER_BOUND('',#14276,.T.) ;
#14298=FACE_OUTER_BOUND('',#14293,.T.) ;
#14315=FACE_OUTER_BOUND('',#14310,.T.) ;
#14332=FACE_OUTER_BOUND('',#14327,.T.) ;
#14349=FACE_OUTER_BOUND('',#14344,.T.) ;
#14366=FACE_OUTER_BOUND('',#14361,.T.) ;
#14383=FACE_OUTER_BOUND('',#14378,.T.) ;
#14400=FACE_OUTER_BOUND('',#14395,.T.) ;
#14417=FACE_OUTER_BOUND('',#14412,.T.) ;
#14434=FACE_OUTER_BOUND('',#14429,.T.) ;
#14451=FACE_OUTER_BOUND('',#14446,.T.) ;
#14468=FACE_OUTER_BOUND('',#14463,.T.) ;
#14485=FACE_OUTER_BOUND('',#14480,.T.) ;
#14502=FACE_OUTER_BOUND('',#14497,.T.) ;
#14519=FACE_OUTER_BOUND('',#14514,.T.) ;
#14536=FACE_OUTER_BOUND('',#14531,.T.) ;
#14553=FACE_OUTER_BOUND('',#14548,.T.) ;
#14565=FACE_OUTER_BOUND('',#14560,.T.) ;
#44=UNCERTAINTY_MEASURE_WITH_UNIT(LENGTH_MEASURE(0.005),#41,'distance_accuracy_value','CONFUSED CURVE UNCERTAINTY') ;
#59=LINE('Line',#56,#58) ;
#68=LINE('Line',#65,#67) ;
#75=LINE('Line',#72,#74) ;
#82=LINE('Line',#79,#81) ;
#99=LINE('Line',#96,#98) ;
#133=LINE('Line',#130,#132) ;
#146=LINE('Line',#143,#145) ;
#159=LINE('Line',#156,#158) ;
#172=LINE('Line',#169,#171) ;
#185=LINE('Line',#182,#184) ;
#248=LINE('Line',#245,#247) ;
#265=LINE('Line',#262,#264) ;
#354=LINE('Line',#351,#353) ;
#361=LINE('Line',#358,#360) ;
#388=LINE('Line',#385,#387) ;
#405=LINE('Line',#402,#404) ;
#414=LINE('Line',#411,#413) ;
#454=LINE('Line',#451,#453) ;
#468=LINE('Line',#465,#467) ;
#491=LINE('Line',#488,#490) ;
#498=LINE('Line',#495,#497) ;
#516=LINE('Line',#513,#515) ;
#523=LINE('Line',#520,#522) ;
#530=LINE('Line',#527,#529) ;
#535=LINE('Line',#532,#534) ;
#550=LINE('Line',#547,#549) ;
#555=LINE('Line',#552,#554) ;
#562=LINE('Line',#559,#561) ;
#569=LINE('Line',#566,#568) ;
#589=LINE('Line',#586,#588) ;
#598=LINE('Line',#595,#597) ;
#626=LINE('Line',#623,#625) ;
#650=LINE('Line',#647,#649) ;
#657=LINE('Line',#654,#656) ;
#674=LINE('Line',#671,#673) ;
#704=LINE('Line',#701,#703) ;
#711=LINE('Line',#708,#710) ;
#729=LINE('Line',#726,#728) ;
#738=LINE('Line',#735,#737) ;
#749=LINE('Line',#746,#748) ;
#801=LINE('Line',#798,#800) ;
#808=LINE('Line',#805,#807) ;
#815=LINE('Line',#812,#814) ;
#841=LINE('Line',#838,#840) ;
#867=LINE('Line',#864,#866) ;
#891=LINE('Line',#888,#890) ;
#916=LINE('Line',#913,#915) ;
#956=LINE('Line',#953,#955) ;
#982=LINE('Line',#979,#981) ;
#1024=LINE('Line',#1021,#1023) ;
#1029=LINE('Line',#1026,#1028) ;
#1036=LINE('Line',#1033,#1035) ;
#1062=LINE('Line',#1059,#1061) ;
#1088=LINE('Line',#1085,#1087) ;
#1095=LINE('Line',#1092,#1094) ;
#1102=LINE('Line',#1099,#1101) ;
#1148=LINE('Line',#1145,#1147) ;
#1155=LINE('Line',#1152,#1154) ;
#1176=LINE('Line',#1173,#1175) ;
#1185=LINE('Line',#1182,#1184) ;
#1213=LINE('Line',#1210,#1212) ;
#1232=LINE('Line',#1229,#1231) ;
#1249=LINE('Line',#1246,#1248) ;
#1254=LINE('Line',#1251,#1253) ;
#1273=LINE('Line',#1270,#1272) ;
#1288=LINE('Line',#1285,#1287) ;
#1301=LINE('Line',#1298,#1300) ;
#1306=LINE('Line',#1303,#1305) ;
#1319=LINE('Line',#1316,#1318) ;
#1436=LINE('Line',#1433,#1435) ;
#1457=LINE('Line',#1454,#1456) ;
#1491=LINE('Line',#1488,#1490) ;
#1541=LINE('Line',#1538,#1540) ;
#1582=LINE('Line',#1579,#1581) ;
#1615=LINE('Line',#1612,#1614) ;
#1627=LINE('Line',#1624,#1626) ;
#1634=LINE('Line',#1631,#1633) ;
#1641=LINE('Line',#1638,#1640) ;
#1648=LINE('Line',#1645,#1647) ;
#1655=LINE('Line',#1652,#1654) ;
#1662=LINE('Line',#1659,#1661) ;
#1688=LINE('Line',#1685,#1687) ;
#1738=LINE('Line',#1735,#1737) ;
#1772=LINE('Line',#1769,#1771) ;
#1779=LINE('Line',#1776,#1778) ;
#1813=LINE('Line',#1810,#1812) ;
#1824=LINE('Line',#1821,#1823) ;
#1841=LINE('Line',#1838,#1840) ;
#1904=LINE('Line',#1901,#1903) ;
#1917=LINE('Line',#1914,#1916) ;
#1930=LINE('Line',#1927,#1929) ;
#2057=LINE('Line',#2054,#2056) ;
#2081=LINE('Line',#2078,#2080) ;
#2098=LINE('Line',#2095,#2097) ;
#2138=LINE('Line',#2135,#2137) ;
#2289=LINE('Line',#2286,#2288) ;
#2312=LINE('Line',#2309,#2311) ;
#2335=LINE('Line',#2332,#2334) ;
#2350=LINE('Line',#2347,#2349) ;
#2359=LINE('Line',#2356,#2358) ;
#2366=LINE('Line',#2363,#2365) ;
#2373=LINE('Line',#2370,#2372) ;
#2380=LINE('Line',#2377,#2379) ;
#2387=LINE('Line',#2384,#2386) ;
#2394=LINE('Line',#2391,#2393) ;
#2401=LINE('Line',#2398,#2400) ;
#2408=LINE('Line',#2405,#2407) ;
#2415=LINE('Line',#2412,#2414) ;
#2422=LINE('Line',#2419,#2421) ;
#2429=LINE('Line',#2426,#2428) ;
#2436=LINE('Line',#2433,#2435) ;
#2443=LINE('Line',#2440,#2442) ;
#2450=LINE('Line',#2447,#2449) ;
#2457=LINE('Line',#2454,#2456) ;
#2464=LINE('Line',#2461,#2463) ;
#2471=LINE('Line',#2468,#2470) ;
#2478=LINE('Line',#2475,#2477) ;
#2485=LINE('Line',#2482,#2484) ;
#2492=LINE('Line',#2489,#2491) ;
#2499=LINE('Line',#2496,#2498) ;
#2506=LINE('Line',#2503,#2505) ;
#2513=LINE('Line',#2510,#2512) ;
#2520=LINE('Line',#2517,#2519) ;
#2527=LINE('Line',#2524,#2526) ;
#2534=LINE('Line',#2531,#2533) ;
#2541=LINE('Line',#2538,#2540) ;
#2548=LINE('Line',#2545,#2547) ;
#2555=LINE('Line',#2552,#2554) ;
#2562=LINE('Line',#2559,#2561) ;
#2569=LINE('Line',#2566,#2568) ;
#2576=LINE('Line',#2573,#2575) ;
#2583=LINE('Line',#2580,#2582) ;
#2590=LINE('Line',#2587,#2589) ;
#2597=LINE('Line',#2594,#2596) ;
#2604=LINE('Line',#2601,#2603) ;
#2611=LINE('Line',#2608,#2610) ;
#2618=LINE('Line',#2615,#2617) ;
#2625=LINE('Line',#2622,#2624) ;
#2684=LINE('Line',#2681,#2683) ;
#2720=LINE('Line',#2717,#2719) ;
#2750=LINE('Line',#2747,#2749) ;
#2773=LINE('Line',#2770,#2772) ;
#2790=LINE('Line',#2787,#2789) ;
#2814=LINE('Line',#2811,#2813) ;
#2841=LINE('Line',#2838,#2840) ;
#2848=LINE('Line',#2845,#2847) ;
#2876=LINE('Line',#2873,#2875) ;
#2883=LINE('Line',#2880,#2882) ;
#2890=LINE('Line',#2887,#2889) ;
#2914=LINE('Line',#2911,#2913) ;
#2940=LINE('Line',#2937,#2939) ;
#2989=LINE('Line',#2986,#2988) ;
#3023=LINE('Line',#3020,#3022) ;
#3054=LINE('Line',#3051,#3053) ;
#3078=LINE('Line',#3075,#3077) ;
#3117=LINE('Line',#3114,#3116) ;
#3141=LINE('Line',#3138,#3140) ;
#3165=LINE('Line',#3162,#3164) ;
#3196=LINE('Line',#3193,#3195) ;
#3226=LINE('Line',#3223,#3225) ;
#3283=LINE('Line',#3280,#3282) ;
#3296=LINE('Line',#3293,#3295) ;
#3345=LINE('Line',#3342,#3344) ;
#3369=LINE('Line',#3366,#3368) ;
#3376=LINE('Line',#3373,#3375) ;
#3383=LINE('Line',#3380,#3382) ;
#3396=LINE('Line',#3393,#3395) ;
#3409=LINE('Line',#3406,#3408) ;
#3416=LINE('Line',#3413,#3415) ;
#3427=LINE('Line',#3424,#3426) ;
#3440=LINE('Line',#3437,#3439) ;
#3585=LINE('Line',#3582,#3584) ;
#3599=LINE('Line',#3596,#3598) ;
#3616=LINE('Line',#3613,#3615) ;
#3623=LINE('Line',#3620,#3622) ;
#3640=LINE('Line',#3637,#3639) ;
#3664=LINE('Line',#3661,#3663) ;
#3671=LINE('Line',#3668,#3670) ;
#3695=LINE('Line',#3692,#3694) ;
#3700=LINE('Line',#3697,#3699) ;
#3726=LINE('Line',#3723,#3725) ;
#3733=LINE('Line',#3730,#3732) ;
#3738=LINE('Line',#3735,#3737) ;
#3760=LINE('Line',#3757,#3759) ;
#3767=LINE('Line',#3764,#3766) ;
#3789=LINE('Line',#3786,#3788) ;
#3796=LINE('Line',#3793,#3795) ;
#3821=LINE('Line',#3818,#3820) ;
#3853=LINE('Line',#3850,#3852) ;
#3860=LINE('Line',#3857,#3859) ;
#3878=LINE('Line',#3875,#3877) ;
#3897=LINE('Line',#3894,#3896) ;
#3904=LINE('Line',#3901,#3903) ;
#3921=LINE('Line',#3918,#3920) ;
#3945=LINE('Line',#3942,#3944) ;
#3952=LINE('Line',#3949,#3951) ;
#3999=LINE('Line',#3996,#3998) ;
#4006=LINE('Line',#4003,#4005) ;
#4108=LINE('Line',#4105,#4107) ;
#4123=LINE('Line',#4120,#4122) ;
#4146=LINE('Line',#4143,#4145) ;
#4169=LINE('Line',#4166,#4168) ;
#4182=LINE('Line',#4179,#4181) ;
#4197=LINE('Line',#4194,#4196) ;
#4210=LINE('Line',#4207,#4209) ;
#4217=LINE('Line',#4214,#4216) ;
#4230=LINE('Line',#4227,#4229) ;
#4243=LINE('Line',#4240,#4242) ;
#4293=LINE('Line',#4290,#4292) ;
#4316=LINE('Line',#4313,#4315) ;
#4341=LINE('Line',#4338,#4340) ;
#4378=LINE('Line',#4375,#4377) ;
#4391=LINE('Line',#4388,#4390) ;
#4416=LINE('Line',#4413,#4415) ;
#4423=LINE('Line',#4420,#4422) ;
#4430=LINE('Line',#4427,#4429) ;
#4437=LINE('Line',#4434,#4436) ;
#4444=LINE('Line',#4441,#4443) ;
#4470=LINE('Line',#4467,#4469) ;
#4493=LINE('Line',#4490,#4492) ;
#4516=LINE('Line',#4513,#4515) ;
#4555=LINE('Line',#4552,#4554) ;
#4583=LINE('Line',#4580,#4582) ;
#4606=LINE('Line',#4603,#4605) ;
#4623=LINE('Line',#4620,#4622) ;
#4630=LINE('Line',#4627,#4629) ;
#4637=LINE('Line',#4634,#4636) ;
#4644=LINE('Line',#4641,#4643) ;
#4670=LINE('Line',#4667,#4669) ;
#4693=LINE('Line',#4690,#4692) ;
#4718=LINE('Line',#4715,#4717) ;
#4731=LINE('Line',#4728,#4730) ;
#4744=LINE('Line',#4741,#4743) ;
#4751=LINE('Line',#4748,#4750) ;
#4764=LINE('Line',#4761,#4763) ;
#4779=LINE('Line',#4776,#4778) ;
#4792=LINE('Line',#4789,#4791) ;
#4809=LINE('Line',#4806,#4808) ;
#4832=LINE('Line',#4829,#4831) ;
#4845=LINE('Line',#4842,#4844) ;
#4883=LINE('Line',#4880,#4882) ;
#4890=LINE('Line',#4887,#4889) ;
#4897=LINE('Line',#4894,#4896) ;
#4934=LINE('Line',#4931,#4933) ;
#4953=LINE('Line',#4950,#4952) ;
#4960=LINE('Line',#4957,#4959) ;
#4985=LINE('Line',#4982,#4984) ;
#5008=LINE('Line',#5005,#5007) ;
#5025=LINE('Line',#5022,#5024) ;
#5040=LINE('Line',#5037,#5039) ;
#5077=LINE('Line',#5074,#5076) ;
#5103=LINE('Line',#5100,#5102) ;
#5110=LINE('Line',#5107,#5109) ;
#5117=LINE('Line',#5114,#5116) ;
#5124=LINE('Line',#5121,#5123) ;
#5131=LINE('Line',#5128,#5130) ;
#5151=LINE('Line',#5148,#5150) ;
#5180=LINE('Line',#5177,#5179) ;
#5203=LINE('Line',#5200,#5202) ;
#5242=LINE('Line',#5239,#5241) ;
#5264=LINE('Line',#5261,#5263) ;
#5287=LINE('Line',#5284,#5286) ;
#5305=LINE('Line',#5302,#5304) ;
#5312=LINE('Line',#5309,#5311) ;
#5319=LINE('Line',#5316,#5318) ;
#5326=LINE('Line',#5323,#5325) ;
#5352=LINE('Line',#5349,#5351) ;
#5369=LINE('Line',#5366,#5368) ;
#5381=LINE('Line',#5378,#5380) ;
#5388=LINE('Line',#5385,#5387) ;
#5395=LINE('Line',#5392,#5394) ;
#5414=LINE('Line',#5411,#5413) ;
#5446=LINE('Line',#5443,#5445) ;
#5453=LINE('Line',#5450,#5452) ;
#5533=LINE('Line',#5530,#5532) ;
#5587=LINE('Line',#5584,#5586) ;
#5592=LINE('Line',#5589,#5591) ;
#5649=LINE('Line',#5646,#5648) ;
#5658=LINE('Line',#5655,#5657) ;
#5665=LINE('Line',#5662,#5664) ;
#5672=LINE('Line',#5669,#5671) ;
#5677=LINE('Line',#5674,#5676) ;
#5684=LINE('Line',#5681,#5683) ;
#5691=LINE('Line',#5688,#5690) ;
#5706=LINE('Line',#5703,#5705) ;
#5715=LINE('Line',#5712,#5714) ;
#5722=LINE('Line',#5719,#5721) ;
#5729=LINE('Line',#5726,#5728) ;
#5736=LINE('Line',#5733,#5735) ;
#5743=LINE('Line',#5740,#5742) ;
#5798=LINE('Line',#5795,#5797) ;
#5813=LINE('Line',#5810,#5812) ;
#5818=LINE('Line',#5815,#5817) ;
#5867=LINE('Line',#5864,#5866) ;
#5876=LINE('Line',#5873,#5875) ;
#5883=LINE('Line',#5880,#5882) ;
#5890=LINE('Line',#5887,#5889) ;
#5905=LINE('Line',#5902,#5904) ;
#5912=LINE('Line',#5909,#5911) ;
#5929=LINE('Line',#5926,#5928) ;
#5938=LINE('Line',#5935,#5937) ;
#5945=LINE('Line',#5942,#5944) ;
#5952=LINE('Line',#5949,#5951) ;
#5959=LINE('Line',#5956,#5958) ;
#5966=LINE('Line',#5963,#5965) ;
#5973=LINE('Line',#5970,#5972) ;
#5980=LINE('Line',#5977,#5979) ;
#5987=LINE('Line',#5984,#5986) ;
#5994=LINE('Line',#5991,#5993) ;
#6001=LINE('Line',#5998,#6000) ;
#6008=LINE('Line',#6005,#6007) ;
#6015=LINE('Line',#6012,#6014) ;
#6104=LINE('Line',#6101,#6103) ;
#6113=LINE('Line',#6110,#6112) ;
#6120=LINE('Line',#6117,#6119) ;
#6127=LINE('Line',#6124,#6126) ;
#6134=LINE('Line',#6131,#6133) ;
#6151=LINE('Line',#6148,#6150) ;
#6156=LINE('Line',#6153,#6155) ;
#6173=LINE('Line',#6170,#6172) ;
#6182=LINE('Line',#6179,#6181) ;
#6189=LINE('Line',#6186,#6188) ;
#6196=LINE('Line',#6193,#6195) ;
#6203=LINE('Line',#6200,#6202) ;
#6210=LINE('Line',#6207,#6209) ;
#6217=LINE('Line',#6214,#6216) ;
#6224=LINE('Line',#6221,#6223) ;
#6231=LINE('Line',#6228,#6230) ;
#6238=LINE('Line',#6235,#6237) ;
#6245=LINE('Line',#6242,#6244) ;
#6252=LINE('Line',#6249,#6251) ;
#6259=LINE('Line',#6256,#6258) ;
#6266=LINE('Line',#6263,#6265) ;
#6273=LINE('Line',#6270,#6272) ;
#6280=LINE('Line',#6277,#6279) ;
#6287=LINE('Line',#6284,#6286) ;
#6294=LINE('Line',#6291,#6293) ;
#6301=LINE('Line',#6298,#6300) ;
#6308=LINE('Line',#6305,#6307) ;
#6315=LINE('Line',#6312,#6314) ;
#6322=LINE('Line',#6319,#6321) ;
#6329=LINE('Line',#6326,#6328) ;
#6336=LINE('Line',#6333,#6335) ;
#6343=LINE('Line',#6340,#6342) ;
#6350=LINE('Line',#6347,#6349) ;
#6357=LINE('Line',#6354,#6356) ;
#6364=LINE('Line',#6361,#6363) ;
#6371=LINE('Line',#6368,#6370) ;
#6378=LINE('Line',#6375,#6377) ;
#6385=LINE('Line',#6382,#6384) ;
#6392=LINE('Line',#6389,#6391) ;
#6399=LINE('Line',#6396,#6398) ;
#6406=LINE('Line',#6403,#6405) ;
#6413=LINE('Line',#6410,#6412) ;
#6420=LINE('Line',#6417,#6419) ;
#6427=LINE('Line',#6424,#6426) ;
#6519=LINE('Line',#6516,#6518) ;
#6593=LINE('Line',#6590,#6592) ;
#6711=LINE('Line',#6708,#6710) ;
#6836=LINE('Line',#6833,#6835) ;
#6898=LINE('Line',#6895,#6897) ;
#6948=LINE('Line',#6945,#6947) ;
#6991=LINE('Line',#6988,#6990) ;
#7008=LINE('Line',#7005,#7007) ;
#7054=LINE('Line',#7051,#7053) ;
#7104=LINE('Line',#7101,#7103) ;
#7145=LINE('Line',#7142,#7144) ;
#7178=LINE('Line',#7175,#7177) ;
#7195=LINE('Line',#7192,#7194) ;
#7258=LINE('Line',#7255,#7257) ;
#7263=LINE('Line',#7260,#7262) ;
#7310=LINE('Line',#7307,#7309) ;
#7317=LINE('Line',#7314,#7316) ;
#7334=LINE('Line',#7331,#7333) ;
#7357=LINE('Line',#7354,#7356) ;
#7364=LINE('Line',#7361,#7363) ;
#7381=LINE('Line',#7378,#7380) ;
#7386=LINE('Line',#7383,#7385) ;
#7435=LINE('Line',#7432,#7434) ;
#7444=LINE('Line',#7441,#7443) ;
#7451=LINE('Line',#7448,#7450) ;
#7465=LINE('Line',#7462,#7464) ;
#7472=LINE('Line',#7469,#7471) ;
#7477=LINE('Line',#7474,#7476) ;
#7484=LINE('Line',#7481,#7483) ;
#7516=LINE('Line',#7513,#7515) ;
#7523=LINE('Line',#7520,#7522) ;
#7540=LINE('Line',#7537,#7539) ;
#7547=LINE('Line',#7544,#7546) ;
#7564=LINE('Line',#7561,#7563) ;
#7571=LINE('Line',#7568,#7570) ;
#7599=LINE('Line',#7596,#7598) ;
#7606=LINE('Line',#7603,#7605) ;
#7613=LINE('Line',#7610,#7612) ;
#7641=LINE('Line',#7638,#7640) ;
#7653=LINE('Line',#7650,#7652) ;
#7660=LINE('Line',#7657,#7659) ;
#7667=LINE('Line',#7664,#7666) ;
#7681=LINE('Line',#7678,#7680) ;
#7695=LINE('Line',#7692,#7694) ;
#7702=LINE('Line',#7699,#7701) ;
#7709=LINE('Line',#7706,#7708) ;
#7782=LINE('Line',#7779,#7781) ;
#7789=LINE('Line',#7786,#7788) ;
#7806=LINE('Line',#7803,#7805) ;
#7823=LINE('Line',#7820,#7822) ;
#7838=LINE('Line',#7835,#7837) ;
#7863=LINE('Line',#7860,#7862) ;
#7870=LINE('Line',#7867,#7869) ;
#7877=LINE('Line',#7874,#7876) ;
#7884=LINE('Line',#7881,#7883) ;
#7891=LINE('Line',#7888,#7890) ;
#7898=LINE('Line',#7895,#7897) ;
#7905=LINE('Line',#7902,#7904) ;
#7912=LINE('Line',#7909,#7911) ;
#7919=LINE('Line',#7916,#7918) ;
#7926=LINE('Line',#7923,#7925) ;
#7933=LINE('Line',#7930,#7932) ;
#7966=LINE('Line',#7963,#7965) ;
#7984=LINE('Line',#7981,#7983) ;
#8009=LINE('Line',#8006,#8008) ;
#8016=LINE('Line',#8013,#8015) ;
#8023=LINE('Line',#8020,#8022) ;
#8030=LINE('Line',#8027,#8029) ;
#8037=LINE('Line',#8034,#8036) ;
#8044=LINE('Line',#8041,#8043) ;
#8051=LINE('Line',#8048,#8050) ;
#8058=LINE('Line',#8055,#8057) ;
#8065=LINE('Line',#8062,#8064) ;
#8072=LINE('Line',#8069,#8071) ;
#8079=LINE('Line',#8076,#8078) ;
#8084=LINE('Line',#8081,#8083) ;
#8117=LINE('Line',#8114,#8116) ;
#8126=LINE('Line',#8123,#8125) ;
#8133=LINE('Line',#8130,#8132) ;
#8140=LINE('Line',#8137,#8139) ;
#8147=LINE('Line',#8144,#8146) ;
#8152=LINE('Line',#8149,#8151) ;
#8174=LINE('Line',#8171,#8173) ;
#8201=LINE('Line',#8198,#8200) ;
#8208=LINE('Line',#8205,#8207) ;
#8215=LINE('Line',#8212,#8214) ;
#8220=LINE('Line',#8217,#8219) ;
#8227=LINE('Line',#8224,#8226) ;
#8234=LINE('Line',#8231,#8233) ;
#8248=LINE('Line',#8245,#8247) ;
#8255=LINE('Line',#8252,#8254) ;
#8262=LINE('Line',#8259,#8261) ;
#8293=LINE('Line',#8290,#8292) ;
#8308=LINE('Line',#8305,#8307) ;
#8380=LINE('Line',#8377,#8379) ;
#8395=LINE('Line',#8392,#8394) ;
#8463=LINE('Line',#8460,#8462) ;
#8470=LINE('Line',#8467,#8469) ;
#8486=LINE('Line',#8483,#8485) ;
#8493=LINE('Line',#8490,#8492) ;
#8514=LINE('Line',#8511,#8513) ;
#8537=LINE('Line',#8534,#8536) ;
#8542=LINE('Line',#8539,#8541) ;
#8561=LINE('Line',#8558,#8560) ;
#8598=LINE('Line',#8595,#8597) ;
#8605=LINE('Line',#8602,#8604) ;
#8619=LINE('Line',#8616,#8618) ;
#8626=LINE('Line',#8623,#8625) ;
#8649=LINE('Line',#8646,#8648) ;
#8661=LINE('Line',#8658,#8660) ;
#8673=LINE('Line',#8670,#8672) ;
#8680=LINE('Line',#8677,#8679) ;
#8697=LINE('Line',#8694,#8696) ;
#8736=LINE('Line',#8733,#8735) ;
#8748=LINE('Line',#8745,#8747) ;
#8761=LINE('Line',#8758,#8760) ;
#8781=LINE('Line',#8778,#8780) ;
#8799=LINE('Line',#8796,#8798) ;
#8816=LINE('Line',#8813,#8815) ;
#8835=LINE('Line',#8832,#8834) ;
#8892=LINE('Line',#8889,#8891) ;
#8903=LINE('Line',#8900,#8902) ;
#8922=LINE('Line',#8919,#8921) ;
#8939=LINE('Line',#8936,#8938) ;
#8948=LINE('Line',#8945,#8947) ;
#8955=LINE('Line',#8952,#8954) ;
#8969=LINE('Line',#8966,#8968) ;
#8976=LINE('Line',#8973,#8975) ;
#8981=LINE('Line',#8978,#8980) ;
#8988=LINE('Line',#8985,#8987) ;
#9055=LINE('Line',#9052,#9054) ;
#9062=LINE('Line',#9059,#9061) ;
#9078=LINE('Line',#9075,#9077) ;
#9106=LINE('Line',#9103,#9105) ;
#9113=LINE('Line',#9110,#9112) ;
#9118=LINE('Line',#9115,#9117) ;
#9153=LINE('Line',#9150,#9152) ;
#9166=LINE('Line',#9163,#9165) ;
#9191=LINE('Line',#9188,#9190) ;
#9196=LINE('Line',#9193,#9195) ;
#9210=LINE('Line',#9207,#9209) ;
#9217=LINE('Line',#9214,#9216) ;
#9460=LINE('Line',#9457,#9459) ;
#9504=LINE('Line',#9501,#9503) ;
#9528=LINE('Line',#9525,#9527) ;
#9655=LINE('Line',#9652,#9654) ;
#9773=LINE('Line',#9770,#9772) ;
#9823=LINE('Line',#9820,#9822) ;
#9986=LINE('Line',#9983,#9985) ;
#10250=LINE('Line',#10247,#10249) ;
#10269=LINE('Line',#10266,#10268) ;
#10276=LINE('Line',#10273,#10275) ;
#10283=LINE('Line',#10280,#10282) ;
#10317=LINE('Line',#10314,#10316) ;
#10334=LINE('Line',#10331,#10333) ;
#10341=LINE('Line',#10338,#10340) ;
#10359=LINE('Line',#10356,#10358) ;
#10390=LINE('Line',#10387,#10389) ;
#10397=LINE('Line',#10394,#10396) ;
#10402=LINE('Line',#10399,#10401) ;
#10415=LINE('Line',#10412,#10414) ;
#10422=LINE('Line',#10419,#10421) ;
#10439=LINE('Line',#10436,#10438) ;
#10444=LINE('Line',#10441,#10443) ;
#10471=LINE('Line',#10468,#10470) ;
#10476=LINE('Line',#10473,#10475) ;
#10481=LINE('Line',#10478,#10480) ;
#10515=LINE('Line',#10512,#10514) ;
#10542=LINE('Line',#10539,#10541) ;
#10547=LINE('Line',#10544,#10546) ;
#10616=LINE('Line',#10613,#10615) ;
#10668=LINE('Line',#10665,#10667) ;
#10720=LINE('Line',#10717,#10719) ;
#10764=LINE('Line',#10761,#10763) ;
#10781=LINE('Line',#10778,#10780) ;
#10798=LINE('Line',#10795,#10797) ;
#10828=LINE('Line',#10825,#10827) ;
#10835=LINE('Line',#10832,#10834) ;
#10852=LINE('Line',#10849,#10851) ;
#10869=LINE('Line',#10866,#10868) ;
#10905=LINE('Line',#10902,#10904) ;
#10922=LINE('Line',#10919,#10921) ;
#10939=LINE('Line',#10936,#10938) ;
#10964=LINE('Line',#10961,#10963) ;
#10971=LINE('Line',#10968,#10970) ;
#10988=LINE('Line',#10985,#10987) ;
#11005=LINE('Line',#11002,#11004) ;
#11035=LINE('Line',#11032,#11034) ;
#11052=LINE('Line',#11049,#11051) ;
#11075=LINE('Line',#11072,#11074) ;
#11092=LINE('Line',#11089,#11091) ;
#11122=LINE('Line',#11119,#11121) ;
#11129=LINE('Line',#11126,#11128) ;
#11146=LINE('Line',#11143,#11145) ;
#11163=LINE('Line',#11160,#11162) ;
#11199=LINE('Line',#11196,#11198) ;
#11216=LINE('Line',#11213,#11215) ;
#11233=LINE('Line',#11230,#11232) ;
#11258=LINE('Line',#11255,#11257) ;
#11265=LINE('Line',#11262,#11264) ;
#11282=LINE('Line',#11279,#11281) ;
#11299=LINE('Line',#11296,#11298) ;
#11376=LINE('Line',#11373,#11375) ;
#11385=LINE('Line',#11382,#11384) ;
#11392=LINE('Line',#11389,#11391) ;
#11397=LINE('Line',#11394,#11396) ;
#11415=LINE('Line',#11412,#11414) ;
#11422=LINE('Line',#11419,#11421) ;
#11439=LINE('Line',#11436,#11438) ;
#11446=LINE('Line',#11443,#11445) ;
#11453=LINE('Line',#11450,#11452) ;
#11480=LINE('Line',#11477,#11479) ;
#11492=LINE('Line',#11489,#11491) ;
#11506=LINE('Line',#11503,#11505) ;
#11527=LINE('Line',#11524,#11526) ;
#11534=LINE('Line',#11531,#11533) ;
#11541=LINE('Line',#11538,#11540) ;
#11554=LINE('Line',#11551,#11553) ;
#11566=LINE('Line',#11563,#11565) ;
#11573=LINE('Line',#11570,#11572) ;
#11590=LINE('Line',#11587,#11589) ;
#11597=LINE('Line',#11594,#11596) ;
#11604=LINE('Line',#11601,#11603) ;
#11631=LINE('Line',#11628,#11630) ;
#11650=LINE('Line',#11647,#11649) ;
#11711=LINE('Line',#11708,#11710) ;
#11723=LINE('Line',#11720,#11722) ;
#11735=LINE('Line',#11732,#11734) ;
#11745=LINE('Line',#11742,#11744) ;
#11755=LINE('Line',#11752,#11754) ;
#11765=LINE('Line',#11762,#11764) ;
#11898=LINE('Line',#11895,#11897) ;
#11905=LINE('Line',#11902,#11904) ;
#11922=LINE('Line',#11919,#11921) ;
#11929=LINE('Line',#11926,#11928) ;
#11941=LINE('Line',#11938,#11940) ;
#11948=LINE('Line',#11945,#11947) ;
#11976=LINE('Line',#11973,#11975) ;
#11983=LINE('Line',#11980,#11982) ;
#11990=LINE('Line',#11987,#11989) ;
#12018=LINE('Line',#12015,#12017) ;
#12028=LINE('Line',#12025,#12027) ;
#12040=LINE('Line',#12037,#12039) ;
#12052=LINE('Line',#12049,#12051) ;
#12143=LINE('Line',#12140,#12142) ;
#12150=LINE('Line',#12147,#12149) ;
#12167=LINE('Line',#12164,#12166) ;
#12179=LINE('Line',#12176,#12178) ;
#12186=LINE('Line',#12183,#12185) ;
#12191=LINE('Line',#12188,#12190) ;
#12204=LINE('Line',#12201,#12203) ;
#12211=LINE('Line',#12208,#12210) ;
#12223=LINE('Line',#12220,#12222) ;
#12228=LINE('Line',#12225,#12227) ;
#12255=LINE('Line',#12252,#12254) ;
#12260=LINE('Line',#12257,#12259) ;
#12265=LINE('Line',#12262,#12264) ;
#12289=LINE('Line',#12286,#12288) ;
#12316=LINE('Line',#12313,#12315) ;
#12321=LINE('Line',#12318,#12320) ;
#12578=LINE('Line',#12575,#12577) ;
#12585=LINE('Line',#12582,#12584) ;
#12637=LINE('Line',#12634,#12636) ;
#12655=LINE('Line',#12652,#12654) ;
#12660=LINE('Line',#12657,#12659) ;
#12689=LINE('Line',#12686,#12688) ;
#12694=LINE('Line',#12691,#12693) ;
#12738=LINE('Line',#12735,#12737) ;
#12748=LINE('Line',#12745,#12747) ;
#12777=LINE('Line',#12774,#12776) ;
#12787=LINE('Line',#12784,#12786) ;
#12816=LINE('Line',#12813,#12815) ;
#12826=LINE('Line',#12823,#12825) ;
#12855=LINE('Line',#12852,#12854) ;
#12865=LINE('Line',#12862,#12864) ;
#12914=LINE('Line',#12911,#12913) ;
#13036=LINE('Line',#13033,#13035) ;
#13156=LINE('Line',#13153,#13155) ;
#13163=LINE('Line',#13160,#13162) ;
#13170=LINE('Line',#13167,#13169) ;
#13187=LINE('Line',#13184,#13186) ;
#13194=LINE('Line',#13191,#13193) ;
#13211=LINE('Line',#13208,#13210) ;
#13218=LINE('Line',#13215,#13217) ;
#13235=LINE('Line',#13232,#13234) ;
#13242=LINE('Line',#13239,#13241) ;
#13249=LINE('Line',#13246,#13248) ;
#13268=LINE('Line',#13265,#13267) ;
#13285=LINE('Line',#13282,#13284) ;
#13314=LINE('Line',#13311,#13313) ;
#13321=LINE('Line',#13318,#13320) ;
#13328=LINE('Line',#13325,#13327) ;
#13345=LINE('Line',#13342,#13344) ;
#13352=LINE('Line',#13349,#13351) ;
#13369=LINE('Line',#13366,#13368) ;
#13376=LINE('Line',#13373,#13375) ;
#13393=LINE('Line',#13390,#13392) ;
#13400=LINE('Line',#13397,#13399) ;
#13407=LINE('Line',#13404,#13406) ;
#13414=LINE('Line',#13411,#13413) ;
#13421=LINE('Line',#13418,#13420) ;
#13428=LINE('Line',#13425,#13427) ;
#13435=LINE('Line',#13432,#13434) ;
#13442=LINE('Line',#13439,#13441) ;
#13449=LINE('Line',#13446,#13448) ;
#13456=LINE('Line',#13453,#13455) ;
#13482=LINE('Line',#13479,#13481) ;
#13499=LINE('Line',#13496,#13498) ;
#13516=LINE('Line',#13513,#13515) ;
#13533=LINE('Line',#13530,#13532) ;
#13550=LINE('Line',#13547,#13549) ;
#13567=LINE('Line',#13564,#13566) ;
#13584=LINE('Line',#13581,#13583) ;
#13601=LINE('Line',#13598,#13600) ;
#13618=LINE('Line',#13615,#13617) ;
#13647=LINE('Line',#13644,#13646) ;
#13654=LINE('Line',#13651,#13653) ;
#13661=LINE('Line',#13658,#13660) ;
#13678=LINE('Line',#13675,#13677) ;
#13685=LINE('Line',#13682,#13684) ;
#13702=LINE('Line',#13699,#13701) ;
#13709=LINE('Line',#13706,#13708) ;
#13721=LINE('Line',#13718,#13720) ;
#13728=LINE('Line',#13725,#13727) ;
#13735=LINE('Line',#13732,#13734) ;
#13742=LINE('Line',#13739,#13741) ;
#13749=LINE('Line',#13746,#13748) ;
#13756=LINE('Line',#13753,#13755) ;
#13763=LINE('Line',#13760,#13762) ;
#13770=LINE('Line',#13767,#13769) ;
#13777=LINE('Line',#13774,#13776) ;
#13784=LINE('Line',#13781,#13783) ;
#13791=LINE('Line',#13788,#13790) ;
#13798=LINE('Line',#13795,#13797) ;
#13805=LINE('Line',#13802,#13804) ;
#13812=LINE('Line',#13809,#13811) ;
#13819=LINE('Line',#13816,#13818) ;
#13826=LINE('Line',#13823,#13825) ;
#13833=LINE('Line',#13830,#13832) ;
#13840=LINE('Line',#13837,#13839) ;
#13847=LINE('Line',#13844,#13846) ;
#13854=LINE('Line',#13851,#13853) ;
#13861=LINE('Line',#13858,#13860) ;
#13868=LINE('Line',#13865,#13867) ;
#13875=LINE('Line',#13872,#13874) ;
#13882=LINE('Line',#13879,#13881) ;
#13889=LINE('Line',#13886,#13888) ;
#13896=LINE('Line',#13893,#13895) ;
#13903=LINE('Line',#13900,#13902) ;
#13910=LINE('Line',#13907,#13909) ;
#13917=LINE('Line',#13914,#13916) ;
#13924=LINE('Line',#13921,#13923) ;
#13931=LINE('Line',#13928,#13930) ;
#13938=LINE('Line',#13935,#13937) ;
#13945=LINE('Line',#13942,#13944) ;
#13952=LINE('Line',#13949,#13951) ;
#14002=LINE('Line',#13999,#14001) ;
#14019=LINE('Line',#14016,#14018) ;
#14036=LINE('Line',#14033,#14035) ;
#14053=LINE('Line',#14050,#14052) ;
#14070=LINE('Line',#14067,#14069) ;
#14087=LINE('Line',#14084,#14086) ;
#14104=LINE('Line',#14101,#14103) ;
#14121=LINE('Line',#14118,#14120) ;
#14138=LINE('Line',#14135,#14137) ;
#14155=LINE('Line',#14152,#14154) ;
#14172=LINE('Line',#14169,#14171) ;
#14189=LINE('Line',#14186,#14188) ;
#14206=LINE('Line',#14203,#14205) ;
#14223=LINE('Line',#14220,#14222) ;
#14240=LINE('Line',#14237,#14239) ;
#14257=LINE('Line',#14254,#14256) ;
#14274=LINE('Line',#14271,#14273) ;
#14291=LINE('Line',#14288,#14290) ;
#14308=LINE('Line',#14305,#14307) ;
#14325=LINE('Line',#14322,#14324) ;
#14342=LINE('Line',#14339,#14341) ;
#14359=LINE('Line',#14356,#14358) ;
#14376=LINE('Line',#14373,#14375) ;
#14393=LINE('Line',#14390,#14392) ;
#14410=LINE('Line',#14407,#14409) ;
#14427=LINE('Line',#14424,#14426) ;
#14444=LINE('Line',#14441,#14443) ;
#14461=LINE('Line',#14458,#14460) ;
#14478=LINE('Line',#14475,#14477) ;
#14495=LINE('Line',#14492,#14494) ;
#14512=LINE('Line',#14509,#14511) ;
#14529=LINE('Line',#14526,#14528) ;
#14546=LINE('Line',#14543,#14545) ;
#2=MECHANICAL_CONTEXT(' ',#1,'mechanical') ;
#24=PERSONAL_ADDRESS(' ',' ',' ',' ',' ',' ',' ',' ',' ',' ',' ',' ',(#22),' ') ;
#55=PLANE('',#54) ;
#95=PLANE('',#94) ;
#323=PLANE('',#322) ;
#378=PLANE('',#377) ;
#401=PLANE('',#400) ;
#481=PLANE('',#480) ;
#512=PLANE('',#511) ;
#585=PLANE('',#584) ;
#646=PLANE('',#645) ;
#694=PLANE('',#693) ;
#725=PLANE('',#724) ;
#1123=PLANE('',#1122) ;
#1172=PLANE('',#1171) ;
#1245=PLANE('',#1244) ;
#1269=PLANE('',#1268) ;
#1388=PLANE('',#1387) ;
#1728=PLANE('',#1727) ;
#1801=PLANE('',#1800) ;
#2047=PLANE('',#2046) ;
#2094=PLANE('',#2093) ;
#2134=PLANE('',#2133) ;
#2285=PLANE('',#2284) ;
#2674=PLANE('',#2673) ;
#2716=PLANE('',#2715) ;
#2763=PLANE('',#2762) ;
#2810=PLANE('',#2809) ;
#3255=PLANE('',#3254) ;
#3267=PLANE('',#3266) ;
#3279=PLANE('',#3278) ;
#3365=PLANE('',#3364) ;
#3612=PLANE('',#3611) ;
#3660=PLANE('',#3659) ;
#3691=PLANE('',#3690) ;
#3837=PLANE('',#3836) ;
#3941=PLANE('',#3940) ;
#3989=PLANE('',#3988) ;
#4104=PLANE('',#4103) ;
#4283=PLANE('',#4282) ;
#4306=PLANE('',#4305) ;
#4329=PLANE('',#4328) ;
#4412=PLANE('',#4411) ;
#4460=PLANE('',#4459) ;
#4483=PLANE('',#4482) ;
#4506=PLANE('',#4505) ;
#4573=PLANE('',#4572) ;
#4596=PLANE('',#4595) ;
#4619=PLANE('',#4618) ;
#4660=PLANE('',#4659) ;
#4683=PLANE('',#4682) ;
#4706=PLANE('',#4705) ;
#4879=PLANE('',#4878) ;
#4912=PLANE('',#4911) ;
#4949=PLANE('',#4948) ;
#4975=PLANE('',#4974) ;
#4998=PLANE('',#4997) ;
#5021=PLANE('',#5020) ;
#5147=PLANE('',#5146) ;
#5170=PLANE('',#5169) ;
#5193=PLANE('',#5192) ;
#5260=PLANE('',#5259) ;
#5283=PLANE('',#5282) ;
#5342=PLANE('',#5341) ;
#5365=PLANE('',#5364) ;
#5410=PLANE('',#5409) ;
#5553=PLANE('',#5552) ;
#5645=PLANE('',#5644) ;
#5794=PLANE('',#5793) ;
#5863=PLANE('',#5862) ;
#6509=PLANE('',#6508) ;
#7004=PLANE('',#7003) ;
#7208=PLANE('',#7207) ;
#7306=PLANE('',#7305) ;
#7330=PLANE('',#7329) ;
#7353=PLANE('',#7352) ;
#7377=PLANE('',#7376) ;
#7431=PLANE('',#7430) ;
#7512=PLANE('',#7511) ;
#7536=PLANE('',#7535) ;
#7560=PLANE('',#7559) ;
#7778=PLANE('',#7777) ;
#7802=PLANE('',#7801) ;
#7859=PLANE('',#7858) ;
#7962=PLANE('',#7961) ;
#7980=PLANE('',#7979) ;
#7997=PLANE('',#7996) ;
#8113=PLANE('',#8112) ;
#8170=PLANE('',#8169) ;
#8188=PLANE('',#8187) ;
#8283=PLANE('',#8282) ;
#8364=PLANE('',#8363) ;
#8419=PLANE('',#8418) ;
#8459=PLANE('',#8458) ;
#8510=PLANE('',#8509) ;
#8575=PLANE('',#8574) ;
#8639=PLANE('',#8638) ;
#8693=PLANE('',#8692) ;
#8795=PLANE('',#8794) ;
#8878=PLANE('',#8877) ;
#9016=PLANE('',#9015) ;
#10222=PLANE('',#10221) ;
#10234=PLANE('',#10233) ;
#10246=PLANE('',#10245) ;
#10265=PLANE('',#10264) ;
#10330=PLANE('',#10329) ;
#10355=PLANE('',#10354) ;
#10386=PLANE('',#10385) ;
#10435=PLANE('',#10434) ;
#10498=PLANE('',#10497) ;
#10511=PLANE('',#10510) ;
#10576=PLANE('',#10575) ;
#10600=PLANE('',#10599) ;
#10612=PLANE('',#10611) ;
#10664=PLANE('',#10663) ;
#10716=PLANE('',#10715) ;
#10733=PLANE('',#10732) ;
#10754=PLANE('',#10753) ;
#10777=PLANE('',#10776) ;
#10824=PLANE('',#10823) ;
#10848=PLANE('',#10847) ;
#10895=PLANE('',#10894) ;
#10918=PLANE('',#10917) ;
#10984=PLANE('',#10983) ;
#11031=PLANE('',#11030) ;
#11048=PLANE('',#11047) ;
#11071=PLANE('',#11070) ;
#11118=PLANE('',#11117) ;
#11142=PLANE('',#11141) ;
#11189=PLANE('',#11188) ;
#11212=PLANE('',#11211) ;
#11278=PLANE('',#11277) ;
#11325=PLANE('',#11324) ;
#11341=PLANE('',#11340) ;
#11372=PLANE('',#11371) ;
#11411=PLANE('',#11410) ;
#11435=PLANE('',#11434) ;
#11523=PLANE('',#11522) ;
#11586=PLANE('',#11585) ;
#11667=PLANE('',#11666) ;
#11707=PLANE('',#11706) ;
#11800=PLANE('',#11799) ;
#11842=PLANE('',#11841) ;
#11880=PLANE('',#11879) ;
#11894=PLANE('',#11893) ;
#11918=PLANE('',#11917) ;
#12163=PLANE('',#12162) ;
#12359=PLANE('',#12358) ;
#12574=PLANE('',#12573) ;
#12599=PLANE('',#12598) ;
#12633=PLANE('',#12632) ;
#12890=PLANE('',#12889) ;
#12985=PLANE('',#12984) ;
#13076=PLANE('',#13075) ;
#13102=PLANE('',#13101) ;
#13121=PLANE('',#13120) ;
#13140=PLANE('',#13139) ;
#13152=PLANE('',#13151) ;
#13183=PLANE('',#13182) ;
#13207=PLANE('',#13206) ;
#13231=PLANE('',#13230) ;
#13264=PLANE('',#13263) ;
#13281=PLANE('',#13280) ;
#13298=PLANE('',#13297) ;
#13310=PLANE('',#13309) ;
#13341=PLANE('',#13340) ;
#13365=PLANE('',#13364) ;
#13389=PLANE('',#13388) ;
#13478=PLANE('',#13477) ;
#13495=PLANE('',#13494) ;
#13512=PLANE('',#13511) ;
#13529=PLANE('',#13528) ;
#13546=PLANE('',#13545) ;
#13563=PLANE('',#13562) ;
#13580=PLANE('',#13579) ;
#13597=PLANE('',#13596) ;
#13614=PLANE('',#13613) ;
#13631=PLANE('',#13630) ;
#13643=PLANE('',#13642) ;
#13674=PLANE('',#13673) ;
#13698=PLANE('',#13697) ;
#13998=PLANE('',#13997) ;
#14015=PLANE('',#14014) ;
#14032=PLANE('',#14031) ;
#14049=PLANE('',#14048) ;
#14066=PLANE('',#14065) ;
#14083=PLANE('',#14082) ;
#14100=PLANE('',#14099) ;
#14117=PLANE('',#14116) ;
#14134=PLANE('',#14133) ;
#14151=PLANE('',#14150) ;
#14168=PLANE('',#14167) ;
#14185=PLANE('',#14184) ;
#14202=PLANE('',#14201) ;
#14219=PLANE('',#14218) ;
#14236=PLANE('',#14235) ;
#14253=PLANE('',#14252) ;
#14270=PLANE('',#14269) ;
#14287=PLANE('',#14286) ;
#14304=PLANE('',#14303) ;
#14321=PLANE('',#14320) ;
#14338=PLANE('',#14337) ;
#14355=PLANE('',#14354) ;
#14372=PLANE('',#14371) ;
#14389=PLANE('',#14388) ;
#14406=PLANE('',#14405) ;
#14423=PLANE('',#14422) ;
#14440=PLANE('',#14439) ;
#14457=PLANE('',#14456) ;
#14474=PLANE('',#14473) ;
#14491=PLANE('',#14490) ;
#14508=PLANE('',#14507) ;
#14525=PLANE('',#14524) ;
#14542=PLANE('',#14541) ;
#14559=PLANE('',#14558) ;
#7=PRODUCT_CATEGORY('part',$) ;
#9=PRODUCT_CATEGORY_RELATIONSHIP(' ',' ',#7,#8) ;
#6=PRODUCT_DEFINITION_FORMATION_WITH_SPECIFIED_SOURCE('',' ',#5,.NOT_KNOWN.) ;
#8=PRODUCT_RELATED_PRODUCT_CATEGORY('detail',$,(#5)) ;
#49=SHAPE_DEFINITION_REPRESENTATION(#40,#48) ;
#1364=SPHERICAL_SURFACE('',#1363,0.3) ;
#1554=SPHERICAL_SURFACE('',#1553,0.3) ;
#1595=SPHERICAL_SURFACE('',#1594,0.3) ;
#3002=SPHERICAL_SURFACE('',#3001,0.3) ;
#3512=SPHERICAL_SURFACE('',#3511,0.8) ;
#4020=SPHERICAL_SURFACE('',#4019,0.8) ;
#5468=SPHERICAL_SURFACE('',#5467,0.8) ;
#5501=SPHERICAL_SURFACE('',#5500,0.8) ;
#5609=SPHERICAL_SURFACE('',#5608,0.8) ;
#5627=SPHERICAL_SURFACE('',#5626,0.8) ;
#6073=SPHERICAL_SURFACE('',#6072,0.8) ;
#6089=SPHERICAL_SURFACE('',#6088,0.8) ;
#6724=SPHERICAL_SURFACE('',#6723,0.8) ;
#6863=SPHERICAL_SURFACE('',#6862,0.3) ;
#6911=SPHERICAL_SURFACE('',#6910,0.3) ;
#7117=SPHERICAL_SURFACE('',#7116,0.3) ;
#7158=SPHERICAL_SURFACE('',#7157,0.3) ;
#9234=SPHERICAL_SURFACE('',#9233,0.8) ;
#10200=SPHERICAL_SURFACE('',#10199,0.8) ;
#10211=SPHERICAL_SURFACE('',#10210,0.8) ;
#61=VERTEX_POINT('',#60) ;
#63=VERTEX_POINT('',#62) ;
#70=VERTEX_POINT('',#69) ;
#77=VERTEX_POINT('',#76) ;
#101=VERTEX_POINT('',#100) ;
#103=VERTEX_POINT('',#102) ;
#122=VERTEX_POINT('',#121) ;
#128=VERTEX_POINT('',#127) ;
#135=VERTEX_POINT('',#134) ;
#141=VERTEX_POINT('',#140) ;
#148=VERTEX_POINT('',#147) ;
#154=VERTEX_POINT('',#153) ;
#161=VERTEX_POINT('',#160) ;
#167=VERTEX_POINT('',#166) ;
#174=VERTEX_POINT('',#173) ;
#180=VERTEX_POINT('',#179) ;
#187=VERTEX_POINT('',#186) ;
#193=VERTEX_POINT('',#192) ;
#212=VERTEX_POINT('',#211) ;
#218=VERTEX_POINT('',#217) ;
#237=VERTEX_POINT('',#236) ;
#243=VERTEX_POINT('',#242) ;
#250=VERTEX_POINT('',#249) ;
#260=VERTEX_POINT('',#259) ;
#267=VERTEX_POINT('',#266) ;
#273=VERTEX_POINT('',#272) ;
#331=VERTEX_POINT('',#330) ;
#333=VERTEX_POINT('',#332) ;
#343=VERTEX_POINT('',#342) ;
#349=VERTEX_POINT('',#348) ;
#356=VERTEX_POINT('',#355) ;
#383=VERTEX_POINT('',#382) ;
#407=VERTEX_POINT('',#406) ;
#409=VERTEX_POINT('',#408) ;
#416=VERTEX_POINT('',#415) ;
#422=VERTEX_POINT('',#421) ;
#456=VERTEX_POINT('',#455) ;
#463=VERTEX_POINT('',#462) ;
#486=VERTEX_POINT('',#485) ;
#493=VERTEX_POINT('',#492) ;
#518=VERTEX_POINT('',#517) ;
#525=VERTEX_POINT('',#524) ;
#557=VERTEX_POINT('',#556) ;
#564=VERTEX_POINT('',#563) ;
#591=VERTEX_POINT('',#590) ;
#593=VERTEX_POINT('',#592) ;
#604=VERTEX_POINT('',#603) ;
#628=VERTEX_POINT('',#627) ;
#652=VERTEX_POINT('',#651) ;
#676=VERTEX_POINT('',#675) ;
#699=VERTEX_POINT('',#698) ;
#706=VERTEX_POINT('',#705) ;
#731=VERTEX_POINT('',#730) ;
#733=VERTEX_POINT('',#732) ;
#740=VERTEX_POINT('',#739) ;
#751=VERTEX_POINT('',#750) ;
#757=VERTEX_POINT('',#756) ;
#794=VERTEX_POINT('',#793) ;
#796=VERTEX_POINT('',#795) ;
#803=VERTEX_POINT('',#802) ;
#810=VERTEX_POINT('',#809) ;
#817=VERTEX_POINT('',#816) ;
#836=VERTEX_POINT('',#835) ;
#843=VERTEX_POINT('',#842) ;
#862=VERTEX_POINT('',#861) ;
#886=VERTEX_POINT('',#885) ;
#918=VERTEX_POINT('',#917) ;
#944=VERTEX_POINT('',#943) ;
#951=VERTEX_POINT('',#950) ;
#977=VERTEX_POINT('',#976) ;
#984=VERTEX_POINT('',#983) ;
#1017=VERTEX_POINT('',#1016) ;
#1019=VERTEX_POINT('',#1018) ;
#1031=VERTEX_POINT('',#1030) ;
#1038=VERTEX_POINT('',#1037) ;
#1057=VERTEX_POINT('',#1056) ;
#1064=VERTEX_POINT('',#1063) ;
#1083=VERTEX_POINT('',#1082) ;
#1090=VERTEX_POINT('',#1089) ;
#1097=VERTEX_POINT('',#1096) ;
#1131=VERTEX_POINT('',#1130) ;
#1133=VERTEX_POINT('',#1132) ;
#1143=VERTEX_POINT('',#1142) ;
#1150=VERTEX_POINT('',#1149) ;
#1178=VERTEX_POINT('',#1177) ;
#1180=VERTEX_POINT('',#1179) ;
#1191=VERTEX_POINT('',#1190) ;
#1215=VERTEX_POINT('',#1214) ;
#1275=VERTEX_POINT('',#1274) ;
#1277=VERTEX_POINT('',#1276) ;
#1283=VERTEX_POINT('',#1282) ;
#1290=VERTEX_POINT('',#1289) ;
#1296=VERTEX_POINT('',#1295) ;
#1308=VERTEX_POINT('',#1307) ;
#1314=VERTEX_POINT('',#1313) ;
#1321=VERTEX_POINT('',#1320) ;
#1370=VERTEX_POINT('',#1369) ;
#1409=VERTEX_POINT('',#1408) ;
#1431=VERTEX_POINT('',#1430) ;
#1486=VERTEX_POINT('',#1485) ;
#1493=VERTEX_POINT('',#1492) ;
#1536=VERTEX_POINT('',#1535) ;
#1577=VERTEX_POINT('',#1576) ;
#1629=VERTEX_POINT('',#1628) ;
#1636=VERTEX_POINT('',#1635) ;
#1643=VERTEX_POINT('',#1642) ;
#1650=VERTEX_POINT('',#1649) ;
#1657=VERTEX_POINT('',#1656) ;
#1664=VERTEX_POINT('',#1663) ;
#1683=VERTEX_POINT('',#1682) ;
#1690=VERTEX_POINT('',#1689) ;
#1733=VERTEX_POINT('',#1732) ;
#1774=VERTEX_POINT('',#1773) ;
#1781=VERTEX_POINT('',#1780) ;
#1806=VERTEX_POINT('',#1805) ;
#1808=VERTEX_POINT('',#1807) ;
#1815=VERTEX_POINT('',#1814) ;
#1826=VERTEX_POINT('',#1825) ;
#1836=VERTEX_POINT('',#1835) ;
#1843=VERTEX_POINT('',#1842) ;
#1849=VERTEX_POINT('',#1848) ;
#1868=VERTEX_POINT('',#1867) ;
#1874=VERTEX_POINT('',#1873) ;
#1893=VERTEX_POINT('',#1892) ;
#1899=VERTEX_POINT('',#1898) ;
#1906=VERTEX_POINT('',#1905) ;
#1912=VERTEX_POINT('',#1911) ;
#1919=VERTEX_POINT('',#1918) ;
#1925=VERTEX_POINT('',#1924) ;
#1932=VERTEX_POINT('',#1931) ;
#1938=VERTEX_POINT('',#1937) ;
#1957=VERTEX_POINT('',#1956) ;
#1963=VERTEX_POINT('',#1962) ;
#2013=VERTEX_POINT('',#2012) ;
#2019=VERTEX_POINT('',#2018) ;
#2052=VERTEX_POINT('',#2051) ;
#2076=VERTEX_POINT('',#2075) ;
#2100=VERTEX_POINT('',#2099) ;
#2191=VERTEX_POINT('',#2190) ;
#2258=VERTEX_POINT('',#2257) ;
#2291=VERTEX_POINT('',#2290) ;
#2307=VERTEX_POINT('',#2306) ;
#2314=VERTEX_POINT('',#2313) ;
#2330=VERTEX_POINT('',#2329) ;
#2352=VERTEX_POINT('',#2351) ;
#2354=VERTEX_POINT('',#2353) ;
#2361=VERTEX_POINT('',#2360) ;
#2368=VERTEX_POINT('',#2367) ;
#2375=VERTEX_POINT('',#2374) ;
#2382=VERTEX_POINT('',#2381) ;
#2389=VERTEX_POINT('',#2388) ;
#2396=VERTEX_POINT('',#2395) ;
#2403=VERTEX_POINT('',#2402) ;
#2410=VERTEX_POINT('',#2409) ;
#2417=VERTEX_POINT('',#2416) ;
#2424=VERTEX_POINT('',#2423) ;
#2431=VERTEX_POINT('',#2430) ;
#2438=VERTEX_POINT('',#2437) ;
#2445=VERTEX_POINT('',#2444) ;
#2452=VERTEX_POINT('',#2451) ;
#2459=VERTEX_POINT('',#2458) ;
#2466=VERTEX_POINT('',#2465) ;
#2473=VERTEX_POINT('',#2472) ;
#2480=VERTEX_POINT('',#2479) ;
#2487=VERTEX_POINT('',#2486) ;
#2494=VERTEX_POINT('',#2493) ;
#2501=VERTEX_POINT('',#2500) ;
#2508=VERTEX_POINT('',#2507) ;
#2515=VERTEX_POINT('',#2514) ;
#2522=VERTEX_POINT('',#2521) ;
#2529=VERTEX_POINT('',#2528) ;
#2536=VERTEX_POINT('',#2535) ;
#2543=VERTEX_POINT('',#2542) ;
#2550=VERTEX_POINT('',#2549) ;
#2557=VERTEX_POINT('',#2556) ;
#2564=VERTEX_POINT('',#2563) ;
#2571=VERTEX_POINT('',#2570) ;
#2578=VERTEX_POINT('',#2577) ;
#2585=VERTEX_POINT('',#2584) ;
#2592=VERTEX_POINT('',#2591) ;
#2599=VERTEX_POINT('',#2598) ;
#2606=VERTEX_POINT('',#2605) ;
#2613=VERTEX_POINT('',#2612) ;
#2620=VERTEX_POINT('',#2619) ;
#2679=VERTEX_POINT('',#2678) ;
#2722=VERTEX_POINT('',#2721) ;
#2745=VERTEX_POINT('',#2744) ;
#2768=VERTEX_POINT('',#2767) ;
#2792=VERTEX_POINT('',#2791) ;
#2816=VERTEX_POINT('',#2815) ;
#2836=VERTEX_POINT('',#2835) ;
#2843=VERTEX_POINT('',#2842) ;
#2850=VERTEX_POINT('',#2849) ;
#2856=VERTEX_POINT('',#2855) ;
#2878=VERTEX_POINT('',#2877) ;
#2885=VERTEX_POINT('',#2884) ;
#2909=VERTEX_POINT('',#2908) ;
#2916=VERTEX_POINT('',#2915) ;
#2935=VERTEX_POINT('',#2934) ;
#2984=VERTEX_POINT('',#2983) ;
#3042=VERTEX_POINT('',#3041) ;
#3049=VERTEX_POINT('',#3048) ;
#3073=VERTEX_POINT('',#3072) ;
#3080=VERTEX_POINT('',#3079) ;
#3088=VERTEX_POINT('',#3087) ;
#3119=VERTEX_POINT('',#3118) ;
#3143=VERTEX_POINT('',#3142) ;
#3167=VERTEX_POINT('',#3166) ;
#3191=VERTEX_POINT('',#3190) ;
#3198=VERTEX_POINT('',#3197) ;
#3228=VERTEX_POINT('',#3227) ;
#3230=VERTEX_POINT('',#3229) ;
#3285=VERTEX_POINT('',#3284) ;
#3291=VERTEX_POINT('',#3290) ;
#3298=VERTEX_POINT('',#3297) ;
#3304=VERTEX_POINT('',#3303) ;
#3320=VERTEX_POINT('',#3319) ;
#3347=VERTEX_POINT('',#3346) ;
#3371=VERTEX_POINT('',#3370) ;
#3378=VERTEX_POINT('',#3377) ;
#3385=VERTEX_POINT('',#3384) ;
#3391=VERTEX_POINT('',#3390) ;
#3398=VERTEX_POINT('',#3397) ;
#3404=VERTEX_POINT('',#3403) ;
#3411=VERTEX_POINT('',#3410) ;
#3422=VERTEX_POINT('',#3421) ;
#3429=VERTEX_POINT('',#3428) ;
#3435=VERTEX_POINT('',#3434) ;
#3442=VERTEX_POINT('',#3441) ;
#3587=VERTEX_POINT('',#3586) ;
#3594=VERTEX_POINT('',#3593) ;
#3618=VERTEX_POINT('',#3617) ;
#3642=VERTEX_POINT('',#3641) ;
#3666=VERTEX_POINT('',#3665) ;
#3673=VERTEX_POINT('',#3672) ;
#3719=VERTEX_POINT('',#3718) ;
#3721=VERTEX_POINT('',#3720) ;
#3728=VERTEX_POINT('',#3727) ;
#3740=VERTEX_POINT('',#3739) ;
#3762=VERTEX_POINT('',#3761) ;
#3780=VERTEX_POINT('',#3779) ;
#3791=VERTEX_POINT('',#3790) ;
#3798=VERTEX_POINT('',#3797) ;
#3842=VERTEX_POINT('',#3841) ;
#3848=VERTEX_POINT('',#3847) ;
#3855=VERTEX_POINT('',#3854) ;
#3880=VERTEX_POINT('',#3879) ;
#3899=VERTEX_POINT('',#3898) ;
#3923=VERTEX_POINT('',#3922) ;
#3947=VERTEX_POINT('',#3946) ;
#3954=VERTEX_POINT('',#3953) ;
#3994=VERTEX_POINT('',#3993) ;
#4001=VERTEX_POINT('',#4000) ;
#4110=VERTEX_POINT('',#4109) ;
#4112=VERTEX_POINT('',#4111) ;
#4118=VERTEX_POINT('',#4117) ;
#4125=VERTEX_POINT('',#4124) ;
#4135=VERTEX_POINT('',#4134) ;
#4141=VERTEX_POINT('',#4140) ;
#4148=VERTEX_POINT('',#4147) ;
#4154=VERTEX_POINT('',#4153) ;
#4164=VERTEX_POINT('',#4163) ;
#4171=VERTEX_POINT('',#4170) ;
#4177=VERTEX_POINT('',#4176) ;
#4184=VERTEX_POINT('',#4183) ;
#4192=VERTEX_POINT('',#4191) ;
#4199=VERTEX_POINT('',#4198) ;
#4205=VERTEX_POINT('',#4204) ;
#4212=VERTEX_POINT('',#4211) ;
#4219=VERTEX_POINT('',#4218) ;
#4225=VERTEX_POINT('',#4224) ;
#4232=VERTEX_POINT('',#4231) ;
#4238=VERTEX_POINT('',#4237) ;
#4245=VERTEX_POINT('',#4244) ;
#4288=VERTEX_POINT('',#4287) ;
#4311=VERTEX_POINT('',#4310) ;
#4334=VERTEX_POINT('',#4333) ;
#4336=VERTEX_POINT('',#4335) ;
#4347=VERTEX_POINT('',#4346) ;
#4363=VERTEX_POINT('',#4362) ;
#4373=VERTEX_POINT('',#4372) ;
#4380=VERTEX_POINT('',#4379) ;
#4386=VERTEX_POINT('',#4385) ;
#4418=VERTEX_POINT('',#4417) ;
#4425=VERTEX_POINT('',#4424) ;
#4432=VERTEX_POINT('',#4431) ;
#4439=VERTEX_POINT('',#4438) ;
#4465=VERTEX_POINT('',#4464) ;
#4488=VERTEX_POINT('',#4487) ;
#4511=VERTEX_POINT('',#4510) ;
#4518=VERTEX_POINT('',#4517) ;
#4524=VERTEX_POINT('',#4523) ;
#4534=VERTEX_POINT('',#4533) ;
#4544=VERTEX_POINT('',#4543) ;
#4550=VERTEX_POINT('',#4549) ;
#4578=VERTEX_POINT('',#4577) ;
#4601=VERTEX_POINT('',#4600) ;
#4625=VERTEX_POINT('',#4624) ;
#4632=VERTEX_POINT('',#4631) ;
#4639=VERTEX_POINT('',#4638) ;
#4665=VERTEX_POINT('',#4664) ;
#4688=VERTEX_POINT('',#4687) ;
#4711=VERTEX_POINT('',#4710) ;
#4713=VERTEX_POINT('',#4712) ;
#4720=VERTEX_POINT('',#4719) ;
#4726=VERTEX_POINT('',#4725) ;
#4733=VERTEX_POINT('',#4732) ;
#4739=VERTEX_POINT('',#4738) ;
#4746=VERTEX_POINT('',#4745) ;
#4753=VERTEX_POINT('',#4752) ;
#4759=VERTEX_POINT('',#4758) ;
#4766=VERTEX_POINT('',#4765) ;
#4774=VERTEX_POINT('',#4773) ;
#4781=VERTEX_POINT('',#4780) ;
#4787=VERTEX_POINT('',#4786) ;
#4798=VERTEX_POINT('',#4797) ;
#4804=VERTEX_POINT('',#4803) ;
#4811=VERTEX_POINT('',#4810) ;
#4817=VERTEX_POINT('',#4816) ;
#4827=VERTEX_POINT('',#4826) ;
#4834=VERTEX_POINT('',#4833) ;
#4840=VERTEX_POINT('',#4839) ;
#4885=VERTEX_POINT('',#4884) ;
#4892=VERTEX_POINT('',#4891) ;
#4917=VERTEX_POINT('',#4916) ;
#4923=VERTEX_POINT('',#4922) ;
#4929=VERTEX_POINT('',#4928) ;
#4955=VERTEX_POINT('',#4954) ;
#4980=VERTEX_POINT('',#4979) ;
#5003=VERTEX_POINT('',#5002) ;
#5027=VERTEX_POINT('',#5026) ;
#5029=VERTEX_POINT('',#5028) ;
#5035=VERTEX_POINT('',#5034) ;
#5046=VERTEX_POINT('',#5045) ;
#5062=VERTEX_POINT('',#5061) ;
#5072=VERTEX_POINT('',#5071) ;
#5079=VERTEX_POINT('',#5078) ;
#5105=VERTEX_POINT('',#5104) ;
#5112=VERTEX_POINT('',#5111) ;
#5119=VERTEX_POINT('',#5118) ;
#5126=VERTEX_POINT('',#5125) ;
#5153=VERTEX_POINT('',#5152) ;
#5175=VERTEX_POINT('',#5174) ;
#5198=VERTEX_POINT('',#5197) ;
#5205=VERTEX_POINT('',#5204) ;
#5211=VERTEX_POINT('',#5210) ;
#5221=VERTEX_POINT('',#5220) ;
#5231=VERTEX_POINT('',#5230) ;
#5237=VERTEX_POINT('',#5236) ;
#5266=VERTEX_POINT('',#5265) ;
#5289=VERTEX_POINT('',#5288) ;
#5307=VERTEX_POINT('',#5306) ;
#5314=VERTEX_POINT('',#5313) ;
#5321=VERTEX_POINT('',#5320) ;
#5347=VERTEX_POINT('',#5346) ;
#5383=VERTEX_POINT('',#5382) ;
#5390=VERTEX_POINT('',#5389) ;
#5416=VERTEX_POINT('',#5415) ;
#5418=VERTEX_POINT('',#5417) ;
#5428=VERTEX_POINT('',#5427) ;
#5448=VERTEX_POINT('',#5447) ;
#5535=VERTEX_POINT('',#5534) ;
#5558=VERTEX_POINT('',#5557) ;
#5560=VERTEX_POINT('',#5559) ;
#5576=VERTEX_POINT('',#5575) ;
#5582=VERTEX_POINT('',#5581) ;
#5651=VERTEX_POINT('',#5650) ;
#5653=VERTEX_POINT('',#5652) ;
#5660=VERTEX_POINT('',#5659) ;
#5667=VERTEX_POINT('',#5666) ;
#5679=VERTEX_POINT('',#5678) ;
#5686=VERTEX_POINT('',#5685) ;
#5708=VERTEX_POINT('',#5707) ;
#5710=VERTEX_POINT('',#5709) ;
#5717=VERTEX_POINT('',#5716) ;
#5724=VERTEX_POINT('',#5723) ;
#5731=VERTEX_POINT('',#5730) ;
#5738=VERTEX_POINT('',#5737) ;
#5758=VERTEX_POINT('',#5757) ;
#5760=VERTEX_POINT('',#5759) ;
#5776=VERTEX_POINT('',#5775) ;
#5778=VERTEX_POINT('',#5777) ;
#5800=VERTEX_POINT('',#5799) ;
#5802=VERTEX_POINT('',#5801) ;
#5808=VERTEX_POINT('',#5807) ;
#5820=VERTEX_POINT('',#5819) ;
#5826=VERTEX_POINT('',#5825) ;
#5842=VERTEX_POINT('',#5841) ;
#5869=VERTEX_POINT('',#5868) ;
#5871=VERTEX_POINT('',#5870) ;
#5878=VERTEX_POINT('',#5877) ;
#5885=VERTEX_POINT('',#5884) ;
#5900=VERTEX_POINT('',#5899) ;
#5907=VERTEX_POINT('',#5906) ;
#5931=VERTEX_POINT('',#5930) ;
#5933=VERTEX_POINT('',#5932) ;
#5940=VERTEX_POINT('',#5939) ;
#5947=VERTEX_POINT('',#5946) ;
#5954=VERTEX_POINT('',#5953) ;
#5961=VERTEX_POINT('',#5960) ;
#5968=VERTEX_POINT('',#5967) ;
#5975=VERTEX_POINT('',#5974) ;
#5982=VERTEX_POINT('',#5981) ;
#5989=VERTEX_POINT('',#5988) ;
#5996=VERTEX_POINT('',#5995) ;
#6003=VERTEX_POINT('',#6002) ;
#6010=VERTEX_POINT('',#6009) ;
#6037=VERTEX_POINT('',#6036) ;
#6039=VERTEX_POINT('',#6038) ;
#6055=VERTEX_POINT('',#6054) ;
#6057=VERTEX_POINT('',#6056) ;
#6106=VERTEX_POINT('',#6105) ;
#6108=VERTEX_POINT('',#6107) ;
#6115=VERTEX_POINT('',#6114) ;
#6122=VERTEX_POINT('',#6121) ;
#6129=VERTEX_POINT('',#6128) ;
#6136=VERTEX_POINT('',#6135) ;
#6146=VERTEX_POINT('',#6145) ;
#6175=VERTEX_POINT('',#6174) ;
#6177=VERTEX_POINT('',#6176) ;
#6184=VERTEX_POINT('',#6183) ;
#6191=VERTEX_POINT('',#6190) ;
#6198=VERTEX_POINT('',#6197) ;
#6205=VERTEX_POINT('',#6204) ;
#6212=VERTEX_POINT('',#6211) ;
#6219=VERTEX_POINT('',#6218) ;
#6226=VERTEX_POINT('',#6225) ;
#6233=VERTEX_POINT('',#6232) ;
#6240=VERTEX_POINT('',#6239) ;
#6247=VERTEX_POINT('',#6246) ;
#6254=VERTEX_POINT('',#6253) ;
#6261=VERTEX_POINT('',#6260) ;
#6268=VERTEX_POINT('',#6267) ;
#6275=VERTEX_POINT('',#6274) ;
#6282=VERTEX_POINT('',#6281) ;
#6289=VERTEX_POINT('',#6288) ;
#6296=VERTEX_POINT('',#6295) ;
#6303=VERTEX_POINT('',#6302) ;
#6310=VERTEX_POINT('',#6309) ;
#6317=VERTEX_POINT('',#6316) ;
#6324=VERTEX_POINT('',#6323) ;
#6331=VERTEX_POINT('',#6330) ;
#6338=VERTEX_POINT('',#6337) ;
#6345=VERTEX_POINT('',#6344) ;
#6352=VERTEX_POINT('',#6351) ;
#6359=VERTEX_POINT('',#6358) ;
#6366=VERTEX_POINT('',#6365) ;
#6373=VERTEX_POINT('',#6372) ;
#6380=VERTEX_POINT('',#6379) ;
#6387=VERTEX_POINT('',#6386) ;
#6394=VERTEX_POINT('',#6393) ;
#6401=VERTEX_POINT('',#6400) ;
#6408=VERTEX_POINT('',#6407) ;
#6415=VERTEX_POINT('',#6414) ;
#6422=VERTEX_POINT('',#6421) ;
#6473=VERTEX_POINT('',#6472) ;
#6475=VERTEX_POINT('',#6474) ;
#6491=VERTEX_POINT('',#6490) ;
#6493=VERTEX_POINT('',#6492) ;
#6514=VERTEX_POINT('',#6513) ;
#6581=VERTEX_POINT('',#6580) ;
#6588=VERTEX_POINT('',#6587) ;
#6664=VERTEX_POINT('',#6663) ;
#6706=VERTEX_POINT('',#6705) ;
#6869=VERTEX_POINT('',#6868) ;
#6893=VERTEX_POINT('',#6892) ;
#6943=VERTEX_POINT('',#6942) ;
#6950=VERTEX_POINT('',#6949) ;
#7049=VERTEX_POINT('',#7048) ;
#7056=VERTEX_POINT('',#7055) ;
#7099=VERTEX_POINT('',#7098) ;
#7140=VERTEX_POINT('',#7139) ;
#7213=VERTEX_POINT('',#7212) ;
#7215=VERTEX_POINT('',#7214) ;
#7225=VERTEX_POINT('',#7224) ;
#7231=VERTEX_POINT('',#7230) ;
#7247=VERTEX_POINT('',#7246) ;
#7253=VERTEX_POINT('',#7252) ;
#7265=VERTEX_POINT('',#7264) ;
#7271=VERTEX_POINT('',#7270) ;
#7312=VERTEX_POINT('',#7311) ;
#7336=VERTEX_POINT('',#7335) ;
#7359=VERTEX_POINT('',#7358) ;
#7388=VERTEX_POINT('',#7387) ;
#7394=VERTEX_POINT('',#7393) ;
#7410=VERTEX_POINT('',#7409) ;
#7437=VERTEX_POINT('',#7436) ;
#7439=VERTEX_POINT('',#7438) ;
#7446=VERTEX_POINT('',#7445) ;
#7453=VERTEX_POINT('',#7452) ;
#7460=VERTEX_POINT('',#7459) ;
#7467=VERTEX_POINT('',#7466) ;
#7479=VERTEX_POINT('',#7478) ;
#7486=VERTEX_POINT('',#7485) ;
#7518=VERTEX_POINT('',#7517) ;
#7542=VERTEX_POINT('',#7541) ;
#7566=VERTEX_POINT('',#7565) ;
#7573=VERTEX_POINT('',#7572) ;
#7580=VERTEX_POINT('',#7579) ;
#7587=VERTEX_POINT('',#7586) ;
#7594=VERTEX_POINT('',#7593) ;
#7601=VERTEX_POINT('',#7600) ;
#7608=VERTEX_POINT('',#7607) ;
#7615=VERTEX_POINT('',#7614) ;
#7622=VERTEX_POINT('',#7621) ;
#7629=VERTEX_POINT('',#7628) ;
#7636=VERTEX_POINT('',#7635) ;
#7648=VERTEX_POINT('',#7647) ;
#7655=VERTEX_POINT('',#7654) ;
#7662=VERTEX_POINT('',#7661) ;
#7669=VERTEX_POINT('',#7668) ;
#7676=VERTEX_POINT('',#7675) ;
#7683=VERTEX_POINT('',#7682) ;
#7690=VERTEX_POINT('',#7689) ;
#7697=VERTEX_POINT('',#7696) ;
#7704=VERTEX_POINT('',#7703) ;
#7711=VERTEX_POINT('',#7710) ;
#7759=VERTEX_POINT('',#7758) ;
#7784=VERTEX_POINT('',#7783) ;
#7808=VERTEX_POINT('',#7807) ;
#7818=VERTEX_POINT('',#7817) ;
#7825=VERTEX_POINT('',#7824) ;
#7865=VERTEX_POINT('',#7864) ;
#7872=VERTEX_POINT('',#7871) ;
#7879=VERTEX_POINT('',#7878) ;
#7886=VERTEX_POINT('',#7885) ;
#7893=VERTEX_POINT('',#7892) ;
#7900=VERTEX_POINT('',#7899) ;
#7907=VERTEX_POINT('',#7906) ;
#7914=VERTEX_POINT('',#7913) ;
#7921=VERTEX_POINT('',#7920) ;
#7928=VERTEX_POINT('',#7927) ;
#8011=VERTEX_POINT('',#8010) ;
#8018=VERTEX_POINT('',#8017) ;
#8025=VERTEX_POINT('',#8024) ;
#8032=VERTEX_POINT('',#8031) ;
#8039=VERTEX_POINT('',#8038) ;
#8046=VERTEX_POINT('',#8045) ;
#8053=VERTEX_POINT('',#8052) ;
#8060=VERTEX_POINT('',#8059) ;
#8067=VERTEX_POINT('',#8066) ;
#8074=VERTEX_POINT('',#8073) ;
#8119=VERTEX_POINT('',#8118) ;
#8121=VERTEX_POINT('',#8120) ;
#8128=VERTEX_POINT('',#8127) ;
#8135=VERTEX_POINT('',#8134) ;
#8142=VERTEX_POINT('',#8141) ;
#8194=VERTEX_POINT('',#8193) ;
#8196=VERTEX_POINT('',#8195) ;
#8203=VERTEX_POINT('',#8202) ;
#8210=VERTEX_POINT('',#8209) ;
#8222=VERTEX_POINT('',#8221) ;
#8229=VERTEX_POINT('',#8228) ;
#8236=VERTEX_POINT('',#8235) ;
#8243=VERTEX_POINT('',#8242) ;
#8250=VERTEX_POINT('',#8249) ;
#8257=VERTEX_POINT('',#8256) ;
#8288=VERTEX_POINT('',#8287) ;
#8295=VERTEX_POINT('',#8294) ;
#8303=VERTEX_POINT('',#8302) ;
#8310=VERTEX_POINT('',#8309) ;
#8316=VERTEX_POINT('',#8315) ;
#8369=VERTEX_POINT('',#8368) ;
#8375=VERTEX_POINT('',#8374) ;
#8382=VERTEX_POINT('',#8381) ;
#8390=VERTEX_POINT('',#8389) ;
#8397=VERTEX_POINT('',#8396) ;
#8424=VERTEX_POINT('',#8423) ;
#8440=VERTEX_POINT('',#8439) ;
#8465=VERTEX_POINT('',#8464) ;
#8488=VERTEX_POINT('',#8487) ;
#8516=VERTEX_POINT('',#8515) ;
#8518=VERTEX_POINT('',#8517) ;
#8593=VERTEX_POINT('',#8592) ;
#8600=VERTEX_POINT('',#8599) ;
#8621=VERTEX_POINT('',#8620) ;
#8644=VERTEX_POINT('',#8643) ;
#8675=VERTEX_POINT('',#8674) ;
#8717=VERTEX_POINT('',#8716) ;
#8801=VERTEX_POINT('',#8800) ;
#8803=VERTEX_POINT('',#8802) ;
#8811=VERTEX_POINT('',#8810) ;
#8818=VERTEX_POINT('',#8817) ;
#8824=VERTEX_POINT('',#8823) ;
#8830=VERTEX_POINT('',#8829) ;
#8885=VERTEX_POINT('',#8884) ;
#8887=VERTEX_POINT('',#8886) ;
#8894=VERTEX_POINT('',#8893) ;
#8905=VERTEX_POINT('',#8904) ;
#8911=VERTEX_POINT('',#8910) ;
#8917=VERTEX_POINT('',#8916) ;
#8941=VERTEX_POINT('',#8940) ;
#8943=VERTEX_POINT('',#8942) ;
#8950=VERTEX_POINT('',#8949) ;
#8957=VERTEX_POINT('',#8956) ;
#8964=VERTEX_POINT('',#8963) ;
#8971=VERTEX_POINT('',#8970) ;
#8983=VERTEX_POINT('',#8982) ;
#8990=VERTEX_POINT('',#8989) ;
#9021=VERTEX_POINT('',#9020) ;
#9037=VERTEX_POINT('',#9036) ;
#9057=VERTEX_POINT('',#9056) ;
#9080=VERTEX_POINT('',#9079) ;
#9082=VERTEX_POINT('',#9081) ;
#9101=VERTEX_POINT('',#9100) ;
#9108=VERTEX_POINT('',#9107) ;
#9148=VERTEX_POINT('',#9147) ;
#9168=VERTEX_POINT('',#9167) ;
#9170=VERTEX_POINT('',#9169) ;
#9186=VERTEX_POINT('',#9185) ;
#9212=VERTEX_POINT('',#9211) ;
#9462=VERTEX_POINT('',#9461) ;
#9464=VERTEX_POINT('',#9463) ;
#9499=VERTEX_POINT('',#9498) ;
#9523=VERTEX_POINT('',#9522) ;
#9547=VERTEX_POINT('',#9546) ;
#9554=VERTEX_POINT('',#9553) ;
#9595=VERTEX_POINT('',#9594) ;
#9602=VERTEX_POINT('',#9601) ;
#9643=VERTEX_POINT('',#9642) ;
#9650=VERTEX_POINT('',#9649) ;
#9726=VERTEX_POINT('',#9725) ;
#9768=VERTEX_POINT('',#9767) ;
#9859=VERTEX_POINT('',#9858) ;
#9866=VERTEX_POINT('',#9865) ;
#9907=VERTEX_POINT('',#9906) ;
#9914=VERTEX_POINT('',#9913) ;
#10022=VERTEX_POINT('',#10021) ;
#10029=VERTEX_POINT('',#10028) ;
#10070=VERTEX_POINT('',#10069) ;
#10077=VERTEX_POINT('',#10076) ;
#10271=VERTEX_POINT('',#10270) ;
#10278=VERTEX_POINT('',#10277) ;
#10312=VERTEX_POINT('',#10311) ;
#10336=VERTEX_POINT('',#10335) ;
#10392=VERTEX_POINT('',#10391) ;
#10417=VERTEX_POINT('',#10416) ;
#10464=VERTEX_POINT('',#10463) ;
#10466=VERTEX_POINT('',#10465) ;
#10535=VERTEX_POINT('',#10534) ;
#10537=VERTEX_POINT('',#10536) ;
#10618=VERTEX_POINT('',#10617) ;
#10644=VERTEX_POINT('',#10643) ;
#10670=VERTEX_POINT('',#10669) ;
#10697=VERTEX_POINT('',#10696) ;
#10759=VERTEX_POINT('',#10758) ;
#10783=VERTEX_POINT('',#10782) ;
#10785=VERTEX_POINT('',#10784) ;
#10793=VERTEX_POINT('',#10792) ;
#10804=VERTEX_POINT('',#10803) ;
#10830=VERTEX_POINT('',#10829) ;
#10854=VERTEX_POINT('',#10853) ;
#10856=VERTEX_POINT('',#10855) ;
#10864=VERTEX_POINT('',#10863) ;
#10871=VERTEX_POINT('',#10870) ;
#10900=VERTEX_POINT('',#10899) ;
#10924=VERTEX_POINT('',#10923) ;
#10926=VERTEX_POINT('',#10925) ;
#10934=VERTEX_POINT('',#10933) ;
#10945=VERTEX_POINT('',#10944) ;
#10966=VERTEX_POINT('',#10965) ;
#10990=VERTEX_POINT('',#10989) ;
#10992=VERTEX_POINT('',#10991) ;
#11000=VERTEX_POINT('',#10999) ;
#11007=VERTEX_POINT('',#11006) ;
#11054=VERTEX_POINT('',#11053) ;
#11077=VERTEX_POINT('',#11076) ;
#11079=VERTEX_POINT('',#11078) ;
#11087=VERTEX_POINT('',#11086) ;
#11098=VERTEX_POINT('',#11097) ;
#11124=VERTEX_POINT('',#11123) ;
#11148=VERTEX_POINT('',#11147) ;
#11150=VERTEX_POINT('',#11149) ;
#11158=VERTEX_POINT('',#11157) ;
#11165=VERTEX_POINT('',#11164) ;
#11194=VERTEX_POINT('',#11193) ;
#11218=VERTEX_POINT('',#11217) ;
#11220=VERTEX_POINT('',#11219) ;
#11228=VERTEX_POINT('',#11227) ;
#11239=VERTEX_POINT('',#11238) ;
#11260=VERTEX_POINT('',#11259) ;
#11284=VERTEX_POINT('',#11283) ;
#11286=VERTEX_POINT('',#11285) ;
#11294=VERTEX_POINT('',#11293) ;
#11301=VERTEX_POINT('',#11300) ;
#11378=VERTEX_POINT('',#11377) ;
#11380=VERTEX_POINT('',#11379) ;
#11387=VERTEX_POINT('',#11386) ;
#11417=VERTEX_POINT('',#11416) ;
#11441=VERTEX_POINT('',#11440) ;
#11448=VERTEX_POINT('',#11447) ;
#11473=VERTEX_POINT('',#11472) ;
#11475=VERTEX_POINT('',#11474) ;
#11482=VERTEX_POINT('',#11481) ;
#11494=VERTEX_POINT('',#11493) ;
#11501=VERTEX_POINT('',#11500) ;
#11529=VERTEX_POINT('',#11528) ;
#11536=VERTEX_POINT('',#11535) ;
#11568=VERTEX_POINT('',#11567) ;
#11592=VERTEX_POINT('',#11591) ;
#11599=VERTEX_POINT('',#11598) ;
#11624=VERTEX_POINT('',#11623) ;
#11626=VERTEX_POINT('',#11625) ;
#11633=VERTEX_POINT('',#11632) ;
#11645=VERTEX_POINT('',#11644) ;
#11718=VERTEX_POINT('',#11717) ;
#11725=VERTEX_POINT('',#11724) ;
#11900=VERTEX_POINT('',#11899) ;
#11924=VERTEX_POINT('',#11923) ;
#11943=VERTEX_POINT('',#11942) ;
#11950=VERTEX_POINT('',#11949) ;
#11957=VERTEX_POINT('',#11956) ;
#11964=VERTEX_POINT('',#11963) ;
#11971=VERTEX_POINT('',#11970) ;
#11978=VERTEX_POINT('',#11977) ;
#11985=VERTEX_POINT('',#11984) ;
#11992=VERTEX_POINT('',#11991) ;
#11999=VERTEX_POINT('',#11998) ;
#12006=VERTEX_POINT('',#12005) ;
#12013=VERTEX_POINT('',#12012) ;
#12035=VERTEX_POINT('',#12034) ;
#12042=VERTEX_POINT('',#12041) ;
#12145=VERTEX_POINT('',#12144) ;
#12181=VERTEX_POINT('',#12180) ;
#12206=VERTEX_POINT('',#12205) ;
#12248=VERTEX_POINT('',#12247) ;
#12250=VERTEX_POINT('',#12249) ;
#12309=VERTEX_POINT('',#12308) ;
#12311=VERTEX_POINT('',#12310) ;
#12580=VERTEX_POINT('',#12579) ;
#12604=VERTEX_POINT('',#12603) ;
#12909=VERTEX_POINT('',#12908) ;
#12916=VERTEX_POINT('',#12915) ;
#13004=VERTEX_POINT('',#13003) ;
#13031=VERTEX_POINT('',#13030) ;
#13158=VERTEX_POINT('',#13157) ;
#13165=VERTEX_POINT('',#13164) ;
#13189=VERTEX_POINT('',#13188) ;
#13213=VERTEX_POINT('',#13212) ;
#13237=VERTEX_POINT('',#13236) ;
#13244=VERTEX_POINT('',#13243) ;
#13316=VERTEX_POINT('',#13315) ;
#13323=VERTEX_POINT('',#13322) ;
#13347=VERTEX_POINT('',#13346) ;
#13371=VERTEX_POINT('',#13370) ;
#13395=VERTEX_POINT('',#13394) ;
#13402=VERTEX_POINT('',#13401) ;
#13409=VERTEX_POINT('',#13408) ;
#13416=VERTEX_POINT('',#13415) ;
#13423=VERTEX_POINT('',#13422) ;
#13430=VERTEX_POINT('',#13429) ;
#13437=VERTEX_POINT('',#13436) ;
#13444=VERTEX_POINT('',#13443) ;
#13451=VERTEX_POINT('',#13450) ;
#13649=VERTEX_POINT('',#13648) ;
#13656=VERTEX_POINT('',#13655) ;
#13680=VERTEX_POINT('',#13679) ;
#13704=VERTEX_POINT('',#13703) ;
#13723=VERTEX_POINT('',#13722) ;
#13730=VERTEX_POINT('',#13729) ;
#13737=VERTEX_POINT('',#13736) ;
#13744=VERTEX_POINT('',#13743) ;
#13751=VERTEX_POINT('',#13750) ;
#13758=VERTEX_POINT('',#13757) ;
#13765=VERTEX_POINT('',#13764) ;
#13772=VERTEX_POINT('',#13771) ;
#13779=VERTEX_POINT('',#13778) ;
#13786=VERTEX_POINT('',#13785) ;
#13793=VERTEX_POINT('',#13792) ;
#13800=VERTEX_POINT('',#13799) ;
#13807=VERTEX_POINT('',#13806) ;
#13814=VERTEX_POINT('',#13813) ;
#13821=VERTEX_POINT('',#13820) ;
#13828=VERTEX_POINT('',#13827) ;
#13835=VERTEX_POINT('',#13834) ;
#13842=VERTEX_POINT('',#13841) ;
#13849=VERTEX_POINT('',#13848) ;
#13856=VERTEX_POINT('',#13855) ;
#13863=VERTEX_POINT('',#13862) ;
#13870=VERTEX_POINT('',#13869) ;
#13877=VERTEX_POINT('',#13876) ;
#13884=VERTEX_POINT('',#13883) ;
#13891=VERTEX_POINT('',#13890) ;
#13898=VERTEX_POINT('',#13897) ;
#13905=VERTEX_POINT('',#13904) ;
#13912=VERTEX_POINT('',#13911) ;
#13919=VERTEX_POINT('',#13918) ;
#13926=VERTEX_POINT('',#13925) ;
#13933=VERTEX_POINT('',#13932) ;
#13940=VERTEX_POINT('',#13939) ;
#13947=VERTEX_POINT('',#13946) ;
#41=(LENGTH_UNIT()NAMED_UNIT(*)SI_UNIT(.MILLI.,.METRE.)) ;
#42=(NAMED_UNIT(*)PLANE_ANGLE_UNIT()SI_UNIT($,.RADIAN.)) ;
#43=(NAMED_UNIT(*)SI_UNIT($,.STERADIAN.)SOLID_ANGLE_UNIT()) ;
#45=(GEOMETRIC_REPRESENTATION_CONTEXT(3)GLOBAL_UNCERTAINTY_ASSIGNED_CONTEXT((#44))GLOBAL_UNIT_ASSIGNED_CONTEXT((#41,#42,#43))REPRESENTATION_CONTEXT(' ',' ')) ;
ENDSEC;
END-ISO-10303-21;
